O_CITY,O_STATE,D_CITY,D_STATE,SCHEDULED_DEPARTURE,DEPARTURE_TIME,DEPARTURE_DELAY,TAXI_OUT,WHEELS_OFF,SCHEDULED_TIME,ELAPSED_TIME,AIR_TIME,DISTANCE,WHEELS_ON,TAXI_IN,SCHEDULED_ARRIVAL,ARRIVAL_TIME,ARRIVAL_DELAY,DIVERTED,CANCELLED,AIR_SYSTEM_DELAY,SECURITY_DELAY,WEATHER_DELAY,DATE,AIRLINE_NAME
Chicago,IL,Omaha,NE,1655,1706.0,11.0,8.0,1714.0,80,72.0,60.0,423,1814.0,4.0,1815,1818.0,3.0,0,0,,,,2015-9-6,Southwest Airlines Co.
Ontario,CA,Salt Lake City,UT,1630,1625.0,-5.0,14.0,1639.0,108,100.0,81.0,558,1900.0,5.0,1918,1905.0,-13.0,0,0,,,,2015-2-23,Skywest Airlines Inc.
Charlotte Amalie,VI,Atlanta,GA,1510,1526.0,16.0,11.0,1537.0,250,247.0,230.0,1599,1827.0,6.0,1820,1833.0,13.0,0,0,,,,2015-1-16,Delta Air Lines Inc.
Salt Lake City,UT,Oakland,CA,1505,1505.0,0.0,14.0,1519.0,119,102.0,82.0,588,1541.0,6.0,1604,1547.0,-17.0,0,0,,,,2015-12-1,Delta Air Lines Inc.
Fargo,ND,Denver,CO,1712,1805.0,53.0,11.0,1816.0,123,125.0,95.0,627,1851.0,19.0,1815,1910.0,55.0,0,0,2.0,0.0,0.0,2015-2-4,Skywest Airlines Inc.
Dallas-Fort Worth,TX,Philadelphia,PA,1950,1945.0,-5.0,19.0,2004.0,176,180.0,154.0,1303,2338.0,7.0,2346,2345.0,-1.0,0,0,,,,2015-2-9,American Airlines Inc.
Indianapolis,IN,Chicago,IL,750,745.0,-5.0,8.0,753.0,69,50.0,39.0,177,732.0,3.0,759,735.0,-24.0,0,0,,,,2015-4-10,United Air Lines Inc.
Harrisburg,PA,Atlanta,GA,1800,1758.0,-2.0,16.0,1814.0,132,117.0,93.0,620,1947.0,8.0,2012,1955.0,-17.0,0,0,,,,2015-12-9,Delta Air Lines Inc.
Boston,MA,Atlanta,GA,1100,1056.0,-4.0,27.0,1123.0,174,175.0,136.0,946,1339.0,12.0,1354,1351.0,-3.0,0,0,,,,2015-9-7,Delta Air Lines Inc.
Boston,MA,Indianapolis,IN,1925,2128.0,123.0,12.0,2140.0,175,168.0,148.0,818,8.0,8.0,2220,16.0,116.0,0,0,0.0,0.0,0.0,2015-12-30,Southwest Airlines Co.
Omaha,NE,Seattle,WA,1615,1803.0,108.0,9.0,1812.0,213,211.0,195.0,1368,1927.0,7.0,1748,1934.0,106.0,0,0,0.0,0.0,0.0,2015-4-13,Skywest Airlines Inc.
Las Vegas,NV,San Francisco,CA,725,724.0,-1.0,11.0,735.0,100,81.0,65.0,414,840.0,5.0,905,845.0,-20.0,0,0,,,,2015-11-22,Southwest Airlines Co.
San Francisco,CA,Eugene,OR,1315,1346.0,31.0,17.0,1403.0,98,82.0,59.0,451,1502.0,6.0,1453,1508.0,15.0,0,0,0.0,0.0,0.0,2015-4-29,Skywest Airlines Inc.
Dallas-Fort Worth,TX,San Juan,PR,715,706.0,-9.0,11.0,717.0,300,301.0,265.0,2165,1242.0,25.0,1315,1307.0,-8.0,0,0,,,,2015-6-22,American Airlines Inc.
Chicago,IL,Detroit,MI,2150,2200.0,10.0,30.0,2230.0,65,73.0,38.0,228,8.0,5.0,2355,13.0,18.0,0,0,8.0,0.0,0.0,2015-9-15,Southwest Airlines Co.
Detroit,MI,San Francisco,CA,1739,1752.0,13.0,10.0,1802.0,305,287.0,267.0,2079,1929.0,10.0,1944,1939.0,-5.0,0,0,,,,2015-5-5,Delta Air Lines Inc.
Miami,FL,Philadelphia,PA,1400,1408.0,8.0,16.0,1424.0,168,162.0,140.0,1013,1644.0,6.0,1648,1650.0,2.0,0,0,,,,2015-7-18,American Airlines Inc.
Newark,NJ,Ft. Lauderdale,FL,1905,,,,,186,,,1065,,,2211,,,0,1,,,,2015-1-26,United Air Lines Inc.
Detroit,MI,Newark,NJ,1141,1142.0,1.0,14.0,1156.0,110,89.0,67.0,488,1303.0,8.0,1331,1311.0,-20.0,0,0,,,,2015-1-23,Atlantic Southeast Airlines
Idaho Falls,ID,Salt Lake City,UT,1815,1810.0,-5.0,12.0,1822.0,57,58.0,36.0,188,1858.0,10.0,1912,1908.0,-4.0,0,0,,,,2015-4-1,Skywest Airlines Inc.
Midland,TX,Dallas,TX,600,557.0,-3.0,9.0,606.0,70,67.0,51.0,319,657.0,7.0,710,704.0,-6.0,0,0,,,,2015-1-12,Southwest Airlines Co.
Chicago,IL,Denver,CO,1924,1929.0,5.0,25.0,1954.0,165,165.0,131.0,888,2105.0,9.0,2109,2114.0,5.0,0,0,,,,2015-4-1,United Air Lines Inc.
Dallas-Fort Worth,TX,Austin,TX,1659,1658.0,-1.0,24.0,1722.0,61,63.0,32.0,190,1754.0,7.0,1800,1801.0,1.0,0,0,,,,2015-7-30,American Airlines Inc.
Arlington,VA,Houston,TX,1358,1349.0,-9.0,17.0,1406.0,215,203.0,170.0,1208,1556.0,16.0,1633,1612.0,-21.0,0,0,,,,2015-12-7,United Air Lines Inc.
Grand Rapids,MI,Detroit,MI,1730,1721.0,-9.0,9.0,1730.0,55,54.0,35.0,120,1805.0,10.0,1825,1815.0,-10.0,0,0,,,,2015-9-30,Delta Air Lines Inc.
Los Angeles,CA,Nashville,TN,1145,1149.0,4.0,17.0,1206.0,231,225.0,202.0,1797,1728.0,6.0,1736,1734.0,-2.0,0,0,,,,2015-3-5,American Airlines Inc.
Los Angeles,CA,San Francisco,CA,1630,1624.0,-6.0,23.0,1647.0,89,90.0,62.0,337,1749.0,5.0,1759,1754.0,-5.0,0,0,,,,2015-2-12,United Air Lines Inc.
Los Angeles,CA,Atlanta,GA,54,53.0,-1.0,14.0,107.0,261,252.0,233.0,1947,800.0,5.0,815,805.0,-10.0,0,0,,,,2015-7-5,Delta Air Lines Inc.
Chantilly,VA,San Francisco,CA,1400,1442.0,42.0,65.0,1547.0,365,393.0,322.0,2419,1809.0,6.0,1705,1815.0,70.0,0,0,28.0,0.0,42.0,2015-3-5,United Air Lines Inc.
San Antonio,TX,Houston,TX,1715,1712.0,-3.0,16.0,1728.0,65,69.0,44.0,191,1812.0,9.0,1820,1821.0,1.0,0,0,,,,2015-3-10,Atlantic Southeast Airlines
Detroit,MI,Las Vegas,NV,2020,2014.0,-6.0,19.0,2033.0,279,264.0,239.0,1749,2132.0,6.0,2159,2138.0,-21.0,0,0,,,,2015-11-6,Delta Air Lines Inc.
Las Vegas,NV,Burbank,CA,1055,1056.0,1.0,13.0,1109.0,65,61.0,45.0,223,1154.0,3.0,1200,1157.0,-3.0,0,0,,,,2015-5-12,Southwest Airlines Co.
Allentown,PA,Atlanta,GA,645,641.0,-4.0,11.0,652.0,120,119.0,101.0,692,833.0,7.0,845,840.0,-5.0,0,0,,,,2015-6-27,Delta Air Lines Inc.
Minneapolis,MN,Buffalo,NY,1340,1339.0,-1.0,14.0,1353.0,120,119.0,100.0,735,1633.0,5.0,1640,1638.0,-2.0,0,0,,,,2015-8-13,Atlantic Southeast Airlines
Los Angeles,CA,Las Vegas,NV,1350,1348.0,-2.0,16.0,1404.0,75,74.0,50.0,236,1454.0,8.0,1505,1502.0,-3.0,0,0,,,,2015-7-2,American Airlines Inc.
Chantilly,VA,Denver,CO,1525,1602.0,37.0,10.0,1612.0,245,244.0,226.0,1452,1758.0,8.0,1730,1806.0,36.0,0,0,0.0,0.0,0.0,2015-4-5,Southwest Airlines Co.
Ft. Lauderdale,FL,Raleigh,NC,1645,1804.0,79.0,22.0,1826.0,125,130.0,105.0,680,2011.0,3.0,1850,2014.0,84.0,0,0,5.0,0.0,0.0,2015-4-10,Southwest Airlines Co.
Kansas City,MO,Denver,CO,2025,2018.0,-7.0,7.0,2025.0,110,118.0,102.0,533,2107.0,9.0,2115,2116.0,1.0,0,0,,,,2015-4-3,Southwest Airlines Co.
San Diego,CA,San Francisco,CA,705,655.0,-10.0,28.0,723.0,103,99.0,67.0,447,830.0,4.0,848,834.0,-14.0,0,0,,,,2015-5-21,United Air Lines Inc.
Tulsa,OK,Chicago,IL,550,553.0,3.0,17.0,610.0,111,102.0,76.0,585,726.0,9.0,741,735.0,-6.0,0,0,,,,2015-1-3,Skywest Airlines Inc.
Chicago,IL,Albany,NY,1319,1320.0,1.0,11.0,1331.0,116,102.0,89.0,723,1600.0,2.0,1615,1602.0,-13.0,0,0,,,,2015-3-22,United Air Lines Inc.
Denver,CO,Las Vegas,NV,1535,1619.0,44.0,46.0,1705.0,115,170.0,101.0,628,1746.0,23.0,1630,1809.0,99.0,0,0,55.0,0.0,0.0,2015-8-31,Southwest Airlines Co.
Atlanta,GA,Portland,ME,2051,2054.0,3.0,13.0,2107.0,163,145.0,127.0,1027,2314.0,5.0,2334,2319.0,-15.0,0,0,,,,2015-8-28,Delta Air Lines Inc.
Salt Lake City,UT,Idaho Falls,ID,2202,2157.0,-5.0,21.0,2218.0,65,59.0,34.0,188,2252.0,4.0,2307,2256.0,-11.0,0,0,,,,2015-11-18,Skywest Airlines Inc.
Newark,NJ,Louisville,KY,1000,958.0,-2.0,12.0,1010.0,136,114.0,96.0,642,1146.0,6.0,1216,1152.0,-24.0,0,0,,,,2015-6-10,Atlantic Southeast Airlines
Atlanta,GA,New York,NY,1920,2042.0,82.0,13.0,2055.0,125,125.0,106.0,762,2241.0,6.0,2125,2247.0,82.0,0,0,0.0,0.0,0.0,2015-3-30,Southwest Airlines Co.
Boston,MA,Chicago,IL,1658,1816.0,78.0,24.0,1840.0,177,210.0,145.0,867,2005.0,41.0,1855,2046.0,111.0,0,0,33.0,0.0,0.0,2015-2-3,American Airlines Inc.
Houston,TX,Santa Ana,CA,915,941.0,26.0,12.0,953.0,217,184.0,169.0,1346,1042.0,3.0,1052,1045.0,-7.0,0,0,,,,2015-12-8,United Air Lines Inc.
Newark,NJ,Ft. Myers,FL,2100,2103.0,3.0,17.0,2120.0,189,159.0,137.0,1068,2337.0,5.0,9,2342.0,-27.0,0,0,,,,2015-5-22,United Air Lines Inc.
Denver,CO,Durango,CO,755,745.0,-10.0,31.0,816.0,67,88.0,54.0,251,910.0,3.0,902,913.0,11.0,0,0,,,,2015-4-3,Atlantic Southeast Airlines
Pittsburgh,PA,Atlanta,GA,1636,1649.0,13.0,14.0,1703.0,114,106.0,83.0,526,1826.0,9.0,1830,1835.0,5.0,0,0,,,,2015-9-25,Delta Air Lines Inc.
Little Rock,AR,Chicago,IL,1118,1118.0,0.0,14.0,1132.0,112,105.0,80.0,552,1252.0,11.0,1310,1303.0,-7.0,0,0,,,,2015-5-28,Atlantic Southeast Airlines
Indianapolis,IN,Minneapolis,MN,725,731.0,6.0,14.0,745.0,106,101.0,82.0,503,807.0,5.0,811,812.0,1.0,0,0,,,,2015-6-10,Delta Air Lines Inc.
Chicago,IL,Nashville,TN,2130,2330.0,120.0,24.0,2354.0,80,128.0,97.0,395,131.0,7.0,2250,138.0,168.0,0,0,48.0,0.0,0.0,2015-6-10,Southwest Airlines Co.
Chicago,IL,St Louis,MO,555,553.0,-2.0,8.0,601.0,75,56.0,44.0,251,645.0,4.0,710,649.0,-21.0,0,0,,,,2015-1-29,Southwest Airlines Co.
Houston,TX,Lubbock,TX,1436,1429.0,-7.0,20.0,1449.0,94,96.0,71.0,458,1600.0,5.0,1610,1605.0,-5.0,0,0,,,,2015-7-16,Atlantic Southeast Airlines
Atlanta,GA,New Orleans,LA,1650,1728.0,38.0,16.0,1744.0,99,98.0,75.0,425,1759.0,7.0,1729,1806.0,37.0,0,0,0.0,0.0,0.0,2015-12-2,Delta Air Lines Inc.
Miami,FL,San Juan,PR,700,710.0,10.0,16.0,726.0,151,139.0,119.0,1045,925.0,4.0,931,929.0,-2.0,0,0,,,,2015-4-12,American Airlines Inc.
Atlanta,GA,Raleigh,NC,2220,2216.0,-4.0,18.0,2234.0,84,76.0,54.0,356,2328.0,4.0,2344,2332.0,-12.0,0,0,,,,2015-3-14,Delta Air Lines Inc.
Atlanta,GA,Louisville,KY,1340,1336.0,-4.0,10.0,1346.0,82,74.0,58.0,321,1444.0,6.0,1502,1450.0,-12.0,0,0,,,,2015-2-1,Delta Air Lines Inc.
Houston,TX,San Antonio,TX,2101,2128.0,27.0,16.0,2144.0,59,52.0,33.0,191,2217.0,3.0,2200,2220.0,20.0,0,0,0.0,0.0,0.0,2015-6-29,United Air Lines Inc.
Chicago,IL,Norfolk,VA,955,955.0,0.0,11.0,1006.0,130,120.0,104.0,717,1250.0,5.0,1305,1255.0,-10.0,0,0,,,,2015-4-17,Atlantic Southeast Airlines
Mobile,AL,Atlanta,GA,900,855.0,-5.0,10.0,905.0,73,63.0,46.0,302,1051.0,7.0,1113,1058.0,-15.0,0,0,,,,2015-4-22,Atlantic Southeast Airlines
Chicago,IL,Portland,ME,1347,1413.0,26.0,39.0,1452.0,145,165.0,120.0,900,1752.0,6.0,1712,1758.0,46.0,0,0,20.0,0.0,0.0,2015-8-16,Atlantic Southeast Airlines
Denver,CO,New York,NY,1546,1550.0,4.0,9.0,1559.0,214,198.0,182.0,1620,2101.0,7.0,2120,2108.0,-12.0,0,0,,,,2015-1-17,United Air Lines Inc.
Atlanta,GA,Columbus,OH,1620,1725.0,65.0,14.0,1739.0,101,88.0,71.0,447,1850.0,3.0,1801,1853.0,52.0,0,0,0.0,0.0,0.0,2015-8-4,Delta Air Lines Inc.
Portland,OR,Kansas City,MO,835,832.0,-3.0,10.0,842.0,195,176.0,162.0,1482,1324.0,4.0,1350,1328.0,-22.0,0,0,,,,2015-1-5,Southwest Airlines Co.
Atlanta,GA,Columbus,OH,1000,959.0,-1.0,22.0,1021.0,96,91.0,64.0,447,1125.0,5.0,1136,1130.0,-6.0,0,0,,,,2015-7-10,Delta Air Lines Inc.
New York,NY,Chicago,IL,1800,1913.0,73.0,36.0,1949.0,169,149.0,110.0,733,2039.0,3.0,1949,2042.0,53.0,0,0,0.0,0.0,0.0,2015-12-18,United Air Lines Inc.
Augusta,GA,Atlanta,GA,635,635.0,0.0,16.0,651.0,58,55.0,32.0,143,723.0,7.0,733,730.0,-3.0,0,0,,,,2015-9-1,Delta Air Lines Inc.
Chantilly,VA,Orlando,FL,1231,1230.0,-1.0,,,144,,,758,,,1455,,,0,1,,,,2015-4-6,United Air Lines Inc.
New York,NY,Jackson,WY,810,810.0,0.0,24.0,834.0,305,308.0,279.0,1894,1113.0,5.0,1115,1118.0,3.0,0,0,,,,2015-12-26,Delta Air Lines Inc.
Milwaukee,WI,Chicago,IL,1525,1520.0,-5.0,13.0,1533.0,55,49.0,22.0,67,1555.0,14.0,1620,1609.0,-11.0,0,0,,,,2015-9-26,Skywest Airlines Inc.
New York,NY,Miami,FL,1535,1840.0,185.0,33.0,1913.0,207,202.0,165.0,1089,2158.0,4.0,1902,2202.0,180.0,0,0,0.0,0.0,0.0,2015-4-10,Delta Air Lines Inc.
Denver,CO,New York,NY,35,30.0,-5.0,13.0,43.0,234,210.0,188.0,1626,551.0,9.0,629,600.0,-29.0,0,0,,,,2015-7-10,Delta Air Lines Inc.
Atlanta,GA,Knoxville,TN,2215,2215.0,0.0,23.0,2238.0,54,57.0,31.0,152,2309.0,3.0,2309,2312.0,3.0,0,0,,,,2015-8-24,Delta Air Lines Inc.
Atlanta,GA,Oklahoma City,OK,1029,1029.0,0.0,21.0,1050.0,144,133.0,109.0,761,1139.0,3.0,1153,1142.0,-11.0,0,0,,,,2015-2-12,Delta Air Lines Inc.
Miami,FL,Boston,MA,1405,1357.0,-8.0,16.0,1413.0,188,184.0,160.0,1258,1653.0,8.0,1713,1701.0,-12.0,0,0,,,,2015-11-15,American Airlines Inc.
Denver,CO,Detroit,MI,1020,1028.0,8.0,13.0,1041.0,170,155.0,135.0,1123,1456.0,7.0,1510,1503.0,-7.0,0,0,,,,2015-2-24,Southwest Airlines Co.
Phoenix,AZ,Palm Springs,CA,1630,1627.0,-3.0,13.0,1640.0,65,66.0,46.0,261,1726.0,7.0,1735,1733.0,-2.0,0,0,,,,2015-5-22,Skywest Airlines Inc.
Chicago,IL,Greer,SC,703,654.0,-9.0,14.0,708.0,106,98.0,80.0,578,928.0,4.0,949,932.0,-17.0,0,0,,,,2015-3-12,Atlantic Southeast Airlines
Honolulu,HI,Dallas-Fort Worth,TX,1740,1733.0,-7.0,14.0,1747.0,459,417.0,399.0,3784,526.0,4.0,619,530.0,-49.0,0,0,,,,2015-8-6,American Airlines Inc.
Denver,CO,Dallas-Fort Worth,TX,1915,2114.0,119.0,13.0,2127.0,117,120.0,90.0,641,2357.0,17.0,2212,14.0,122.0,0,0,3.0,0.0,0.0,2015-12-27,American Airlines Inc.
Los Angeles,CA,Austin,TX,1850,1844.0,-6.0,12.0,1856.0,170,156.0,133.0,1242,2309.0,11.0,2340,2320.0,-20.0,0,0,,,,2015-11-9,American Airlines Inc.
New York,NY,Cleveland,OH,1300,1304.0,4.0,39.0,1343.0,108,126.0,80.0,419,1503.0,7.0,1448,1510.0,22.0,0,0,18.0,0.0,0.0,2015-11-12,Atlantic Southeast Airlines
Atlanta,GA,New Orleans,LA,1555,1553.0,-2.0,13.0,1606.0,99,77.0,59.0,425,1605.0,5.0,1634,1610.0,-24.0,0,0,,,,2015-6-16,Delta Air Lines Inc.
Boston,MA,Newark,NJ,855,853.0,-2.0,14.0,907.0,83,70.0,49.0,200,956.0,7.0,1018,1003.0,-15.0,0,0,,,,2015-12-8,United Air Lines Inc.
Orlando,FL,Los Angeles,CA,1757,1800.0,3.0,13.0,1813.0,334,339.0,297.0,2218,2010.0,29.0,2031,2039.0,8.0,0,0,,,,2015-2-8,United Air Lines Inc.
Santa Ana,CA,Newark,NJ,700,700.0,0.0,18.0,718.0,333,316.0,290.0,2434,1508.0,8.0,1533,1516.0,-17.0,0,0,,,,2015-9-25,United Air Lines Inc.
Nashville,TN,Charleston,SC,1835,1829.0,-6.0,10.0,1839.0,80,71.0,56.0,439,2035.0,5.0,2055,2040.0,-15.0,0,0,,,,2015-3-31,Southwest Airlines Co.
Houston,TX,Dallas,TX,1600,1610.0,10.0,9.0,1619.0,60,52.0,39.0,239,1658.0,4.0,1700,1702.0,2.0,0,0,,,,2015-12-22,Southwest Airlines Co.
Baton Rouge,LA,Dallas-Fort Worth,TX,955,942.0,-13.0,12.0,954.0,95,90.0,64.0,383,1058.0,14.0,1130,1112.0,-18.0,0,0,,,,2015-9-13,Atlantic Southeast Airlines
Denver,CO,Tucson,AZ,1510,1555.0,45.0,16.0,1611.0,124,116.0,95.0,639,1746.0,5.0,1714,1751.0,37.0,0,0,0.0,0.0,0.0,2015-1-12,Skywest Airlines Inc.
Philadelphia,PA,Dallas-Fort Worth,TX,1340,1338.0,-2.0,29.0,1407.0,222,217.0,184.0,1303,1611.0,4.0,1622,1615.0,-7.0,0,0,,,,2015-5-11,American Airlines Inc.
Chicago,IL,Omaha,NE,1552,1548.0,-4.0,15.0,1603.0,94,84.0,65.0,416,1708.0,4.0,1726,1712.0,-14.0,0,0,,,,2015-9-11,United Air Lines Inc.
Jacksonville,FL,Nashville,TN,850,847.0,-3.0,12.0,859.0,95,93.0,77.0,483,916.0,4.0,925,920.0,-5.0,0,0,,,,2015-1-14,Southwest Airlines Co.
Phoenix,AZ,Boise,ID,1255,1323.0,28.0,10.0,1333.0,125,116.0,101.0,735,1614.0,5.0,1600,1619.0,19.0,0,0,0.0,0.0,0.0,2015-9-15,Southwest Airlines Co.
Denver,CO,Los Angeles,CA,1726,1734.0,8.0,11.0,1745.0,154,164.0,119.0,862,1844.0,34.0,1900,1918.0,18.0,0,0,10.0,0.0,0.0,2015-3-11,United Air Lines Inc.
Seattle,WA,Santa Barbara,CA,1450,1443.0,-7.0,15.0,1458.0,140,135.0,114.0,908,1652.0,6.0,1710,1658.0,-12.0,0,0,,,,2015-4-23,Skywest Airlines Inc.
Atlanta,GA,Dallas-Fort Worth,TX,1355,1349.0,-6.0,24.0,1413.0,145,,,731,1933.0,6.0,1520,1939.0,,1,0,,,,2015-5-25,Delta Air Lines Inc.
Detroit,MI,Phoenix,AZ,835,836.0,1.0,19.0,855.0,279,263.0,240.0,1671,1055.0,4.0,1114,1059.0,-15.0,0,0,,,,2015-1-4,Delta Air Lines Inc.
Chicago,IL,Minneapolis,MN,1551,1546.0,-5.0,17.0,1603.0,94,104.0,61.0,334,1704.0,26.0,1725,1730.0,5.0,0,0,,,,2015-4-8,United Air Lines Inc.
Houston,TX,Birmingham,AL,1005,1013.0,8.0,8.0,1021.0,90,78.0,67.0,570,1128.0,3.0,1135,1131.0,-4.0,0,0,,,,2015-2-26,Southwest Airlines Co.
Chicago,IL,San Antonio,TX,1530,1722.0,112.0,27.0,1749.0,184,172.0,138.0,1041,2007.0,7.0,1834,2014.0,100.0,0,0,0.0,0.0,0.0,2015-3-11,Skywest Airlines Inc.
Phoenix,AZ,Austin,TX,815,808.0,-7.0,13.0,821.0,125,117.0,100.0,872,1101.0,4.0,1120,1105.0,-15.0,0,0,,,,2015-11-20,Southwest Airlines Co.
Indianapolis,IN,Atlanta,GA,1625,1620.0,-5.0,9.0,1629.0,100,80.0,62.0,432,1731.0,9.0,1805,1740.0,-25.0,0,0,,,,2015-2-12,Southwest Airlines Co.
Austin,TX,Dallas-Fort Worth,TX,2150,2203.0,13.0,16.0,2219.0,68,62.0,35.0,190,2254.0,11.0,2258,2305.0,7.0,0,0,,,,2015-11-28,American Airlines Inc.
Tucson,AZ,Los Angeles,CA,530,528.0,-2.0,10.0,538.0,90,85.0,69.0,451,647.0,6.0,700,653.0,-7.0,0,0,,,,2015-5-20,Southwest Airlines Co.
Orlando,FL,Las Vegas,NV,1745,1741.0,-4.0,15.0,1756.0,305,310.0,289.0,2039,1945.0,6.0,1950,1951.0,1.0,0,0,,,,2015-4-25,Southwest Airlines Co.
Chicago,IL,San Diego,CA,1225,1232.0,7.0,10.0,1242.0,255,252.0,239.0,1728,1441.0,3.0,1440,1444.0,4.0,0,0,,,,2015-5-14,Southwest Airlines Co.
Atlanta,GA,Bristol,TN,1406,1527.0,81.0,73.0,1640.0,62,115.0,38.0,227,1718.0,4.0,1508,1722.0,134.0,0,0,53.0,0.0,0.0,2015-8-19,Atlantic Southeast Airlines
Tampa,FL,Miami,FL,1000,954.0,-6.0,14.0,1008.0,61,58.0,37.0,204,1045.0,7.0,1101,1052.0,-9.0,0,0,,,,2015-6-3,American Airlines Inc.
San Diego,CA,New York,NY,640,645.0,5.0,16.0,701.0,316,302.0,278.0,2446,1439.0,8.0,1456,1447.0,-9.0,0,0,,,,2015-1-19,Delta Air Lines Inc.
Salt Lake City,UT,Chicago,IL,1208,1202.0,-6.0,17.0,1219.0,186,170.0,142.0,1250,1541.0,11.0,1614,1552.0,-22.0,0,0,,,,2015-3-17,United Air Lines Inc.
Bismarck,ND,Denver,CO,1732,1849.0,77.0,18.0,1907.0,99,101.0,77.0,516,1924.0,6.0,1811,1930.0,79.0,0,0,2.0,0.0,0.0,2015-1-23,Skywest Airlines Inc.
Chicago,IL,Atlanta,GA,1800,1801.0,1.0,14.0,1815.0,123,110.0,87.0,606,2042.0,9.0,2103,2051.0,-12.0,0,0,,,,2015-12-6,Delta Air Lines Inc.
San Diego,CA,Dallas-Fort Worth,TX,915,906.0,-9.0,21.0,927.0,180,186.0,153.0,1171,1400.0,12.0,1415,1412.0,-3.0,0,0,,,,2015-12-8,American Airlines Inc.
Phoenix,AZ,Austin,TX,1015,1008.0,-7.0,32.0,1040.0,130,136.0,99.0,872,1319.0,5.0,1325,1324.0,-1.0,0,0,,,,2015-12-24,Southwest Airlines Co.
Sacramento,CA,Portland,OR,615,613.0,-2.0,8.0,621.0,90,74.0,63.0,479,724.0,3.0,745,727.0,-18.0,0,0,,,,2015-4-29,Southwest Airlines Co.
Milwaukee,WI,Denver,CO,840,831.0,-9.0,8.0,839.0,160,144.0,130.0,896,949.0,6.0,1020,955.0,-25.0,0,0,,,,2015-7-2,Skywest Airlines Inc.
Phoenix,AZ,Tulsa,OK,1930,2241.0,191.0,9.0,2250.0,135,130.0,115.0,935,245.0,6.0,2345,251.0,186.0,0,0,0.0,0.0,0.0,2015-8-7,Southwest Airlines Co.
Oakland,CA,Salt Lake City,UT,1641,1631.0,-10.0,13.0,1644.0,104,101.0,82.0,588,1906.0,6.0,1925,1912.0,-13.0,0,0,,,,2015-1-19,Delta Air Lines Inc.
Milwaukee,WI,Dallas-Fort Worth,TX,1830,1851.0,21.0,9.0,1900.0,153,134.0,118.0,853,2058.0,7.0,2103,2105.0,2.0,0,0,,,,2015-7-5,American Airlines Inc.
Minneapolis,MN,Memphis,TN,1345,1341.0,-4.0,29.0,1410.0,127,132.0,96.0,700,1546.0,7.0,1552,1553.0,1.0,0,0,,,,2015-11-19,Skywest Airlines Inc.
Columbus-Starkville-West Point,MS,Atlanta,GA,645,640.0,-5.0,12.0,652.0,70,71.0,49.0,241,841.0,10.0,855,851.0,-4.0,0,0,,,,2015-8-7,Atlantic Southeast Airlines
Oakland,CA,Portland,OR,545,541.0,-4.0,9.0,550.0,105,95.0,83.0,543,713.0,3.0,730,716.0,-14.0,0,0,,,,2015-3-23,Southwest Airlines Co.
Denver,CO,Phoenix,AZ,1150,1145.0,-5.0,10.0,1155.0,115,111.0,95.0,602,1330.0,6.0,1345,1336.0,-9.0,0,0,,,,2015-11-6,Southwest Airlines Co.
Kalispell,MT,Denver,CO,1651,1646.0,-5.0,7.0,1653.0,134,137.0,118.0,752,1851.0,12.0,1905,1903.0,-2.0,0,0,,,,2015-8-25,Skywest Airlines Inc.
San Diego,CA,Chantilly,VA,2225,2222.0,-3.0,13.0,2235.0,283,261.0,242.0,2253,537.0,6.0,608,543.0,-25.0,0,0,,,,2015-11-15,United Air Lines Inc.
Chicago,IL,Atlanta,GA,1245,1252.0,7.0,16.0,1308.0,119,99.0,77.0,606,1525.0,6.0,1544,1531.0,-13.0,0,0,,,,2015-4-23,Delta Air Lines Inc.
Dallas-Fort Worth,TX,Columbia,SC,1825,1847.0,22.0,14.0,1901.0,148,132.0,111.0,922,2152.0,7.0,2153,2159.0,6.0,0,0,,,,2015-3-31,Atlantic Southeast Airlines
Phoenix,AZ,Los Angeles,CA,1617,1615.0,-2.0,16.0,1631.0,93,83.0,54.0,370,1725.0,13.0,1750,1738.0,-12.0,0,0,,,,2015-9-20,Skywest Airlines Inc.
Great Falls,MT,Salt Lake City,UT,1743,1738.0,-5.0,11.0,1749.0,96,81.0,64.0,463,1853.0,6.0,1919,1859.0,-20.0,0,0,,,,2015-12-26,Skywest Airlines Inc.
Boston,MA,Los Angeles,CA,1635,1642.0,7.0,20.0,1702.0,388,367.0,343.0,2611,1945.0,4.0,2003,1949.0,-14.0,0,0,,,,2015-7-27,American Airlines Inc.
San Jose,CA,Burbank,CA,1215,1237.0,22.0,16.0,1253.0,60,64.0,46.0,296,1339.0,2.0,1315,1341.0,26.0,0,0,4.0,0.0,0.0,2015-5-18,Southwest Airlines Co.
Arlington,VA,Tampa,FL,1830,1826.0,-4.0,10.0,1836.0,145,129.0,114.0,814,2030.0,5.0,2055,2035.0,-20.0,0,0,,,,2015-9-11,Southwest Airlines Co.
Los Angeles,CA,San Jose,CA,1238,1300.0,22.0,27.0,1327.0,78,79.0,50.0,308,1417.0,2.0,1356,1419.0,23.0,0,0,23.0,0.0,0.0,2015-11-1,Delta Air Lines Inc.
New York,NY,Atlanta,GA,1730,1730.0,0.0,29.0,1759.0,169,154.0,114.0,762,1953.0,11.0,2019,2004.0,-15.0,0,0,,,,2015-3-31,Delta Air Lines Inc.
Rochester,NY,Baltimore,MD,620,650.0,30.0,8.0,658.0,70,65.0,44.0,277,742.0,13.0,730,755.0,25.0,0,0,0.0,0.0,0.0,2015-7-16,Southwest Airlines Co.
Des Moines,IA,Chicago,IL,2000,1952.0,-8.0,8.0,2000.0,85,77.0,51.0,299,2051.0,18.0,2125,2109.0,-16.0,0,0,,,,2015-8-27,Atlantic Southeast Airlines
West Palm Beach,FL,Chicago,IL,1655,1705.0,10.0,13.0,1718.0,193,167.0,149.0,1144,1847.0,5.0,1908,1852.0,-16.0,0,0,,,,2015-9-24,American Airlines Inc.
Oakland,CA,Portland,OR,1640,1637.0,-3.0,6.0,1643.0,100,100.0,87.0,543,1810.0,7.0,1820,1817.0,-3.0,0,0,,,,2015-2-15,Southwest Airlines Co.
Charlotte,NC,Indianapolis,IN,1310,1309.0,-1.0,17.0,1326.0,99,85.0,62.0,427,1428.0,6.0,1449,1434.0,-15.0,0,0,,,,2015-9-22,American Airlines Inc.
Devils Lake,ND,Jamestown,ND,522,,,,,39,,,83,,,601,,,0,1,,,,2015-8-5,Skywest Airlines Inc.
Jacksonville,FL,Dallas-Fort Worth,TX,1922,1918.0,-4.0,12.0,1930.0,168,150.0,126.0,918,2036.0,12.0,2110,2048.0,-22.0,0,0,,,,2015-9-13,American Airlines Inc.
Baltimore,MD,Providence,RI,2020,2020.0,0.0,17.0,2037.0,70,71.0,46.0,327,2123.0,8.0,2130,2131.0,1.0,0,0,,,,2015-11-1,Southwest Airlines Co.
Chicago,IL,Ft. Myers,FL,840,838.0,-2.0,10.0,848.0,170,158.0,138.0,1105,1206.0,10.0,1230,1216.0,-14.0,0,0,,,,2015-2-21,Southwest Airlines Co.
Salt Lake City,UT,Portland,OR,2015,2030.0,15.0,13.0,2043.0,121,99.0,84.0,630,2107.0,2.0,2116,2109.0,-7.0,0,0,,,,2015-11-3,Delta Air Lines Inc.
San Francisco,CA,Chicago,IL,1731,1731.0,0.0,13.0,1744.0,243,223.0,207.0,1846,2311.0,3.0,2334,2314.0,-20.0,0,0,,,,2015-1-27,American Airlines Inc.
Columbus,OH,Detroit,MI,1916,2026.0,70.0,34.0,2100.0,68,79.0,36.0,155,2136.0,9.0,2024,2145.0,81.0,0,0,11.0,0.0,0.0,2015-6-7,Atlantic Southeast Airlines
Richmond,VA,Detroit,MI,609,638.0,29.0,11.0,649.0,116,93.0,76.0,456,805.0,6.0,805,811.0,6.0,0,0,,,,2015-3-25,Atlantic Southeast Airlines
Denver,CO,Ft. Lauderdale,FL,1540,1541.0,1.0,23.0,1604.0,230,228.0,201.0,1703,2125.0,4.0,2130,2129.0,-1.0,0,0,,,,2015-9-22,Southwest Airlines Co.
Houston,TX,San Francisco,CA,930,929.0,-1.0,13.0,942.0,269,250.0,227.0,1635,1129.0,10.0,1159,1139.0,-20.0,0,0,,,,2015-12-31,United Air Lines Inc.
Houston,TX,Denver,CO,1740,1745.0,5.0,25.0,1810.0,152,155.0,124.0,862,1914.0,6.0,1912,1920.0,8.0,0,0,,,,2015-1-14,United Air Lines Inc.
Chicago,IL,Seattle,WA,1703,1658.0,-5.0,14.0,1712.0,285,256.0,236.0,1721,1908.0,6.0,1948,1914.0,-34.0,0,0,,,,2015-4-11,American Airlines Inc.
Nashville,TN,Chicago,IL,1715,1751.0,36.0,13.0,1804.0,95,102.0,78.0,395,1922.0,11.0,1850,1933.0,43.0,0,0,7.0,0.0,0.0,2015-1-6,Southwest Airlines Co.
Salt Lake City,UT,Baltimore,MD,1700,1718.0,18.0,19.0,1737.0,253,235.0,208.0,1865,2305.0,8.0,2313,2313.0,0.0,0,0,,,,2015-7-12,Delta Air Lines Inc.
Chicago,IL,San Diego,CA,1130,1129.0,-1.0,10.0,1139.0,250,231.0,218.0,1728,1317.0,3.0,1340,1320.0,-20.0,0,0,,,,2015-7-2,Southwest Airlines Co.
San Antonio,TX,Chicago,IL,550,550.0,0.0,13.0,603.0,173,158.0,125.0,1041,808.0,20.0,843,828.0,-15.0,0,0,,,,2015-6-16,United Air Lines Inc.
Houston,TX,Dallas-Fort Worth,TX,1306,1305.0,-1.0,19.0,1324.0,79,73.0,42.0,224,1406.0,12.0,1425,1418.0,-7.0,0,0,,,,2015-6-4,Skywest Airlines Inc.
New York,NY,Phoenix,AZ,955,950.0,-5.0,21.0,1011.0,345,354.0,330.0,2153,1341.0,3.0,1340,1344.0,4.0,0,0,,,,2015-1-2,Delta Air Lines Inc.
Los Angeles,CA,San Francisco,CA,700,700.0,0.0,24.0,724.0,80,81.0,52.0,337,816.0,5.0,820,821.0,1.0,0,0,,,,2015-7-24,Southwest Airlines Co.
Jacksonville,FL,Baltimore,MD,1405,1408.0,3.0,13.0,1421.0,110,107.0,90.0,663,1551.0,4.0,1555,1555.0,0.0,0,0,,,,2015-1-21,Southwest Airlines Co.
Burbank,CA,Sacramento,CA,1840,1841.0,1.0,11.0,1852.0,75,71.0,55.0,358,1947.0,5.0,1955,1952.0,-3.0,0,0,,,,2015-5-3,Southwest Airlines Co.
Atlanta,GA,Chicago,IL,1918,1915.0,-3.0,16.0,1931.0,127,103.0,81.0,591,1952.0,6.0,2025,1958.0,-27.0,0,0,,,,2015-6-17,Delta Air Lines Inc.
Dallas-Fort Worth,TX,West Palm Beach,FL,920,934.0,14.0,15.0,949.0,154,163.0,143.0,1102,1312.0,5.0,1254,1317.0,23.0,0,0,9.0,0.0,0.0,2015-3-10,American Airlines Inc.
Salt Lake City,UT,Seattle,WA,1706,1706.0,0.0,14.0,1720.0,133,114.0,94.0,689,1754.0,6.0,1819,1800.0,-19.0,0,0,,,,2015-1-14,Delta Air Lines Inc.
Atlanta,GA,Charlotte,NC,850,846.0,-4.0,22.0,908.0,85,76.0,45.0,226,953.0,9.0,1015,1002.0,-13.0,0,0,,,,2015-7-9,American Airlines Inc.
Chicago,IL,Sarasota,FL,730,815.0,45.0,14.0,829.0,165,153.0,136.0,1050,1145.0,3.0,1115,1148.0,33.0,0,0,0.0,0.0,0.0,2015-4-2,United Air Lines Inc.
Ft. Lauderdale,FL,Charlotte,NC,1305,1312.0,7.0,16.0,1328.0,120,118.0,96.0,632,1504.0,6.0,1505,1510.0,5.0,0,0,,,,2015-12-29,American Airlines Inc.
Dallas-Fort Worth,TX,Atlanta,GA,1520,1534.0,14.0,19.0,1553.0,136,122.0,97.0,731,1830.0,6.0,1836,1836.0,0.0,0,0,,,,2015-5-21,American Airlines Inc.
Newark,NJ,Chicago,IL,1455,1523.0,28.0,31.0,1554.0,155,147.0,105.0,719,1639.0,11.0,1630,1650.0,20.0,0,0,0.0,0.0,0.0,2015-4-30,United Air Lines Inc.
Atlanta,GA,Detroit,MI,2210,2214.0,4.0,18.0,2232.0,112,111.0,81.0,594,2353.0,12.0,2,5.0,3.0,0,0,,,,2015-6-12,Delta Air Lines Inc.
Windsor Locks,CT,Baltimore,MD,710,704.0,-6.0,9.0,713.0,80,61.0,47.0,283,800.0,5.0,830,805.0,-25.0,0,0,,,,2015-9-1,Southwest Airlines Co.
Detroit,MI,Phoenix,AZ,1640,1642.0,2.0,7.0,1649.0,250,245.0,233.0,1671,1742.0,5.0,1750,1747.0,-3.0,0,0,,,,2015-5-23,Southwest Airlines Co.
Albuquerque,NM,Los Angeles,CA,1040,1038.0,-2.0,5.0,1043.0,120,105.0,95.0,677,1118.0,5.0,1140,1123.0,-17.0,0,0,,,,2015-5-29,Southwest Airlines Co.
Detroit,MI,Covington,KY,1735,1820.0,45.0,30.0,1850.0,76,81.0,44.0,229,1934.0,7.0,1851,1941.0,50.0,0,0,5.0,0.0,0.0,2015-12-30,Skywest Airlines Inc.
Las Vegas,NV,Portland,OR,735,729.0,-6.0,13.0,742.0,145,123.0,106.0,763,928.0,4.0,1000,932.0,-28.0,0,0,,,,2015-12-18,Southwest Airlines Co.
Newark,NJ,Dallas-Fort Worth,TX,500,1014.0,314.0,19.0,1033.0,223,206.0,176.0,1372,1229.0,11.0,743,1240.0,297.0,0,0,0.0,0.0,0.0,2015-6-23,American Airlines Inc.
Springfield,IL,Chicago,IL,1311,1320.0,9.0,28.0,1348.0,64,95.0,51.0,174,1439.0,16.0,1415,1455.0,40.0,0,0,31.0,0.0,0.0,2015-1-26,Skywest Airlines Inc.
Dallas-Fort Worth,TX,Orlando,FL,1200,1322.0,82.0,18.0,1340.0,144,142.0,119.0,985,1639.0,5.0,1524,1644.0,80.0,0,0,0.0,0.0,0.0,2015-3-2,American Airlines Inc.
Escanaba,MI,Detroit,MI,540,538.0,-2.0,12.0,550.0,73,63.0,47.0,306,637.0,4.0,653,641.0,-12.0,0,0,,,,2015-7-5,Skywest Airlines Inc.
San Francisco,CA,New Orleans,LA,1747,1827.0,40.0,14.0,1841.0,252,238.0,220.0,1911,21.0,4.0,2359,25.0,26.0,0,0,0.0,0.0,0.0,2015-5-20,United Air Lines Inc.
San Diego,CA,Phoenix,AZ,955,952.0,-3.0,49.0,1041.0,78,101.0,47.0,304,1128.0,5.0,1113,1133.0,20.0,0,0,20.0,0.0,0.0,2015-9-5,American Airlines Inc.
Wichita,KS,Denver,CO,948,946.0,-2.0,15.0,1001.0,101,94.0,66.0,420,1007.0,13.0,1029,1020.0,-9.0,0,0,,,,2015-11-13,United Air Lines Inc.
Atlanta,GA,Valdosta,GA,907,905.0,-2.0,12.0,917.0,61,52.0,36.0,208,953.0,4.0,1008,957.0,-11.0,0,0,,,,2015-2-25,Atlantic Southeast Airlines
Newark,NJ,Buffalo,NY,1304,1301.0,-3.0,12.0,1313.0,79,67.0,48.0,282,1401.0,7.0,1423,1408.0,-15.0,0,0,,,,2015-11-18,Atlantic Southeast Airlines
Green Bay,WI,Detroit,MI,1440,1558.0,78.0,11.0,1609.0,75,67.0,49.0,287,1758.0,7.0,1655,1805.0,70.0,0,0,0.0,0.0,0.0,2015-5-27,Atlantic Southeast Airlines
Minneapolis,MN,Newark,NJ,1625,1617.0,-8.0,13.0,1630.0,171,176.0,129.0,1008,1939.0,34.0,2016,2013.0,-3.0,0,0,,,,2015-9-2,United Air Lines Inc.
Milwaukee,WI,Arlington,VA,1405,1540.0,95.0,13.0,1553.0,110,102.0,86.0,634,1819.0,3.0,1655,1822.0,87.0,0,0,0.0,0.0,0.0,2015-4-29,Southwest Airlines Co.
Atlanta,GA,Nashville,TN,1629,1627.0,-2.0,22.0,1649.0,68,68.0,39.0,214,1628.0,7.0,1637,1635.0,-2.0,0,0,,,,2015-4-20,Delta Air Lines Inc.
Ft. Lauderdale,FL,Dallas,TX,2005,2107.0,62.0,11.0,2118.0,195,160.0,144.0,1108,2242.0,5.0,2220,2247.0,27.0,0,0,0.0,0.0,6.0,2015-5-28,Southwest Airlines Co.
Nashville,TN,Denver,CO,825,819.0,-6.0,45.0,904.0,185,191.0,139.0,1014,1023.0,7.0,1030,1030.0,0.0,0,0,,,,2015-11-3,Skywest Airlines Inc.
Lafayette,LA,Houston,TX,1525,1534.0,9.0,15.0,1549.0,69,69.0,45.0,201,1634.0,9.0,1634,1643.0,9.0,0,0,,,,2015-5-8,Atlantic Southeast Airlines
Dallas-Fort Worth,TX,Baltimore,MD,705,702.0,-3.0,16.0,718.0,184,172.0,153.0,1217,1051.0,3.0,1109,1054.0,-15.0,0,0,,,,2015-7-8,American Airlines Inc.
Windsor Locks,CT,Miami,FL,650,653.0,3.0,12.0,705.0,184,188.0,167.0,1194,952.0,9.0,954,1001.0,7.0,0,0,,,,2015-6-30,American Airlines Inc.
Dallas-Fort Worth,TX,Kahului,HI,1050,1423.0,213.0,13.0,1436.0,502,481.0,463.0,3711,1719.0,5.0,1412,1724.0,192.0,0,0,0.0,0.0,0.0,2015-3-29,American Airlines Inc.
Denver,CO,Salt Lake City,UT,2205,2155.0,-10.0,14.0,2209.0,85,84.0,62.0,391,2311.0,8.0,2330,2319.0,-11.0,0,0,,,,2015-3-27,Southwest Airlines Co.
Albuquerque,NM,Oakland,CA,1855,2048.0,113.0,7.0,2055.0,145,135.0,122.0,889,2157.0,6.0,2020,2203.0,103.0,0,0,0.0,0.0,0.0,2015-8-6,Southwest Airlines Co.
Cleveland,OH,Boston,MA,1048,1047.0,-1.0,13.0,1100.0,111,109.0,89.0,563,1229.0,7.0,1239,1236.0,-3.0,0,0,,,,2015-5-13,Atlantic Southeast Airlines
Dallas-Fort Worth,TX,Austin,TX,1510,1516.0,6.0,14.0,1530.0,63,51.0,32.0,190,1602.0,5.0,1613,1607.0,-6.0,0,0,,,,2015-7-14,American Airlines Inc.
Denver,CO,Atlanta,GA,745,746.0,1.0,12.0,758.0,173,170.0,150.0,1199,1228.0,8.0,1238,1236.0,-2.0,0,0,,,,2015-6-30,Delta Air Lines Inc.
Newark,NJ,Atlanta,GA,1300,1256.0,-4.0,15.0,1311.0,153,131.0,109.0,746,1500.0,7.0,1533,1507.0,-26.0,0,0,,,,2015-9-10,United Air Lines Inc.
Tampa,FL,Houston,TX,910,901.0,-9.0,12.0,913.0,130,121.0,104.0,787,957.0,5.0,1020,1002.0,-18.0,0,0,,,,2015-6-23,United Air Lines Inc.
Newark,NJ,Houston,TX,1203,1204.0,1.0,15.0,1219.0,237,214.0,191.0,1400,1430.0,8.0,1500,1438.0,-22.0,0,0,,,,2015-11-25,United Air Lines Inc.
Denver,CO,Dallas-Fort Worth,TX,1000,1000.0,0.0,21.0,1021.0,115,112.0,83.0,641,1244.0,8.0,1255,1252.0,-3.0,0,0,,,,2015-3-6,United Air Lines Inc.
Chicago,IL,Traverse City,MI,1215,1212.0,-3.0,15.0,1227.0,69,61.0,39.0,224,1406.0,7.0,1424,1413.0,-11.0,0,0,,,,2015-8-6,Atlantic Southeast Airlines
Chicago,IL,Atlanta,GA,1645,,,,,128,,,606,,,1953,,,0,1,,,,2015-2-25,Delta Air Lines Inc.
Fayetteville/Springdale/Rogers,AR,Atlanta,GA,1235,1233.0,-2.0,11.0,1244.0,112,94.0,78.0,589,1502.0,5.0,1527,1507.0,-20.0,0,0,,,,2015-9-19,Delta Air Lines Inc.
Chicago,IL,San Francisco,CA,1330,1352.0,22.0,50.0,1442.0,276,322.0,266.0,1846,1708.0,6.0,1606,1714.0,68.0,0,0,46.0,0.0,0.0,2015-8-17,United Air Lines Inc.
Chicago,IL,Tampa,FL,1120,1120.0,0.0,8.0,1128.0,150,145.0,132.0,997,1440.0,5.0,1450,1445.0,-5.0,0,0,,,,2015-1-17,Southwest Airlines Co.
Chicago,IL,Peoria,IL,2125,2121.0,-4.0,17.0,2138.0,55,52.0,29.0,130,2207.0,6.0,2220,2213.0,-7.0,0,0,,,,2015-5-31,Atlantic Southeast Airlines
Austin,TX,Houston,TX,1125,1125.0,0.0,10.0,1135.0,50,46.0,30.0,148,1205.0,6.0,1215,1211.0,-4.0,0,0,,,,2015-12-22,Southwest Airlines Co.
Dallas-Fort Worth,TX,Denver,CO,1855,1852.0,-3.0,14.0,1906.0,128,125.0,104.0,641,1950.0,7.0,2003,1957.0,-6.0,0,0,,,,2015-12-2,American Airlines Inc.
Seattle,WA,Minneapolis,MN,1850,1848.0,-2.0,9.0,1857.0,189,174.0,160.0,1399,2337.0,5.0,2359,2342.0,-17.0,0,0,,,,2015-6-25,Delta Air Lines Inc.
Denver,CO,Ontario,CA,2207,2204.0,-3.0,12.0,2216.0,140,119.0,104.0,819,2300.0,3.0,2327,2303.0,-24.0,0,0,,,,2015-3-15,Skywest Airlines Inc.
San Jose,CA,Burbank,CA,1110,1109.0,-1.0,8.0,1117.0,60,58.0,48.0,296,1205.0,2.0,1210,1207.0,-3.0,0,0,,,,2015-9-21,Southwest Airlines Co.
Sacramento,CA,San Diego,CA,1050,1049.0,-1.0,9.0,1058.0,85,81.0,70.0,480,1208.0,2.0,1215,1210.0,-5.0,0,0,,,,2015-9-1,Southwest Airlines Co.
Hailey,ID,Salt Lake City,UT,1521,1522.0,1.0,9.0,1531.0,59,50.0,36.0,222,1607.0,5.0,1620,1612.0,-8.0,0,0,,,,2015-6-27,Skywest Airlines Inc.
Dallas-Fort Worth,TX,Houston,TX,1359,1357.0,-2.0,21.0,1418.0,74,69.0,37.0,224,1455.0,11.0,1513,1506.0,-7.0,0,0,,,,2015-9-1,American Airlines Inc.
New York,NY,Miami,FL,1720,1731.0,11.0,18.0,1749.0,204,172.0,145.0,1096,2014.0,9.0,2044,2023.0,-21.0,0,0,,,,2015-7-20,American Airlines Inc.
Lansing,MI,Minneapolis,MN,1300,1251.0,-9.0,13.0,1304.0,101,114.0,93.0,455,1337.0,8.0,1341,1345.0,4.0,0,0,,,,2015-3-25,Skywest Airlines Inc.
Denver,CO,Milwaukee,WI,955,950.0,-5.0,8.0,958.0,144,141.0,128.0,896,1306.0,5.0,1319,1311.0,-8.0,0,0,,,,2015-1-24,Skywest Airlines Inc.
Kansas City,MO,Houston,TX,1000,1037.0,37.0,13.0,1050.0,132,120.0,98.0,643,1228.0,9.0,1212,1237.0,25.0,0,0,15.0,0.0,0.0,2015-5-27,Atlantic Southeast Airlines
Yuma,AZ,Phoenix,AZ,1503,1456.0,-7.0,7.0,1503.0,55,49.0,34.0,160,1537.0,8.0,1558,1545.0,-13.0,0,0,,,,2015-5-30,Skywest Airlines Inc.
Raleigh,NC,Denver,CO,915,913.0,-2.0,6.0,919.0,245,249.0,225.0,1436,1104.0,18.0,1120,1122.0,2.0,0,0,,,,2015-1-22,Southwest Airlines Co.
Dallas-Fort Worth,TX,Fresno,CA,1850,1845.0,-5.0,15.0,1900.0,218,211.0,192.0,1313,2012.0,4.0,2028,2016.0,-12.0,0,0,,,,2015-11-25,American Airlines Inc.
Newark,NJ,Miami,FL,1115,1116.0,1.0,12.0,1128.0,190,189.0,171.0,1085,1419.0,6.0,1425,1425.0,0.0,0,0,,,,2015-2-18,American Airlines Inc.
Dallas-Fort Worth,TX,Phoenix,AZ,820,816.0,-4.0,20.0,836.0,157,157.0,123.0,868,839.0,14.0,857,853.0,-4.0,0,0,,,,2015-7-10,American Airlines Inc.
Phoenix,AZ,San Luis Obispo,CA,2010,2001.0,-9.0,20.0,2021.0,106,101.0,77.0,509,2138.0,4.0,2156,2142.0,-14.0,0,0,,,,2015-9-23,Skywest Airlines Inc.
Detroit,MI,Elmira,NY,2012,2008.0,-4.0,14.0,2022.0,73,63.0,47.0,332,2109.0,2.0,2125,2111.0,-14.0,0,0,,,,2015-11-29,Atlantic Southeast Airlines
Atlanta,GA,Milwaukee,WI,1535,1531.0,-4.0,22.0,1553.0,130,118.0,93.0,669,1626.0,3.0,1645,1629.0,-16.0,0,0,,,,2015-5-5,Southwest Airlines Co.
Chicago,IL,Denver,CO,850,851.0,1.0,16.0,907.0,161,158.0,130.0,888,1017.0,12.0,1031,1029.0,-2.0,0,0,,,,2015-5-28,United Air Lines Inc.
Los Angeles,CA,San Antonio,TX,1123,1118.0,-5.0,14.0,1132.0,178,164.0,142.0,1211,1554.0,8.0,1621,1602.0,-19.0,0,0,,,,2015-8-18,Skywest Airlines Inc.
Las Vegas,NV,Detroit,MI,730,735.0,5.0,15.0,750.0,231,215.0,190.0,1749,1400.0,10.0,1421,1410.0,-11.0,0,0,,,,2015-11-21,Delta Air Lines Inc.
Salt Lake City,UT,Palm Springs,CA,1101,1059.0,-2.0,19.0,1118.0,108,97.0,72.0,541,1130.0,6.0,1149,1136.0,-13.0,0,0,,,,2015-2-11,Skywest Airlines Inc.
San Francisco,CA,Redmond,OR,2100,2056.0,-4.0,18.0,2114.0,93,88.0,66.0,462,2220.0,4.0,2233,2224.0,-9.0,0,0,,,,2015-3-6,Skywest Airlines Inc.
Medford,OR,San Francisco,CA,600,601.0,1.0,12.0,613.0,88,82.0,65.0,329,718.0,5.0,728,723.0,-5.0,0,0,,,,2015-7-6,Skywest Airlines Inc.
Chicago,IL,Wichita,KS,1010,1010.0,0.0,22.0,1032.0,120,115.0,89.0,588,1201.0,4.0,1210,1205.0,-5.0,0,0,,,,2015-4-17,Skywest Airlines Inc.
Nashville,TN,Chicago,IL,1305,1304.0,-1.0,25.0,1329.0,104,100.0,64.0,409,1433.0,11.0,1449,1444.0,-5.0,0,0,,,,2015-12-6,Skywest Airlines Inc.
Jacksonville,FL,Dallas-Fort Worth,TX,1120,1117.0,-3.0,12.0,1129.0,165,160.0,140.0,918,1249.0,8.0,1305,1257.0,-8.0,0,0,,,,2015-4-26,American Airlines Inc.
Albany,NY,Charlotte,NC,1435,1435.0,0.0,10.0,1445.0,139,145.0,112.0,646,1637.0,23.0,1654,1700.0,6.0,0,0,,,,2015-11-21,American Airlines Inc.
New York,NY,Tampa,FL,1910,1905.0,-5.0,106.0,2051.0,196,246.0,136.0,1005,2307.0,4.0,2226,2311.0,45.0,0,0,45.0,0.0,0.0,2015-7-21,Delta Air Lines Inc.
Minneapolis,MN,Detroit,MI,1910,1932.0,22.0,22.0,1954.0,100,100.0,72.0,528,2206.0,6.0,2150,2212.0,22.0,0,0,0.0,0.0,0.0,2015-5-29,Delta Air Lines Inc.
Bristol,TN,Atlanta,GA,1638,1637.0,-1.0,10.0,1647.0,71,65.0,45.0,227,1732.0,10.0,1749,1742.0,-7.0,0,0,,,,2015-11-16,Atlantic Southeast Airlines
Minneapolis,MN,Kalispell,MT,1132,1128.0,-4.0,9.0,1137.0,172,156.0,143.0,1026,1300.0,4.0,1324,1304.0,-20.0,0,0,,,,2015-9-13,Delta Air Lines Inc.
San Francisco,CA,Denver,CO,543,542.0,-1.0,14.0,556.0,157,140.0,120.0,967,856.0,6.0,920,902.0,-18.0,0,0,,,,2015-5-27,United Air Lines Inc.
Oakland,CA,Los Angeles,CA,1030,1041.0,11.0,9.0,1050.0,75,72.0,57.0,337,1147.0,6.0,1145,1153.0,8.0,0,0,,,,2015-6-24,Southwest Airlines Co.
San Francisco,CA,Las Vegas,NV,1000,1000.0,0.0,9.0,1009.0,95,82.0,65.0,414,1114.0,8.0,1135,1122.0,-13.0,0,0,,,,2015-2-25,Southwest Airlines Co.
Houston,TX,Lubbock,TX,1438,1432.0,-6.0,40.0,1512.0,97,,,458,2116.0,4.0,1615,2120.0,,1,0,,,,2015-5-23,Atlantic Southeast Airlines
New York,NY,Arlington,VA,1400,1351.0,-9.0,17.0,1408.0,80,72.0,39.0,214,1447.0,16.0,1520,1503.0,-17.0,0,0,,,,2015-9-23,American Airlines Inc.
Los Angeles,CA,New Orleans,LA,915,915.0,0.0,20.0,935.0,221,210.0,187.0,1670,1442.0,3.0,1456,1445.0,-11.0,0,0,,,,2015-11-13,Delta Air Lines Inc.
Ontario,CA,Dallas-Fort Worth,TX,715,759.0,44.0,7.0,806.0,175,168.0,149.0,1188,1235.0,12.0,1210,1247.0,37.0,0,0,0.0,0.0,0.0,2015-3-9,American Airlines Inc.
Los Angeles,CA,Kahului,HI,1725,1743.0,18.0,21.0,1804.0,337,332.0,307.0,2486,2011.0,4.0,2002,2015.0,13.0,0,0,,,,2015-9-3,Delta Air Lines Inc.
Atlanta,GA,Jacksonville,FL,1739,1740.0,1.0,16.0,1756.0,67,64.0,44.0,270,1840.0,4.0,1846,1844.0,-2.0,0,0,,,,2015-12-6,Delta Air Lines Inc.
Minneapolis,MN,New Orleans,LA,930,1054.0,84.0,12.0,1106.0,168,164.0,149.0,1039,1335.0,3.0,1218,1338.0,80.0,0,0,0.0,0.0,0.0,2015-12-25,Delta Air Lines Inc.
Chicago,IL,Bozeman,MT,1917,2041.0,84.0,14.0,2055.0,214,185.0,166.0,1186,2241.0,5.0,2151,2246.0,55.0,0,0,0.0,0.0,0.0,2015-12-22,United Air Lines Inc.
Charlotte,NC,Baltimore,MD,1319,1314.0,-5.0,19.0,1333.0,85,82.0,58.0,361,1431.0,5.0,1444,1436.0,-8.0,0,0,,,,2015-12-5,American Airlines Inc.
Boston,MA,Atlanta,GA,715,1940.0,745.0,17.0,1957.0,173,164.0,137.0,946,2214.0,10.0,1008,2224.0,736.0,0,0,0.0,0.0,0.0,2015-9-25,Delta Air Lines Inc.
Dallas,TX,Arlington,VA,1520,1533.0,13.0,10.0,1543.0,165,151.0,135.0,1184,1858.0,6.0,1905,1904.0,-1.0,0,0,,,,2015-1-2,Southwest Airlines Co.
Tucson,AZ,Los Angeles,CA,1506,1559.0,53.0,18.0,1617.0,100,99.0,72.0,451,1629.0,9.0,1546,1638.0,52.0,0,0,0.0,0.0,0.0,2015-2-21,Skywest Airlines Inc.
Baltimore,MD,Louisville,KY,2110,2126.0,16.0,15.0,2141.0,105,87.0,68.0,495,2249.0,4.0,2255,2253.0,-2.0,0,0,,,,2015-9-7,Southwest Airlines Co.
New York,NY,Charlotte,NC,1155,1149.0,-6.0,14.0,1203.0,129,118.0,97.0,541,1340.0,7.0,1404,1347.0,-17.0,0,0,,,,2015-12-14,American Airlines Inc.
Charlotte,NC,Pittsburgh,PA,1140,1144.0,4.0,15.0,1159.0,88,76.0,56.0,366,1255.0,5.0,1308,1300.0,-8.0,0,0,,,,2015-9-11,American Airlines Inc.
Fayetteville/Springdale/Rogers,AR,Houston,TX,1307,1258.0,-9.0,12.0,1310.0,103,99.0,78.0,438,1428.0,9.0,1450,1437.0,-13.0,0,0,,,,2015-9-3,Atlantic Southeast Airlines
San Jose,CA,Los Angeles,CA,1238,1236.0,-2.0,18.0,1254.0,82,82.0,52.0,308,1346.0,12.0,1400,1358.0,-2.0,0,0,,,,2015-6-2,Skywest Airlines Inc.
Chicago,IL,Tampa,FL,1820,1842.0,22.0,58.0,1940.0,160,191.0,125.0,1012,2245.0,8.0,2200,2253.0,53.0,0,0,31.0,0.0,0.0,2015-9-3,United Air Lines Inc.
Charlotte,NC,Philadelphia,PA,1455,1451.0,-4.0,14.0,1505.0,101,92.0,70.0,449,1615.0,8.0,1636,1623.0,-13.0,0,0,,,,2015-11-30,American Airlines Inc.
Dallas-Fort Worth,TX,Chicago,IL,1610,1603.0,-7.0,14.0,1617.0,145,130.0,106.0,802,1803.0,10.0,1835,1813.0,-22.0,0,0,,,,2015-4-27,Skywest Airlines Inc.
Casper,WY,Salt Lake City,UT,1300,1320.0,20.0,10.0,1330.0,83,80.0,65.0,320,1435.0,5.0,1423,1440.0,17.0,0,0,0.0,0.0,0.0,2015-3-3,Skywest Airlines Inc.
Santa Ana,CA,Houston,TX,1255,1302.0,7.0,9.0,1311.0,175,170.0,156.0,1357,1747.0,5.0,1750,1752.0,2.0,0,0,,,,2015-1-16,Southwest Airlines Co.
Houston,TX,Indianapolis,IN,1925,1957.0,32.0,19.0,2016.0,150,149.0,122.0,844,2318.0,8.0,2255,2326.0,31.0,0,0,0.0,0.0,0.0,2015-7-20,United Air Lines Inc.
Houston,TX,Ft. Lauderdale,FL,1957,1952.0,-5.0,14.0,2006.0,151,144.0,127.0,966,2313.0,3.0,2328,2316.0,-12.0,0,0,,,,2015-7-7,United Air Lines Inc.
Houston,TX,Santa Ana,CA,2110,2134.0,24.0,19.0,2153.0,199,,,1346,,,2229,,,0,1,,,,2015-7-22,United Air Lines Inc.
Nashville,TN,Philadelphia,PA,2120,2120.0,0.0,11.0,2131.0,115,111.0,91.0,675,2.0,9.0,15,11.0,-4.0,0,0,,,,2015-7-2,Southwest Airlines Co.
Houston,TX,Atlanta,GA,1505,1500.0,-5.0,11.0,1511.0,121,109.0,89.0,696,1740.0,9.0,1806,1749.0,-17.0,0,0,,,,2015-4-3,Delta Air Lines Inc.
Dallas-Fort Worth,TX,Tampa,FL,1710,1724.0,14.0,10.0,1734.0,136,129.0,116.0,929,2030.0,3.0,2026,2033.0,7.0,0,0,,,,2015-1-10,American Airlines Inc.
Newark,NJ,Detroit,MI,715,713.0,-2.0,11.0,724.0,117,90.0,75.0,488,839.0,4.0,912,843.0,-29.0,0,0,,,,2015-5-17,Delta Air Lines Inc.
Dallas-Fort Worth,TX,Tulsa,OK,1325,1321.0,-4.0,11.0,1332.0,61,57.0,43.0,237,1415.0,3.0,1426,1418.0,-8.0,0,0,,,,2015-1-19,American Airlines Inc.
San Francisco,CA,Los Angeles,CA,1442,1434.0,-8.0,19.0,1453.0,82,85.0,56.0,337,1549.0,10.0,1604,1559.0,-5.0,0,0,,,,2015-1-8,American Airlines Inc.
Ft. Lauderdale,FL,New York,NY,1204,1201.0,-3.0,14.0,1215.0,175,162.0,144.0,1076,1439.0,4.0,1459,1443.0,-16.0,0,0,,,,2015-12-13,Delta Air Lines Inc.
Atlanta,GA,Tampa,FL,840,834.0,-6.0,15.0,849.0,90,79.0,60.0,406,949.0,4.0,1010,953.0,-17.0,0,0,,,,2015-6-30,Southwest Airlines Co.
Atlanta,GA,Houston,TX,1600,1614.0,14.0,12.0,1626.0,138,111.0,96.0,689,1702.0,3.0,1718,1705.0,-13.0,0,0,,,,2015-6-29,Delta Air Lines Inc.
Chantilly,VA,Denver,CO,2235,2309.0,34.0,12.0,2321.0,238,193.0,175.0,1452,16.0,6.0,33,22.0,-11.0,0,0,,,,2015-11-17,United Air Lines Inc.
Atlanta,GA,Roanoke,VA,1804,1759.0,-5.0,29.0,1828.0,83,95.0,63.0,357,1931.0,3.0,1927,1934.0,7.0,0,0,,,,2015-8-9,Atlantic Southeast Airlines
Houston,TX,Denver,CO,2118,2113.0,-5.0,18.0,2131.0,156,144.0,121.0,862,2232.0,5.0,2254,2237.0,-17.0,0,0,,,,2015-8-26,United Air Lines Inc.
San Francisco,CA,Honolulu,HI,905,906.0,1.0,17.0,923.0,324,307.0,285.0,2398,1108.0,5.0,1129,1113.0,-16.0,0,0,,,,2015-9-21,United Air Lines Inc.
Las Vegas,NV,Oakland,CA,950,948.0,-2.0,11.0,959.0,85,79.0,63.0,407,1102.0,5.0,1115,1107.0,-8.0,0,0,,,,2015-8-9,Southwest Airlines Co.
Miami,FL,Atlanta,GA,659,757.0,58.0,10.0,807.0,117,104.0,80.0,594,927.0,14.0,856,941.0,45.0,0,0,0.0,0.0,0.0,2015-7-7,American Airlines Inc.
Detroit,MI,Atlanta,GA,2000,2006.0,6.0,19.0,2025.0,127,128.0,84.0,594,2149.0,25.0,2207,2214.0,7.0,0,0,,,,2015-5-21,Delta Air Lines Inc.
Chicago,IL,Erie,PA,2050,2046.0,-4.0,18.0,2104.0,90,75.0,53.0,398,2257.0,4.0,2320,2301.0,-19.0,0,0,,,,2015-3-17,Atlantic Southeast Airlines
Newark,NJ,Indianapolis,IN,909,906.0,-3.0,31.0,937.0,131,133.0,96.0,645,1113.0,6.0,1120,1119.0,-1.0,0,0,,,,2015-8-26,Atlantic Southeast Airlines
Atlanta,GA,Ft. Lauderdale,FL,1510,1510.0,0.0,22.0,1532.0,115,113.0,88.0,581,1700.0,3.0,1705,1703.0,-2.0,0,0,,,,2015-9-7,Delta Air Lines Inc.
Dallas-Fort Worth,TX,San Francisco,CA,2040,2124.0,44.0,14.0,2138.0,234,219.0,200.0,1464,2258.0,5.0,2234,2303.0,29.0,0,0,0.0,0.0,0.0,2015-12-11,American Airlines Inc.
Los Angeles,CA,Houston,TX,1145,1152.0,7.0,25.0,1217.0,195,205.0,173.0,1390,1710.0,7.0,1700,1717.0,17.0,0,0,10.0,0.0,0.0,2015-8-22,Southwest Airlines Co.
El Paso,TX,Houston,TX,650,647.0,-3.0,10.0,657.0,110,105.0,91.0,677,928.0,4.0,940,932.0,-8.0,0,0,,,,2015-8-14,Southwest Airlines Co.
Phoenix,AZ,Oakland,CA,2045,2042.0,-3.0,9.0,2051.0,115,108.0,91.0,646,2222.0,8.0,2240,2230.0,-10.0,0,0,,,,2015-7-5,Southwest Airlines Co.
Charlotte,NC,Ft. Lauderdale,FL,1430,1424.0,-6.0,16.0,1440.0,115,117.0,96.0,632,1616.0,5.0,1625,1621.0,-4.0,0,0,,,,2015-12-6,American Airlines Inc.
St Louis,MO,Las Vegas,NV,730,727.0,-3.0,9.0,736.0,210,201.0,188.0,1371,844.0,4.0,900,848.0,-12.0,0,0,,,,2015-9-7,Southwest Airlines Co.
Los Angeles,CA,Dallas-Fort Worth,TX,615,612.0,-3.0,15.0,627.0,186,176.0,157.0,1235,1104.0,4.0,1121,1108.0,-13.0,0,0,,,,2015-11-2,American Airlines Inc.
Orlando,FL,San Francisco,CA,1748,1749.0,1.0,12.0,1801.0,352,336.0,316.0,2446,2017.0,8.0,2040,2025.0,-15.0,0,0,,,,2015-9-28,United Air Lines Inc.
Eau Claire,WI,Chicago,IL,600,555.0,-5.0,12.0,607.0,79,65.0,45.0,268,652.0,8.0,719,700.0,-19.0,0,0,,,,2015-2-9,Skywest Airlines Inc.
St Louis,MO,Phoenix,AZ,900,1205.0,185.0,8.0,1213.0,210,203.0,187.0,1262,1420.0,8.0,1130,1428.0,178.0,0,0,0.0,0.0,0.0,2015-11-30,Southwest Airlines Co.
Los Angeles,CA,Phoenix,AZ,1425,1452.0,27.0,8.0,1500.0,75,72.0,60.0,370,1700.0,4.0,1640,1704.0,24.0,0,0,0.0,0.0,0.0,2015-2-15,Southwest Airlines Co.
Midland,TX,Dallas,TX,600,556.0,-4.0,12.0,608.0,65,65.0,46.0,319,654.0,7.0,705,701.0,-4.0,0,0,,,,2015-3-7,Southwest Airlines Co.
Chicago,IL,West Palm Beach,FL,600,554.0,-6.0,17.0,611.0,168,149.0,129.0,1144,920.0,3.0,948,923.0,-25.0,0,0,,,,2015-2-19,American Airlines Inc.
Orlando,FL,New Orleans,LA,1650,1652.0,2.0,9.0,1701.0,110,100.0,88.0,551,1729.0,3.0,1740,1732.0,-8.0,0,0,,,,2015-2-1,Southwest Airlines Co.
Fort Wayne,IN,Detroit,MI,1557,,,,,56,,,128,,,1653,,,0,1,,,,2015-5-22,Skywest Airlines Inc.
Chicago,IL,Los Angeles,CA,600,630.0,30.0,13.0,643.0,265,256.0,218.0,1744,821.0,25.0,825,846.0,21.0,0,0,0.0,0.0,0.0,2015-8-1,United Air Lines Inc.
Kansas City,MO,Charlotte,NC,1829,1826.0,-3.0,12.0,1838.0,126,123.0,104.0,808,2122.0,7.0,2135,2129.0,-6.0,0,0,,,,2015-11-30,American Airlines Inc.
Raleigh,NC,Orlando,FL,700,700.0,0.0,9.0,709.0,100,94.0,80.0,534,829.0,5.0,840,834.0,-6.0,0,0,,,,2015-9-28,Southwest Airlines Co.
Nashville,TN,Chicago,IL,615,611.0,-4.0,7.0,618.0,90,79.0,68.0,395,726.0,4.0,745,730.0,-15.0,0,0,,,,2015-7-21,Southwest Airlines Co.
Newark,NJ,Arlington,VA,1750,1748.0,-2.0,32.0,1820.0,78,89.0,49.0,199,1909.0,8.0,1908,1917.0,9.0,0,0,,,,2015-2-1,Atlantic Southeast Airlines
Denver,CO,Lubbock,TX,955,951.0,-4.0,19.0,1010.0,86,95.0,71.0,456,1221.0,5.0,1221,1226.0,5.0,0,0,,,,2015-7-11,Skywest Airlines Inc.
Atlanta,GA,Roanoke,VA,2210,2202.0,-8.0,11.0,2213.0,88,71.0,55.0,357,2308.0,5.0,2338,2313.0,-25.0,0,0,,,,2015-9-21,Delta Air Lines Inc.
Houston,TX,Huntsville,AL,1020,1015.0,-5.0,15.0,1030.0,110,104.0,84.0,595,1154.0,5.0,1210,1159.0,-11.0,0,0,,,,2015-4-24,Atlantic Southeast Airlines
San Francisco,CA,Santa Ana,CA,1335,1333.0,-2.0,11.0,1344.0,85,81.0,66.0,372,1450.0,4.0,1500,1454.0,-6.0,0,0,,,,2015-1-8,Southwest Airlines Co.
Detroit,MI,Savannah,GA,1416,1411.0,-5.0,13.0,1424.0,123,113.0,96.0,705,1600.0,4.0,1619,1604.0,-15.0,0,0,,,,2015-5-28,Atlantic Southeast Airlines
Oakland,CA,Las Vegas,NV,1205,1207.0,2.0,8.0,1215.0,85,81.0,65.0,407,1320.0,8.0,1330,1328.0,-2.0,0,0,,,,2015-7-28,Southwest Airlines Co.
New York,NY,Chantilly,VA,1922,1945.0,23.0,27.0,2012.0,86,83.0,50.0,229,2102.0,6.0,2048,2108.0,20.0,0,0,0.0,0.0,0.0,2015-2-4,Atlantic Southeast Airlines
Atlanta,GA,Chattanooga,TN,1825,1818.0,-7.0,15.0,1833.0,47,42.0,22.0,106,1855.0,5.0,1912,1900.0,-12.0,0,0,,,,2015-12-13,Atlantic Southeast Airlines
Atlanta,GA,Arlington,VA,1120,1117.0,-3.0,13.0,1130.0,99,102.0,85.0,547,1255.0,4.0,1259,1259.0,0.0,0,0,,,,2015-4-23,Delta Air Lines Inc.
Columbus,OH,Minneapolis,MN,1336,1326.0,-10.0,12.0,1338.0,114,116.0,96.0,626,1414.0,8.0,1430,1422.0,-8.0,0,0,,,,2015-6-25,Skywest Airlines Inc.
Sacramento,CA,Portland,OR,635,634.0,-1.0,15.0,649.0,90,98.0,81.0,479,810.0,2.0,805,812.0,7.0,0,0,,,,2015-1-12,Southwest Airlines Co.
New York,NY,Phoenix,AZ,1330,1350.0,20.0,32.0,1422.0,316,302.0,264.0,2153,1546.0,6.0,1546,1552.0,6.0,0,0,,,,2015-7-25,American Airlines Inc.
Houston,TX,Portland,OR,2112,2147.0,35.0,13.0,2200.0,281,254.0,236.0,1825,2356.0,5.0,2353,1.0,8.0,0,0,,,,2015-1-1,United Air Lines Inc.
Reno,NV,Las Vegas,NV,1920,1942.0,22.0,8.0,1950.0,70,73.0,58.0,345,2048.0,7.0,2030,2055.0,25.0,0,0,3.0,0.0,0.0,2015-3-6,Southwest Airlines Co.
Louisville,KY,Baltimore,MD,1555,1610.0,15.0,10.0,1620.0,90,87.0,72.0,495,1732.0,5.0,1725,1737.0,12.0,0,0,,,,2015-11-3,Southwest Airlines Co.
Gillette,WY,Denver,CO,1309,1308.0,-1.0,14.0,1322.0,81,74.0,53.0,313,1415.0,7.0,1430,1422.0,-8.0,0,0,,,,2015-7-22,Skywest Airlines Inc.
Dallas-Fort Worth,TX,San Antonio,TX,819,921.0,62.0,9.0,930.0,62,58.0,47.0,247,1017.0,2.0,921,1019.0,58.0,0,0,0.0,0.0,0.0,2015-7-8,American Airlines Inc.
Chicago,IL,Buffalo,NY,1402,1358.0,-4.0,18.0,1416.0,96,92.0,70.0,473,1626.0,4.0,1638,1630.0,-8.0,0,0,,,,2015-9-22,United Air Lines Inc.
Nashville,TN,Houston,TX,1310,1308.0,-2.0,14.0,1322.0,130,131.0,111.0,670,1513.0,6.0,1520,1519.0,-1.0,0,0,,,,2015-11-6,Southwest Airlines Co.
Ft. Lauderdale,FL,Detroit,MI,1000,954.0,-6.0,25.0,1019.0,180,181.0,150.0,1127,1249.0,6.0,1300,1255.0,-5.0,0,0,,,,2015-12-21,Delta Air Lines Inc.
El Paso,TX,Dallas,TX,1030,1030.0,0.0,8.0,1038.0,95,95.0,81.0,562,1259.0,6.0,1305,1305.0,0.0,0,0,,,,2015-6-5,Southwest Airlines Co.
San Juan,PR,Chicago,IL,1510,1542.0,32.0,8.0,1550.0,308,340.0,319.0,2072,2009.0,13.0,1918,2022.0,64.0,0,0,32.0,0.0,0.0,2015-4-7,American Airlines Inc.
Atlanta,GA,Houston,TX,2005,2034.0,29.0,15.0,2049.0,135,117.0,96.0,696,2125.0,6.0,2120,2131.0,11.0,0,0,,,,2015-6-20,Southwest Airlines Co.
Chicago,IL,Kansas City,MO,1220,1217.0,-3.0,20.0,1237.0,95,89.0,64.0,403,1341.0,5.0,1355,1346.0,-9.0,0,0,,,,2015-6-20,Skywest Airlines Inc.
Denver,CO,Phoenix,AZ,1630,1630.0,0.0,6.0,1636.0,110,98.0,86.0,602,1702.0,6.0,1720,1708.0,-12.0,0,0,,,,2015-5-24,Southwest Airlines Co.
Elmira,NY,Detroit,MI,1534,1521.0,-13.0,13.0,1534.0,81,80.0,62.0,332,1636.0,5.0,1655,1641.0,-14.0,0,0,,,,2015-12-13,Atlantic Southeast Airlines
Denver,CO,Eugene,OR,1135,1135.0,0.0,16.0,1151.0,174,172.0,152.0,996,1323.0,4.0,1329,1327.0,-2.0,0,0,,,,2015-5-11,Skywest Airlines Inc.
Islip,NY,Tampa,FL,715,712.0,-3.0,9.0,721.0,175,193.0,179.0,1034,1020.0,5.0,1010,1025.0,15.0,0,0,15.0,0.0,0.0,2015-9-13,Southwest Airlines Co.
Houston,TX,Dallas-Fort Worth,TX,2006,1957.0,-9.0,14.0,2011.0,69,66.0,41.0,224,2052.0,11.0,2115,2103.0,-12.0,0,0,,,,2015-2-8,American Airlines Inc.
Kalispell,MT,Denver,CO,1406,1414.0,8.0,8.0,1422.0,129,110.0,93.0,752,1555.0,9.0,1615,1604.0,-11.0,0,0,,,,2015-2-13,Skywest Airlines Inc.
Peoria,IL,Atlanta,GA,1019,1020.0,1.0,16.0,1036.0,106,100.0,79.0,565,1255.0,5.0,1305,1300.0,-5.0,0,0,,,,2015-3-29,Atlantic Southeast Airlines
Seattle,WA,Los Angeles,CA,655,650.0,-5.0,14.0,704.0,160,165.0,125.0,954,909.0,26.0,935,935.0,0.0,0,0,,,,2015-5-22,Delta Air Lines Inc.
Tulsa,OK,Dallas,TX,1725,1743.0,18.0,13.0,1756.0,60,56.0,39.0,237,1835.0,4.0,1825,1839.0,14.0,0,0,,,,2015-3-27,Southwest Airlines Co.
Sacramento,CA,Seattle,WA,810,808.0,-2.0,12.0,820.0,120,116.0,97.0,605,957.0,7.0,1010,1004.0,-6.0,0,0,,,,2015-12-20,Southwest Airlines Co.
Chicago,IL,Kansas City,MO,2033,2035.0,2.0,11.0,2046.0,97,78.0,63.0,403,2149.0,4.0,2210,2153.0,-17.0,0,0,,,,2015-1-15,Atlantic Southeast Airlines
Dallas-Fort Worth,TX,New York,NY,1820,1841.0,21.0,39.0,1920.0,194,201.0,158.0,1389,2258.0,4.0,2234,2302.0,28.0,0,0,28.0,0.0,0.0,2015-11-13,American Airlines Inc.
New Orleans,LA,Miami,FL,1250,1247.0,-3.0,10.0,1257.0,121,108.0,91.0,675,1528.0,7.0,1551,1535.0,-16.0,0,0,,,,2015-7-8,American Airlines Inc.
Akron,OH,Chicago,IL,1855,1847.0,-8.0,13.0,1900.0,90,86.0,63.0,343,1903.0,10.0,1925,1913.0,-12.0,0,0,,,,2015-2-17,Atlantic Southeast Airlines
Houston,TX,St Louis,MO,605,604.0,-1.0,8.0,612.0,115,113.0,101.0,687,753.0,4.0,800,757.0,-3.0,0,0,,,,2015-6-28,Southwest Airlines Co.
Baltimore,MD,Charleston,SC,1445,1441.0,-4.0,11.0,1452.0,90,85.0,70.0,472,1602.0,4.0,1615,1606.0,-9.0,0,0,,,,2015-5-12,Southwest Airlines Co.
Dallas,TX,Midland,TX,1750,1749.0,-1.0,7.0,1756.0,70,66.0,54.0,319,1850.0,5.0,1900,1855.0,-5.0,0,0,,,,2015-1-19,Southwest Airlines Co.
Chantilly,VA,Denver,CO,1431,1423.0,-8.0,12.0,1435.0,243,221.0,203.0,1452,1558.0,6.0,1634,1604.0,-30.0,0,0,,,,2015-11-9,United Air Lines Inc.
Chicago,IL,Houston,TX,730,748.0,18.0,19.0,807.0,176,162.0,129.0,925,1016.0,14.0,1026,1030.0,4.0,0,0,,,,2015-4-1,United Air Lines Inc.
New York,NY,Seattle,WA,1605,1633.0,28.0,22.0,1655.0,381,356.0,329.0,2422,1924.0,5.0,1926,1929.0,3.0,0,0,,,,2015-3-24,Delta Air Lines Inc.
Atlanta,GA,Raleigh,NC,859,859.0,0.0,16.0,915.0,81,71.0,49.0,356,1004.0,6.0,1020,1010.0,-10.0,0,0,,,,2015-2-17,Delta Air Lines Inc.
Newark,NJ,Miami,FL,1240,1244.0,4.0,23.0,1307.0,185,171.0,140.0,1085,1527.0,8.0,1545,1535.0,-10.0,0,0,,,,2015-6-12,American Airlines Inc.
Chicago,IL,Cleveland,OH,2105,2101.0,-4.0,20.0,2121.0,78,75.0,50.0,315,2311.0,5.0,2323,2316.0,-7.0,0,0,,,,2015-2-27,Atlantic Southeast Airlines
Burbank,CA,Las Vegas,NV,825,819.0,-6.0,9.0,828.0,65,59.0,43.0,223,911.0,7.0,930,918.0,-12.0,0,0,,,,2015-8-30,Southwest Airlines Co.
Los Angeles,CA,San Jose,CA,1355,1406.0,11.0,10.0,1416.0,70,67.0,54.0,308,1510.0,3.0,1505,1513.0,8.0,0,0,,,,2015-12-29,Southwest Airlines Co.
Las Vegas,NV,Newark,NJ,2330,2337.0,7.0,17.0,2354.0,281,252.0,228.0,2227,642.0,7.0,711,649.0,-22.0,0,0,,,,2015-2-28,United Air Lines Inc.
Columbia,SC,Chantilly,VA,1912,1905.0,-7.0,12.0,1917.0,87,79.0,57.0,401,2014.0,10.0,2039,2024.0,-15.0,0,0,,,,2015-1-21,Atlantic Southeast Airlines
Detroit,MI,Evansville,IN,837,834.0,-3.0,15.0,849.0,88,79.0,60.0,363,849.0,4.0,905,853.0,-12.0,0,0,,,,2015-11-23,Atlantic Southeast Airlines
Seattle,WA,Detroit,MI,40,45.0,5.0,13.0,58.0,244,244.0,225.0,1927,743.0,6.0,744,749.0,5.0,0,0,,,,2015-8-16,Delta Air Lines Inc.
Phoenix,AZ,Salt Lake City,UT,1635,1650.0,15.0,13.0,1703.0,99,86.0,68.0,507,1911.0,5.0,1914,1916.0,2.0,0,0,,,,2015-5-22,Skywest Airlines Inc.
Las Vegas,NV,Kansas City,MO,1955,2011.0,16.0,13.0,2024.0,160,153.0,135.0,1139,39.0,5.0,35,44.0,9.0,0,0,,,,2015-1-18,Southwest Airlines Co.
San Antonio,TX,Houston,TX,1145,1143.0,-2.0,12.0,1155.0,55,53.0,37.0,191,1232.0,4.0,1240,1236.0,-4.0,0,0,,,,2015-1-28,Skywest Airlines Inc.
New York,NY,Denver,CO,746,743.0,-3.0,68.0,851.0,274,310.0,227.0,1620,1038.0,15.0,1020,1053.0,33.0,0,0,33.0,0.0,0.0,2015-1-8,United Air Lines Inc.
Tampa,FL,Miami,FL,1800,1756.0,-4.0,9.0,1805.0,70,56.0,39.0,204,1844.0,8.0,1910,1852.0,-18.0,0,0,,,,2015-2-24,American Airlines Inc.
Newark,NJ,Houston,TX,800,809.0,9.0,25.0,834.0,218,213.0,172.0,1400,1026.0,16.0,1038,1042.0,4.0,0,0,,,,2015-9-4,United Air Lines Inc.
Los Angeles,CA,Austin,TX,1950,2019.0,29.0,22.0,2041.0,171,180.0,153.0,1242,114.0,5.0,41,119.0,38.0,0,0,9.0,0.0,0.0,2015-3-27,American Airlines Inc.
Kansas City,MO,Minneapolis,MN,1005,1004.0,-1.0,11.0,1015.0,80,68.0,52.0,393,1107.0,5.0,1125,1112.0,-13.0,0,0,,,,2015-9-8,Southwest Airlines Co.
Chicago,IL,Richmond,VA,2052,2150.0,58.0,14.0,2204.0,115,116.0,86.0,642,30.0,16.0,2347,46.0,59.0,0,0,1.0,0.0,0.0,2015-8-20,Atlantic Southeast Airlines
Sarasota,FL,Atlanta,GA,1732,1734.0,2.0,12.0,1746.0,103,85.0,68.0,444,1854.0,5.0,1915,1859.0,-16.0,0,0,,,,2015-3-4,Delta Air Lines Inc.
New York,NY,Houston,TX,1555,1554.0,-1.0,41.0,1635.0,270,279.0,234.0,1428,1929.0,4.0,1925,1933.0,8.0,0,0,,,,2015-2-22,Southwest Airlines Co.
Milwaukee,WI,Atlanta,GA,1800,1803.0,3.0,12.0,1815.0,124,110.0,91.0,669,2046.0,7.0,2104,2053.0,-11.0,0,0,,,,2015-9-4,Delta Air Lines Inc.
Atlanta,GA,Lincoln,NE,1943,2058.0,75.0,16.0,2114.0,149,131.0,112.0,841,2206.0,3.0,2112,2209.0,57.0,0,0,0.0,0.0,0.0,2015-7-21,Atlantic Southeast Airlines
Denver,CO,Atlanta,GA,1150,1145.0,-5.0,13.0,1158.0,177,160.0,140.0,1199,1618.0,7.0,1647,1625.0,-22.0,0,0,,,,2015-9-16,Delta Air Lines Inc.
Newark,NJ,Charleston,SC,1547,1546.0,-1.0,18.0,1604.0,132,114.0,90.0,628,1734.0,6.0,1759,1740.0,-19.0,0,0,,,,2015-3-15,Atlantic Southeast Airlines
Kansas City,MO,New York,NY,600,553.0,-7.0,16.0,609.0,170,161.0,139.0,1107,928.0,6.0,950,934.0,-16.0,0,0,,,,2015-4-23,Atlantic Southeast Airlines
Lihue,HI,Los Angeles,CA,2200,2147.0,-13.0,11.0,2158.0,334,316.0,293.0,2615,551.0,12.0,634,603.0,-31.0,0,0,,,,2015-9-18,American Airlines Inc.
Boston,MA,New York,NY,900,902.0,2.0,31.0,933.0,87,83.0,46.0,184,1019.0,6.0,1027,1025.0,-2.0,0,0,,,,2015-8-4,American Airlines Inc.
San Francisco,CA,Boston,MA,2149,2148.0,-1.0,13.0,2201.0,339,320.0,298.0,2704,559.0,9.0,628,608.0,-20.0,0,0,,,,2015-6-11,United Air Lines Inc.
Los Angeles,CA,Newark,NJ,1620,1618.0,-2.0,11.0,1629.0,310,305.0,285.0,2454,14.0,9.0,30,23.0,-7.0,0,0,,,,2015-11-18,United Air Lines Inc.
Detroit,MI,Elmira,NY,959,1000.0,1.0,19.0,1019.0,71,71.0,48.0,332,1107.0,4.0,1110,1111.0,1.0,0,0,,,,2015-2-25,Atlantic Southeast Airlines
Richmond,VA,Minneapolis,MN,715,715.0,0.0,52.0,807.0,190,199.0,142.0,970,929.0,5.0,925,934.0,9.0,0,0,,,,2015-2-27,Atlantic Southeast Airlines
Chicago,IL,New York,NY,1705,1719.0,14.0,16.0,1735.0,139,124.0,102.0,733,2017.0,6.0,2024,2023.0,-1.0,0,0,,,,2015-7-28,United Air Lines Inc.
Brainerd,MN,Minneapolis,MN,1548,1538.0,-10.0,17.0,1555.0,50,52.0,28.0,114,1623.0,7.0,1638,1630.0,-8.0,0,0,,,,2015-12-18,Skywest Airlines Inc.
Chicago,IL,Boston,MA,1328,1328.0,0.0,17.0,1345.0,145,131.0,105.0,867,1630.0,9.0,1653,1639.0,-14.0,0,0,,,,2015-9-25,American Airlines Inc.
Chicago,IL,Cleveland,OH,2030,2023.0,-7.0,11.0,2034.0,78,65.0,46.0,315,2220.0,8.0,2248,2228.0,-20.0,0,0,,,,2015-4-5,Atlantic Southeast Airlines
St Louis,MO,Detroit,MI,1735,1829.0,54.0,7.0,1836.0,90,83.0,63.0,440,2039.0,13.0,2005,2052.0,47.0,0,0,0.0,0.0,0.0,2015-2-21,Southwest Airlines Co.
Baltimore,MD,Boston,MA,1730,1825.0,55.0,10.0,1835.0,85,71.0,55.0,369,1930.0,6.0,1855,1936.0,41.0,0,0,41.0,0.0,0.0,2015-1-15,Southwest Airlines Co.
Minneapolis,MN,Dallas-Fort Worth,TX,700,651.0,-9.0,18.0,709.0,159,149.0,119.0,852,908.0,12.0,939,920.0,-19.0,0,0,,,,2015-3-31,American Airlines Inc.
Chicago,IL,Allentown,PA,1357,1347.0,-10.0,24.0,1411.0,115,122.0,93.0,654,1644.0,5.0,1652,1649.0,-3.0,0,0,,,,2015-9-14,Atlantic Southeast Airlines
Pittsburgh,PA,Philadelphia,PA,1540,1635.0,55.0,11.0,1646.0,90,60.0,46.0,268,1732.0,3.0,1710,1735.0,25.0,0,0,0.0,0.0,0.0,2015-8-21,American Airlines Inc.
Atlanta,GA,Salt Lake City,UT,1630,1634.0,4.0,18.0,1652.0,265,260.0,238.0,1590,1850.0,4.0,1855,1854.0,-1.0,0,0,,,,2015-2-19,Delta Air Lines Inc.
Omaha,NE,Chicago,IL,1102,1120.0,18.0,7.0,1127.0,98,81.0,63.0,416,1230.0,11.0,1240,1241.0,1.0,0,0,,,,2015-3-27,United Air Lines Inc.
San Antonio,TX,San Diego,CA,910,909.0,-1.0,13.0,922.0,175,175.0,153.0,1129,955.0,9.0,1005,1004.0,-1.0,0,0,,,,2015-8-15,Southwest Airlines Co.
Los Angeles,CA,Oakland,CA,1220,1249.0,29.0,17.0,1306.0,70,76.0,53.0,337,1359.0,6.0,1330,1405.0,35.0,0,0,6.0,0.0,0.0,2015-7-22,Southwest Airlines Co.
Denver,CO,Arlington,VA,956,955.0,-1.0,12.0,1007.0,198,175.0,158.0,1476,1445.0,5.0,1514,1450.0,-24.0,0,0,,,,2015-4-3,United Air Lines Inc.
Denver,CO,Las Vegas,NV,2214,2352.0,98.0,10.0,2.0,117,97.0,83.0,628,25.0,4.0,2311,29.0,78.0,0,0,0.0,0.0,0.0,2015-5-14,Skywest Airlines Inc.
Pittsburgh,PA,Las Vegas,NV,1145,1140.0,-5.0,7.0,1147.0,280,284.0,259.0,1910,1306.0,18.0,1325,1324.0,-1.0,0,0,,,,2015-4-25,Southwest Airlines Co.
Corpus Christi,TX,Houston,TX,1050,1054.0,4.0,14.0,1108.0,65,66.0,45.0,201,1153.0,7.0,1155,1200.0,5.0,0,0,,,,2015-7-6,Atlantic Southeast Airlines
Greer,SC,Atlanta,GA,830,827.0,-3.0,16.0,843.0,67,62.0,37.0,153,920.0,9.0,937,929.0,-8.0,0,0,,,,2015-11-17,Delta Air Lines Inc.
Las Vegas,NV,San Diego,CA,1340,1336.0,-4.0,13.0,1349.0,70,59.0,43.0,258,1432.0,3.0,1450,1435.0,-15.0,0,0,,,,2015-8-16,Southwest Airlines Co.
Las Vegas,NV,Memphis,TN,2355,2345.0,-10.0,13.0,2358.0,191,193.0,175.0,1416,453.0,5.0,506,458.0,-8.0,0,0,,,,2015-3-13,Delta Air Lines Inc.
Atlanta,GA,Indianapolis,IN,2040,2037.0,-3.0,13.0,2050.0,94,84.0,67.0,432,2157.0,4.0,2214,2201.0,-13.0,0,0,,,,2015-3-20,Delta Air Lines Inc.
San Jose,CA,Los Angeles,CA,2145,2240.0,55.0,11.0,2251.0,70,73.0,56.0,308,2347.0,6.0,2255,2353.0,58.0,0,0,3.0,0.0,0.0,2015-7-2,Southwest Airlines Co.
Atlanta,GA,Ft. Lauderdale,FL,1715,1751.0,36.0,9.0,1800.0,110,98.0,85.0,581,1925.0,4.0,1905,1929.0,24.0,0,0,0.0,0.0,0.0,2015-1-3,Southwest Airlines Co.
Chicago,IL,Dallas-Fort Worth,TX,1542,1538.0,-4.0,31.0,1609.0,160,154.0,111.0,802,1800.0,12.0,1822,1812.0,-10.0,0,0,,,,2015-3-27,Skywest Airlines Inc.
Corpus Christi,TX,Dallas-Fort Worth,TX,1255,1247.0,-8.0,8.0,1255.0,85,75.0,59.0,354,1354.0,8.0,1420,1402.0,-18.0,0,0,,,,2015-4-19,Atlantic Southeast Airlines
Alexandria,LA,Houston,TX,1713,1707.0,-6.0,11.0,1718.0,63,59.0,36.0,190,1754.0,12.0,1816,1806.0,-10.0,0,0,,,,2015-4-6,Atlantic Southeast Airlines
Dallas,TX,Kansas City,MO,725,722.0,-3.0,8.0,730.0,85,82.0,72.0,460,842.0,2.0,850,844.0,-6.0,0,0,,,,2015-9-10,Southwest Airlines Co.
San Francisco,CA,Charlotte,NC,600,559.0,-1.0,24.0,623.0,301,315.0,284.0,2296,1407.0,7.0,1401,1414.0,13.0,0,0,,,,2015-9-23,American Airlines Inc.
Palm Springs,CA,Dallas-Fort Worth,TX,1148,1137.0,-11.0,21.0,1158.0,162,170.0,141.0,1126,1619.0,8.0,1630,1627.0,-3.0,0,0,,,,2015-3-19,American Airlines Inc.
Memphis,TN,Baltimore,MD,1615,1613.0,-2.0,26.0,1639.0,115,134.0,102.0,787,1921.0,6.0,1910,1927.0,17.0,0,0,17.0,0.0,0.0,2015-3-31,Southwest Airlines Co.
Houston,TX,San Francisco,CA,1748,1759.0,11.0,19.0,1818.0,244,243.0,218.0,1635,1956.0,6.0,1952,2002.0,10.0,0,0,,,,2015-9-17,United Air Lines Inc.
Chicago,IL,Albany,NY,2120,2113.0,-7.0,6.0,2119.0,105,95.0,84.0,717,2343.0,5.0,5,2348.0,-17.0,0,0,,,,2015-4-6,Southwest Airlines Co.
Minneapolis,MN,New York,NY,1000,957.0,-3.0,15.0,1012.0,160,153.0,132.0,1020,1324.0,6.0,1340,1330.0,-10.0,0,0,,,,2015-11-5,Delta Air Lines Inc.
Tucson,AZ,Chicago,IL,645,647.0,2.0,10.0,657.0,195,208.0,196.0,1440,1213.0,2.0,1200,1215.0,15.0,0,0,15.0,0.0,0.0,2015-4-29,Southwest Airlines Co.
Salt Lake City,UT,Phoenix,AZ,1855,1917.0,22.0,10.0,1927.0,95,89.0,74.0,507,1941.0,5.0,1930,1946.0,16.0,0,0,0.0,0.0,0.0,2015-9-16,Southwest Airlines Co.
Burbank,CA,Sacramento,CA,1010,1011.0,1.0,10.0,1021.0,75,70.0,54.0,358,1115.0,6.0,1125,1121.0,-4.0,0,0,,,,2015-11-26,Southwest Airlines Co.
San Jose,CA,Burbank,CA,2055,2053.0,-2.0,9.0,2102.0,60,60.0,48.0,296,2150.0,3.0,2155,2153.0,-2.0,0,0,,,,2015-1-20,Southwest Airlines Co.
Dallas,TX,Atlanta,GA,1800,1759.0,-1.0,11.0,1810.0,128,124.0,97.0,721,2047.0,16.0,2108,2103.0,-5.0,0,0,,,,2015-6-1,Delta Air Lines Inc.
Detroit,MI,Minneapolis,MN,835,833.0,-2.0,12.0,845.0,111,103.0,80.0,528,905.0,11.0,926,916.0,-10.0,0,0,,,,2015-8-28,Delta Air Lines Inc.
Boston,MA,San Francisco,CA,1726,1733.0,7.0,26.0,1759.0,406,394.0,363.0,2704,2102.0,5.0,2112,2107.0,-5.0,0,0,,,,2015-2-25,United Air Lines Inc.
Phoenix,AZ,San Francisco,CA,1936,1937.0,1.0,13.0,1950.0,125,119.0,102.0,651,2132.0,4.0,2141,2136.0,-5.0,0,0,,,,2015-5-1,Skywest Airlines Inc.
Lubbock,TX,Dallas,TX,835,829.0,-6.0,6.0,835.0,65,65.0,55.0,293,930.0,4.0,940,934.0,-6.0,0,0,,,,2015-3-15,Southwest Airlines Co.
West Palm Beach,FL,Newark,NJ,758,758.0,0.0,15.0,813.0,166,163.0,138.0,1023,1031.0,10.0,1044,1041.0,-3.0,0,0,,,,2015-3-24,United Air Lines Inc.
Los Angeles,CA,Miami,FL,950,950.0,0.0,13.0,1003.0,288,258.0,242.0,2342,1705.0,3.0,1738,1708.0,-30.0,0,0,,,,2015-11-24,Delta Air Lines Inc.
Santa Ana,CA,San Jose,CA,810,808.0,-2.0,9.0,817.0,75,65.0,53.0,342,910.0,3.0,925,913.0,-12.0,0,0,,,,2015-1-7,Southwest Airlines Co.
Minneapolis,MN,Miami,FL,725,721.0,-4.0,16.0,737.0,227,209.0,183.0,1501,1140.0,10.0,1212,1150.0,-22.0,0,0,,,,2015-2-5,Delta Air Lines Inc.
Detroit,MI,Raleigh,NC,2001,1955.0,-6.0,19.0,2014.0,101,102.0,77.0,501,2131.0,6.0,2142,2137.0,-5.0,0,0,,,,2015-12-10,Delta Air Lines Inc.
Ontario,CA,Dallas-Fort Worth,TX,600,557.0,-3.0,16.0,613.0,185,189.0,160.0,1188,1053.0,13.0,1105,1106.0,1.0,0,0,,,,2015-7-1,American Airlines Inc.
San Diego,CA,San Francisco,CA,2130,2204.0,34.0,8.0,2212.0,90,91.0,77.0,447,2329.0,6.0,2300,2335.0,35.0,0,0,35.0,0.0,0.0,2015-6-3,Southwest Airlines Co.
Dallas-Fort Worth,TX,Atlanta,GA,1215,1209.0,-6.0,18.0,1227.0,131,120.0,93.0,731,1500.0,9.0,1526,1509.0,-17.0,0,0,,,,2015-9-12,Delta Air Lines Inc.
Houston,TX,Richmond,VA,1908,1912.0,4.0,19.0,1931.0,163,158.0,134.0,1157,2245.0,5.0,2251,2250.0,-1.0,0,0,,,,2015-1-15,Atlantic Southeast Airlines
Atlanta,GA,Wilmington,NC,1523,1601.0,38.0,25.0,1626.0,89,83.0,55.0,377,1721.0,3.0,1652,1724.0,32.0,0,0,0.0,0.0,0.0,2015-8-31,Atlantic Southeast Airlines
Oklahoma City,OK,Minneapolis,MN,1142,1136.0,-6.0,14.0,1150.0,122,114.0,97.0,694,1327.0,3.0,1344,1330.0,-14.0,0,0,,,,2015-6-6,Skywest Airlines Inc.
Arlington,VA,Minneapolis,MN,1658,1728.0,30.0,18.0,1746.0,169,157.0,136.0,931,1902.0,3.0,1847,1905.0,18.0,0,0,0.0,0.0,0.0,2015-4-10,Delta Air Lines Inc.
Kalispell,MT,Salt Lake City,UT,1733,2047.0,194.0,7.0,2054.0,91,94.0,80.0,531,2214.0,7.0,1904,2221.0,197.0,0,0,3.0,0.0,0.0,2015-4-14,Skywest Airlines Inc.
Anchorage,AK,Minneapolis,MN,525,524.0,-1.0,12.0,536.0,317,300.0,280.0,2519,1316.0,8.0,1342,1324.0,-18.0,0,0,,,,2015-8-21,Delta Air Lines Inc.
Dallas-Fort Worth,TX,Houston,TX,1135,1132.0,-3.0,10.0,1142.0,66,66.0,48.0,224,1230.0,8.0,1241,1238.0,-3.0,0,0,,,,2015-3-4,American Airlines Inc.
Dallas,TX,Midland,TX,1010,1009.0,-1.0,11.0,1020.0,70,67.0,52.0,319,1112.0,4.0,1120,1116.0,-4.0,0,0,,,,2015-11-22,Southwest Airlines Co.
Las Vegas,NV,Houston,TX,749,745.0,-4.0,15.0,800.0,178,175.0,151.0,1222,1231.0,9.0,1247,1240.0,-7.0,0,0,,,,2015-6-1,United Air Lines Inc.
Newark,NJ,Miami,FL,1240,1234.0,-6.0,17.0,1251.0,182,164.0,142.0,1085,1513.0,5.0,1542,1518.0,-24.0,0,0,,,,2015-11-4,American Airlines Inc.
Dallas-Fort Worth,TX,Memphis,TN,2155,2148.0,-7.0,14.0,2202.0,92,75.0,58.0,431,2300.0,3.0,2327,2303.0,-24.0,0,0,,,,2015-5-30,American Airlines Inc.
Newark,NJ,Los Angeles,CA,1300,1258.0,-2.0,24.0,1322.0,357,351.0,313.0,2454,1535.0,14.0,1557,1549.0,-8.0,0,0,,,,2015-6-12,United Air Lines Inc.
Los Angeles,CA,Las Vegas,NV,1540,1549.0,9.0,26.0,1615.0,70,72.0,39.0,236,1654.0,7.0,1650,1701.0,11.0,0,0,,,,2015-8-18,Southwest Airlines Co.
San Antonio,TX,New Orleans,LA,1515,1535.0,20.0,7.0,1542.0,90,,,494,1922.0,5.0,1645,1927.0,,1,0,,,,2015-5-21,Southwest Airlines Co.
Kahului,HI,Los Angeles,CA,1532,1536.0,4.0,11.0,1547.0,309,304.0,277.0,2486,2324.0,16.0,2341,2340.0,-1.0,0,0,,,,2015-6-8,American Airlines Inc.
Baltimore,MD,Buffalo,NY,1015,1025.0,10.0,17.0,1042.0,70,70.0,49.0,281,1131.0,4.0,1125,1135.0,10.0,0,0,,,,2015-6-16,Southwest Airlines Co.
Sacramento,CA,Minneapolis,MN,640,635.0,-5.0,14.0,649.0,212,219.0,201.0,1517,1210.0,4.0,1212,1214.0,2.0,0,0,,,,2015-1-23,Delta Air Lines Inc.
Pittsburgh,PA,Chicago,IL,1919,1923.0,4.0,38.0,2001.0,95,138.0,81.0,413,2022.0,19.0,1954,2041.0,47.0,0,0,43.0,0.0,0.0,2015-6-10,Atlantic Southeast Airlines
Arlington,VA,Atlanta,GA,1405,1400.0,-5.0,10.0,1410.0,115,101.0,85.0,547,1535.0,6.0,1600,1541.0,-19.0,0,0,,,,2015-7-4,Southwest Airlines Co.
Los Angeles,CA,Colorado Springs,CO,1757,2050.0,173.0,17.0,2107.0,143,129.0,107.0,833,2354.0,5.0,2120,2359.0,159.0,0,0,0.0,0.0,0.0,2015-7-19,Skywest Airlines Inc.
Eugene,OR,Salt Lake City,UT,1300,1254.0,-6.0,10.0,1304.0,107,99.0,82.0,618,1526.0,7.0,1547,1533.0,-14.0,0,0,,,,2015-6-13,Skywest Airlines Inc.
Appleton,WI,Chicago,IL,1908,2030.0,82.0,16.0,2046.0,62,66.0,36.0,160,2122.0,14.0,2010,2136.0,86.0,0,0,4.0,0.0,0.0,2015-7-22,Atlantic Southeast Airlines
Burbank,CA,Salt Lake City,UT,1020,1019.0,-1.0,21.0,1040.0,113,116.0,89.0,574,1309.0,6.0,1313,1315.0,2.0,0,0,,,,2015-5-31,Skywest Airlines Inc.
Detroit,MI,Phoenix,AZ,1105,1104.0,-1.0,15.0,1119.0,273,253.0,232.0,1671,1311.0,6.0,1338,1317.0,-21.0,0,0,,,,2015-11-14,American Airlines Inc.
Minneapolis,MN,Sioux Falls,SD,919,918.0,-1.0,22.0,940.0,68,64.0,37.0,196,1017.0,5.0,1027,1022.0,-5.0,0,0,,,,2015-7-30,Skywest Airlines Inc.
San Jose,CA,Los Angeles,CA,630,627.0,-3.0,7.0,634.0,75,80.0,49.0,308,723.0,24.0,745,747.0,2.0,0,0,,,,2015-5-5,Southwest Airlines Co.
Sacramento,CA,Las Vegas,NV,655,651.0,-4.0,10.0,701.0,80,82.0,62.0,397,803.0,10.0,815,813.0,-2.0,0,0,,,,2015-1-9,Southwest Airlines Co.
Orlando,FL,Atlanta,GA,1810,1807.0,-3.0,53.0,1900.0,95,132.0,74.0,404,2014.0,5.0,1945,2019.0,34.0,0,0,34.0,0.0,0.0,2015-7-23,Southwest Airlines Co.
Los Angeles,CA,New York,NY,600,554.0,-6.0,14.0,608.0,316,311.0,292.0,2475,1400.0,5.0,1416,1405.0,-11.0,0,0,,,,2015-3-7,American Airlines Inc.
Atlanta,GA,Detroit,MI,1525,1524.0,-1.0,19.0,1543.0,120,111.0,86.0,594,1709.0,6.0,1725,1715.0,-10.0,0,0,,,,2015-8-27,Southwest Airlines Co.
Chantilly,VA,Minneapolis,MN,1910,1906.0,-4.0,21.0,1927.0,159,170.0,145.0,908,2052.0,4.0,2049,2056.0,7.0,0,0,,,,2015-3-16,Atlantic Southeast Airlines
Baltimore,MD,Manchester,NH,2055,2252.0,117.0,10.0,2302.0,80,74.0,60.0,377,2.0,4.0,2215,6.0,111.0,0,0,0.0,0.0,0.0,2015-4-23,Southwest Airlines Co.
Ft. Myers,FL,Arlington,VA,1240,1238.0,-2.0,19.0,1257.0,145,135.0,111.0,892,1448.0,5.0,1505,1453.0,-12.0,0,0,,,,2015-3-23,Southwest Airlines Co.
Denver,CO,Los Angeles,CA,1400,1412.0,12.0,12.0,1424.0,148,136.0,115.0,862,1519.0,9.0,1528,1528.0,0.0,0,0,,,,2015-6-21,United Air Lines Inc.
Ft. Myers,FL,Columbus,OH,1740,1741.0,1.0,10.0,1751.0,145,143.0,127.0,930,1958.0,6.0,2005,2004.0,-1.0,0,0,,,,2015-5-8,Southwest Airlines Co.
Phoenix,AZ,Omaha,NE,1730,1901.0,91.0,9.0,1910.0,145,141.0,128.0,1037,2318.0,4.0,2155,2322.0,87.0,0,0,0.0,0.0,0.0,2015-8-15,Southwest Airlines Co.
Indianapolis,IN,Tampa,FL,1240,1238.0,-2.0,12.0,1250.0,130,138.0,109.0,837,1439.0,17.0,1450,1456.0,6.0,0,0,,,,2015-4-26,Southwest Airlines Co.
Denver,CO,Salt Lake City,UT,830,827.0,-3.0,15.0,842.0,95,84.0,63.0,391,945.0,6.0,1005,951.0,-14.0,0,0,,,,2015-4-21,Southwest Airlines Co.
Minneapolis,MN,Grand Forks,ND,1525,1543.0,18.0,37.0,1620.0,85,85.0,44.0,284,1704.0,4.0,1650,1708.0,18.0,0,0,0.0,0.0,0.0,2015-12-29,Skywest Airlines Inc.
Houston,TX,Kansas City,MO,1748,1803.0,15.0,17.0,1820.0,126,116.0,91.0,643,1951.0,8.0,1954,1959.0,5.0,0,0,,,,2015-8-7,Atlantic Southeast Airlines
Dallas-Fort Worth,TX,Houston,TX,1030,1028.0,-2.0,34.0,1102.0,77,85.0,44.0,247,1146.0,7.0,1147,1153.0,6.0,0,0,,,,2015-4-23,Atlantic Southeast Airlines
Nashville,TN,Dallas,TX,710,706.0,-4.0,9.0,715.0,120,100.0,86.0,623,841.0,5.0,910,846.0,-24.0,0,0,,,,2015-8-25,Southwest Airlines Co.
Detroit,MI,Omaha,NE,836,940.0,64.0,12.0,952.0,126,103.0,86.0,651,1018.0,5.0,942,1023.0,41.0,0,0,0.0,0.0,0.0,2015-5-6,Atlantic Southeast Airlines
Sacramento,CA,San Diego,CA,655,655.0,0.0,10.0,705.0,85,88.0,72.0,480,817.0,6.0,820,823.0,3.0,0,0,,,,2015-8-14,Southwest Airlines Co.
Orlando,FL,Boston,MA,1859,2041.0,102.0,13.0,2054.0,165,149.0,120.0,1121,2254.0,16.0,2144,2310.0,86.0,0,0,0.0,0.0,0.0,2015-2-18,Delta Air Lines Inc.
Minneapolis,MN,Sacramento,CA,1747,1742.0,-5.0,16.0,1758.0,227,219.0,199.0,1517,1917.0,4.0,1934,1921.0,-13.0,0,0,,,,2015-7-7,Delta Air Lines Inc.
Reno,NV,San Diego,CA,1310,1305.0,-5.0,8.0,1313.0,85,76.0,66.0,488,1419.0,2.0,1435,1421.0,-14.0,0,0,,,,2015-4-11,Southwest Airlines Co.
Orlando,FL,Atlanta,GA,2030,2020.0,-10.0,17.0,2037.0,89,89.0,66.0,404,2143.0,6.0,2159,2149.0,-10.0,0,0,,,,2015-2-19,Delta Air Lines Inc.
Oakland,CA,Santa Ana,CA,705,659.0,-6.0,10.0,709.0,85,84.0,70.0,371,819.0,4.0,830,823.0,-7.0,0,0,,,,2015-2-16,Southwest Airlines Co.
Atlanta,GA,Cleveland,OH,845,842.0,-3.0,11.0,853.0,106,105.0,86.0,554,1019.0,8.0,1031,1027.0,-4.0,0,0,,,,2015-1-27,Delta Air Lines Inc.
Oakland,CA,Burbank,CA,1210,1257.0,47.0,10.0,1307.0,65,60.0,47.0,325,1354.0,3.0,1315,1357.0,42.0,0,0,0.0,0.0,0.0,2015-12-28,Southwest Airlines Co.
Phoenix,AZ,Los Angeles,CA,1700,1656.0,-4.0,13.0,1709.0,87,77.0,52.0,370,1801.0,12.0,1827,1813.0,-14.0,0,0,,,,2015-7-3,American Airlines Inc.
Baltimore,MD,Atlanta,GA,2015,2008.0,-7.0,22.0,2030.0,120,127.0,89.0,577,2159.0,16.0,2215,2215.0,0.0,0,0,,,,2015-3-24,Delta Air Lines Inc.
Las Vegas,NV,Dallas,TX,1525,1534.0,9.0,16.0,1550.0,160,156.0,136.0,1067,2006.0,4.0,2005,2010.0,5.0,0,0,,,,2015-6-19,Southwest Airlines Co.
Salt Lake City,UT,Las Vegas,NV,600,555.0,-5.0,16.0,611.0,75,78.0,56.0,368,607.0,6.0,615,613.0,-2.0,0,0,,,,2015-7-21,Southwest Airlines Co.
Denver,CO,Rock Springs,WY,1510,1502.0,-8.0,16.0,1518.0,71,67.0,47.0,260,1605.0,4.0,1621,1609.0,-12.0,0,0,,,,2015-12-10,Skywest Airlines Inc.
Sacramento,CA,San Diego,CA,1445,1443.0,-2.0,10.0,1453.0,85,84.0,71.0,480,1604.0,3.0,1610,1607.0,-3.0,0,0,,,,2015-8-2,Southwest Airlines Co.
Jacksonville,NC,Atlanta,GA,1452,1443.0,-9.0,13.0,1456.0,93,84.0,65.0,399,1601.0,6.0,1625,1607.0,-18.0,0,0,,,,2015-11-23,Atlantic Southeast Airlines
Hailey,ID,Salt Lake City,UT,1300,1247.0,-13.0,9.0,1256.0,60,48.0,35.0,222,1331.0,4.0,1400,1335.0,-25.0,0,0,,,,2015-3-8,Skywest Airlines Inc.
Chicago,IL,San Diego,CA,1100,1054.0,-6.0,24.0,1118.0,257,249.0,221.0,1723,1259.0,4.0,1317,1303.0,-14.0,0,0,,,,2015-5-5,American Airlines Inc.
Arlington,VA,Detroit,MI,940,940.0,0.0,11.0,951.0,88,77.0,62.0,405,1053.0,4.0,1108,1057.0,-11.0,0,0,,,,2015-8-16,Delta Air Lines Inc.
Boise,ID,Minneapolis,MN,1425,1424.0,-1.0,13.0,1437.0,164,152.0,134.0,1142,1751.0,5.0,1809,1756.0,-13.0,0,0,,,,2015-9-16,Skywest Airlines Inc.
New York,NY,Los Angeles,CA,1730,1954.0,144.0,31.0,2025.0,394,385.0,338.0,2475,2303.0,16.0,2104,2319.0,135.0,0,0,0.0,0.0,0.0,2015-2-26,American Airlines Inc.
Cleveland,OH,Chicago,IL,1625,1625.0,0.0,15.0,1640.0,75,81.0,61.0,307,1641.0,5.0,1640,1646.0,6.0,0,0,,,,2015-8-11,Southwest Airlines Co.
Omaha,NE,Dallas-Fort Worth,TX,1855,1850.0,-5.0,14.0,1904.0,115,151.0,125.0,583,2109.0,12.0,2050,2121.0,31.0,0,0,31.0,0.0,0.0,2015-5-7,American Airlines Inc.
San Diego,CA,Covington,KY,2300,2304.0,4.0,16.0,2320.0,240,229.0,209.0,1865,549.0,4.0,600,553.0,-7.0,0,0,,,,2015-1-2,Delta Air Lines Inc.
San Jose,CA,San Diego,CA,1755,1751.0,-4.0,11.0,1802.0,80,74.0,61.0,417,1903.0,2.0,1915,1905.0,-10.0,0,0,,,,2015-7-10,Southwest Airlines Co.
Raleigh,NC,Newark,NJ,1413,1408.0,-5.0,23.0,1431.0,96,117.0,69.0,416,1540.0,25.0,1549,1605.0,16.0,0,0,16.0,0.0,0.0,2015-3-21,Atlantic Southeast Airlines
Dallas-Fort Worth,TX,San Francisco,CA,2025,2021.0,-4.0,15.0,2036.0,230,222.0,197.0,1464,2153.0,10.0,2215,2203.0,-12.0,0,0,,,,2015-7-23,American Airlines Inc.
Minneapolis,MN,Spokane,WA,1135,1130.0,-5.0,16.0,1146.0,181,170.0,150.0,1175,1216.0,4.0,1236,1220.0,-16.0,0,0,,,,2015-8-29,Delta Air Lines Inc.
Dallas-Fort Worth,TX,Salt Lake City,UT,1410,1406.0,-4.0,18.0,1424.0,173,161.0,139.0,989,1543.0,4.0,1603,1547.0,-16.0,0,0,,,,2015-12-18,Delta Air Lines Inc.
Chicago,IL,Raleigh,NC,940,939.0,-1.0,7.0,946.0,110,102.0,91.0,632,1217.0,4.0,1230,1221.0,-9.0,0,0,,,,2015-8-14,Southwest Airlines Co.
Atlanta,GA,Dallas,TX,640,638.0,-2.0,8.0,646.0,140,124.0,111.0,721,737.0,5.0,800,742.0,-18.0,0,0,,,,2015-12-14,Southwest Airlines Co.
Wichita,KS,Houston,TX,612,610.0,-2.0,8.0,618.0,112,106.0,81.0,542,739.0,17.0,804,756.0,-8.0,0,0,,,,2015-11-14,Atlantic Southeast Airlines
Dallas-Fort Worth,TX,Tucson,AZ,1240,1235.0,-5.0,14.0,1249.0,146,133.0,115.0,813,1344.0,4.0,1406,1348.0,-18.0,0,0,,,,2015-1-28,American Airlines Inc.
Chicago,IL,Salt Lake City,UT,924,931.0,7.0,13.0,944.0,208,192.0,175.0,1250,1139.0,4.0,1152,1143.0,-9.0,0,0,,,,2015-7-23,United Air Lines Inc.
Minneapolis,MN,Philadelphia,PA,1315,1314.0,-1.0,13.0,1327.0,147,151.0,126.0,980,1633.0,12.0,1642,1645.0,3.0,0,0,,,,2015-4-30,Delta Air Lines Inc.
Salt Lake City,UT,Portland,OR,2210,2205.0,-5.0,15.0,2220.0,112,114.0,84.0,630,2244.0,15.0,2302,2259.0,-3.0,0,0,,,,2015-5-11,Delta Air Lines Inc.
Columbus,OH,Dallas-Fort Worth,TX,1644,1700.0,16.0,18.0,1718.0,176,150.0,125.0,926,1823.0,7.0,1840,1830.0,-10.0,0,0,,,,2015-1-26,American Airlines Inc.
Milwaukee,WI,Chicago,IL,1624,1624.0,0.0,21.0,1645.0,53,64.0,26.0,67,1711.0,17.0,1717,1728.0,11.0,0,0,,,,2015-12-14,Skywest Airlines Inc.
St Louis,MO,Orlando,FL,1810,1808.0,-2.0,6.0,1814.0,135,124.0,109.0,882,2103.0,9.0,2125,2112.0,-13.0,0,0,,,,2015-3-15,Southwest Airlines Co.
Grand Rapids,MI,Atlanta,GA,615,610.0,-5.0,10.0,620.0,127,115.0,93.0,640,753.0,12.0,822,805.0,-17.0,0,0,,,,2015-4-29,Delta Air Lines Inc.
Houston,TX,Little Rock,AR,1910,1904.0,-6.0,26.0,1930.0,79,89.0,53.0,374,2023.0,10.0,2029,2033.0,4.0,0,0,,,,2015-11-6,Atlantic Southeast Airlines
Atlanta,GA,Fort Wayne,IN,1940,1937.0,-3.0,21.0,1958.0,104,107.0,80.0,508,2118.0,6.0,2124,2124.0,0.0,0,0,,,,2015-11-12,Skywest Airlines Inc.
Minneapolis,MN,Bismarck,ND,1726,1727.0,1.0,15.0,1742.0,99,82.0,64.0,386,1846.0,3.0,1905,1849.0,-16.0,0,0,,,,2015-11-5,Skywest Airlines Inc.
Dallas-Fort Worth,TX,San Francisco,CA,2200,2158.0,-2.0,19.0,2217.0,226,239.0,197.0,1464,2334.0,23.0,2346,2357.0,11.0,0,0,,,,2015-8-28,American Airlines Inc.
Dallas-Fort Worth,TX,Salt Lake City,UT,1411,1406.0,-5.0,13.0,1419.0,170,148.0,130.0,989,1529.0,5.0,1601,1534.0,-27.0,0,0,,,,2015-4-30,American Airlines Inc.
Covington,KY,Chicago,IL,800,756.0,-4.0,27.0,823.0,80,79.0,48.0,265,811.0,4.0,820,815.0,-5.0,0,0,,,,2015-5-4,Skywest Airlines Inc.
Houston,TX,Boise,ID,1745,1824.0,39.0,30.0,1854.0,233,242.0,208.0,1482,2122.0,4.0,2038,2126.0,48.0,0,0,9.0,0.0,0.0,2015-2-26,Skywest Airlines Inc.
Chicago,IL,Peoria,IL,2103,2050.0,-13.0,22.0,2112.0,57,66.0,34.0,130,2146.0,10.0,2200,2156.0,-4.0,0,0,,,,2015-7-8,Atlantic Southeast Airlines
Seattle,WA,Spokane,WA,1445,1443.0,-2.0,18.0,1501.0,67,58.0,36.0,224,1537.0,4.0,1552,1541.0,-11.0,0,0,,,,2015-7-28,Skywest Airlines Inc.
Ontario,CA,Dallas-Fort Worth,TX,1055,1059.0,4.0,10.0,1109.0,181,166.0,145.0,1188,1534.0,11.0,1556,1545.0,-11.0,0,0,,,,2015-4-21,American Airlines Inc.
Newark,NJ,Los Angeles,CA,1915,2027.0,72.0,23.0,2050.0,374,368.0,303.0,2454,2253.0,42.0,2229,2335.0,66.0,0,0,0.0,0.0,0.0,2015-9-27,United Air Lines Inc.
Detroit,MI,Richmond,VA,1005,1001.0,-4.0,14.0,1015.0,95,87.0,70.0,456,1125.0,3.0,1140,1128.0,-12.0,0,0,,,,2015-3-31,Atlantic Southeast Airlines
Grand Rapids,MI,St Louis,MO,655,653.0,-2.0,10.0,703.0,90,71.0,57.0,382,700.0,4.0,725,704.0,-21.0,0,0,,,,2015-9-29,Southwest Airlines Co.
Reno,NV,Las Vegas,NV,1940,1957.0,17.0,9.0,2006.0,75,83.0,59.0,345,2105.0,15.0,2055,2120.0,25.0,0,0,8.0,0.0,0.0,2015-7-31,Southwest Airlines Co.
Houston,TX,Atlanta,GA,1228,1223.0,-5.0,21.0,1244.0,116,123.0,90.0,696,1514.0,12.0,1524,1526.0,2.0,0,0,,,,2015-1-14,Delta Air Lines Inc.
Mobile,AL,Atlanta,GA,903,948.0,45.0,8.0,956.0,71,65.0,46.0,302,1142.0,11.0,1114,1153.0,39.0,0,0,0.0,0.0,0.0,2015-11-2,Atlantic Southeast Airlines
Dallas-Fort Worth,TX,Boston,MA,2010,2004.0,-6.0,17.0,2021.0,214,197.0,174.0,1562,15.0,6.0,44,21.0,-23.0,0,0,,,,2015-12-14,American Airlines Inc.
San Francisco,CA,Honolulu,HI,1610,1612.0,2.0,22.0,1634.0,343,341.0,312.0,2398,1946.0,7.0,1953,1953.0,0.0,0,0,,,,2015-12-5,United Air Lines Inc.
Alexandria,LA,Houston,TX,540,548.0,8.0,10.0,558.0,65,55.0,39.0,190,637.0,6.0,645,643.0,-2.0,0,0,,,,2015-11-14,Atlantic Southeast Airlines
Minneapolis,MN,Newark,NJ,1738,1738.0,0.0,30.0,1808.0,160,164.0,129.0,1008,2117.0,5.0,2118,2122.0,4.0,0,0,,,,2015-9-28,Delta Air Lines Inc.
New Orleans,LA,Chicago,IL,1008,1004.0,-4.0,11.0,1015.0,152,140.0,116.0,837,1211.0,13.0,1240,1224.0,-16.0,0,0,,,,2015-4-28,United Air Lines Inc.
Phoenix,AZ,Yuma,AZ,845,848.0,3.0,33.0,921.0,62,80.0,38.0,160,959.0,9.0,947,1008.0,21.0,0,0,18.0,0.0,0.0,2015-6-17,Skywest Airlines Inc.
St Louis,MO,Dallas-Fort Worth,TX,605,559.0,-6.0,21.0,620.0,108,104.0,77.0,550,737.0,6.0,753,743.0,-10.0,0,0,,,,2015-6-29,American Airlines Inc.
Atlanta,GA,Indianapolis,IN,2156,2153.0,-3.0,15.0,2208.0,97,83.0,63.0,432,2311.0,5.0,2333,2316.0,-17.0,0,0,,,,2015-3-8,Delta Air Lines Inc.
Indianapolis,IN,Denver,CO,1700,1720.0,20.0,14.0,1734.0,165,153.0,128.0,977,1742.0,11.0,1745,1753.0,8.0,0,0,,,,2015-9-24,United Air Lines Inc.
Detroit,MI,Memphis,TN,1351,1347.0,-4.0,14.0,1401.0,124,107.0,90.0,610,1431.0,3.0,1455,1434.0,-21.0,0,0,,,,2015-11-2,Delta Air Lines Inc.
Sacramento,CA,Burbank,CA,1210,1209.0,-1.0,8.0,1217.0,65,61.0,50.0,358,1307.0,3.0,1315,1310.0,-5.0,0,0,,,,2015-11-18,Southwest Airlines Co.
Arlington,VA,Miami,FL,1805,1806.0,1.0,17.0,1823.0,167,155.0,130.0,919,2033.0,8.0,2052,2041.0,-11.0,0,0,,,,2015-3-20,American Airlines Inc.
Gunnison,CO,Chicago,IL,1215,1204.0,-11.0,14.0,1218.0,163,154.0,132.0,1031,1530.0,8.0,1558,1538.0,-20.0,0,0,,,,2015-3-21,Skywest Airlines Inc.
Detroit,MI,Madison,WI,1345,1348.0,3.0,33.0,1421.0,78,87.0,51.0,311,1412.0,3.0,1403,1415.0,12.0,0,0,,,,2015-1-20,Atlantic Southeast Airlines
Denver,CO,Phoenix,AZ,600,555.0,-5.0,12.0,607.0,115,103.0,85.0,602,632.0,6.0,655,638.0,-17.0,0,0,,,,2015-4-14,Southwest Airlines Co.
Los Angeles,CA,New York,NY,1115,1112.0,-3.0,13.0,1125.0,353,319.0,298.0,2475,1923.0,8.0,2008,1931.0,-37.0,0,0,,,,2015-8-21,American Airlines Inc.
Las Vegas,NV,Kansas City,MO,1140,1136.0,-4.0,13.0,1149.0,165,152.0,135.0,1139,1604.0,4.0,1625,1608.0,-17.0,0,0,,,,2015-4-11,Southwest Airlines Co.
Houston,TX,Los Angeles,CA,1959,2040.0,41.0,19.0,2059.0,211,200.0,172.0,1379,2151.0,9.0,2130,2200.0,30.0,0,0,0.0,0.0,0.0,2015-8-11,United Air Lines Inc.
Minneapolis,MN,Lansing,MI,1500,1458.0,-2.0,16.0,1514.0,99,88.0,66.0,455,1720.0,6.0,1739,1726.0,-13.0,0,0,,,,2015-12-28,Skywest Airlines Inc.
Bloomington,IL,Atlanta,GA,605,600.0,-5.0,9.0,609.0,98,93.0,75.0,533,824.0,9.0,843,833.0,-10.0,0,0,,,,2015-11-26,Atlantic Southeast Airlines
Detroit,MI,Los Angeles,CA,835,833.0,-2.0,18.0,851.0,310,287.0,252.0,1979,1003.0,17.0,1045,1020.0,-25.0,0,0,,,,2015-3-21,Delta Air Lines Inc.
Tulsa,OK,Houston,TX,1430,1432.0,2.0,7.0,1439.0,90,79.0,69.0,453,1548.0,3.0,1600,1551.0,-9.0,0,0,,,,2015-2-9,Southwest Airlines Co.
Chicago,IL,Dallas,TX,945,958.0,13.0,12.0,1010.0,130,118.0,101.0,793,1151.0,5.0,1155,1156.0,1.0,0,0,,,,2015-8-6,Southwest Airlines Co.
Baltimore,MD,Orlando,FL,2035,2108.0,33.0,11.0,2119.0,130,134.0,121.0,787,2320.0,2.0,2245,2322.0,37.0,0,0,4.0,0.0,0.0,2015-6-30,Southwest Airlines Co.
Miami,FL,Denver,CO,2115,2309.0,114.0,13.0,2322.0,269,268.0,240.0,1709,122.0,15.0,2344,137.0,113.0,0,0,0.0,0.0,0.0,2015-1-3,American Airlines Inc.
Denver,CO,Salt Lake City,UT,800,835.0,35.0,46.0,921.0,91,109.0,58.0,391,1019.0,5.0,931,1024.0,53.0,0,0,18.0,0.0,10.0,2015-4-16,Skywest Airlines Inc.
Dallas-Fort Worth,TX,Chicago,IL,1820,1828.0,8.0,22.0,1850.0,148,136.0,101.0,802,2031.0,13.0,2048,2044.0,-4.0,0,0,,,,2015-9-11,American Airlines Inc.
San Francisco,CA,Los Angeles,CA,1427,1427.0,0.0,14.0,1441.0,93,84.0,56.0,337,1537.0,14.0,1600,1551.0,-9.0,0,0,,,,2015-7-28,American Airlines Inc.
Boston,MA,Atlanta,GA,940,937.0,-3.0,18.0,955.0,179,176.0,150.0,946,1225.0,8.0,1239,1233.0,-6.0,0,0,,,,2015-11-9,Delta Air Lines Inc.
Ft. Myers,FL,Milwaukee,WI,1625,1619.0,-6.0,10.0,1629.0,190,189.0,172.0,1183,1821.0,7.0,1835,1828.0,-7.0,0,0,,,,2015-4-4,Southwest Airlines Co.
Tampa,FL,Newark,NJ,1706,1652.0,-14.0,20.0,1712.0,176,170.0,140.0,997,1932.0,10.0,2002,1942.0,-20.0,0,0,,,,2015-4-22,United Air Lines Inc.
Milwaukee,WI,Dallas,TX,1900,1918.0,18.0,14.0,1932.0,155,135.0,117.0,850,2129.0,4.0,2135,2133.0,-2.0,0,0,,,,2015-6-3,Southwest Airlines Co.
San Antonio,TX,Houston,TX,700,657.0,-3.0,13.0,710.0,64,61.0,43.0,191,753.0,5.0,804,758.0,-6.0,0,0,,,,2015-7-3,United Air Lines Inc.
San Diego,CA,San Antonio,TX,700,716.0,16.0,10.0,726.0,155,151.0,137.0,1129,1143.0,4.0,1135,1147.0,12.0,0,0,,,,2015-3-19,Southwest Airlines Co.
San Diego,CA,Las Vegas,NV,800,755.0,-5.0,8.0,803.0,70,63.0,51.0,258,854.0,4.0,910,858.0,-12.0,0,0,,,,2015-6-26,Southwest Airlines Co.
Chicago,IL,Houston,TX,2045,2042.0,-3.0,14.0,2056.0,165,163.0,144.0,937,2320.0,5.0,2330,2325.0,-5.0,0,0,,,,2015-11-29,Southwest Airlines Co.
Orlando,FL,Minneapolis,MN,1416,1530.0,74.0,14.0,1544.0,208,186.0,165.0,1310,1729.0,7.0,1644,1736.0,52.0,0,0,0.0,0.0,52.0,2015-6-10,Delta Air Lines Inc.
Salt Lake City,UT,Boise,ID,1121,1118.0,-3.0,17.0,1135.0,69,66.0,47.0,290,1222.0,2.0,1230,1224.0,-6.0,0,0,,,,2015-3-26,Delta Air Lines Inc.
Portland,OR,Houston,TX,1225,1407.0,102.0,10.0,1417.0,238,239.0,207.0,1825,1944.0,22.0,1823,2006.0,103.0,0,0,1.0,0.0,0.0,2015-11-17,United Air Lines Inc.
Atlanta,GA,Chicago,IL,535,533.0,-2.0,12.0,545.0,115,105.0,81.0,591,606.0,12.0,630,618.0,-12.0,0,0,,,,2015-9-1,Southwest Airlines Co.
Springfield,MO,Atlanta,GA,1810,2044.0,154.0,10.0,2054.0,98,87.0,73.0,563,2307.0,4.0,2048,2311.0,143.0,0,0,0.0,0.0,0.0,2015-9-14,Atlantic Southeast Airlines
Newark,NJ,Nashville,TN,1705,1704.0,-1.0,21.0,1725.0,157,145.0,116.0,748,1821.0,8.0,1842,1829.0,-13.0,0,0,,,,2015-1-24,Atlantic Southeast Airlines
Phoenix,AZ,Tucson,AZ,1215,1212.0,-3.0,17.0,1229.0,46,47.0,25.0,110,1254.0,5.0,1301,1259.0,-2.0,0,0,,,,2015-5-31,Skywest Airlines Inc.
Nashville,TN,Charleston,SC,1400,1357.0,-3.0,11.0,1408.0,80,77.0,61.0,439,1609.0,5.0,1620,1614.0,-6.0,0,0,,,,2015-8-17,Southwest Airlines Co.
Austin,TX,Lubbock,TX,1355,1350.0,-5.0,12.0,1402.0,70,64.0,49.0,341,1451.0,3.0,1505,1454.0,-11.0,0,0,,,,2015-7-11,Southwest Airlines Co.
Detroit,MI,Atlanta,GA,900,858.0,-2.0,13.0,911.0,128,112.0,93.0,594,1044.0,6.0,1108,1050.0,-18.0,0,0,,,,2015-12-21,Delta Air Lines Inc.
Minneapolis,MN,Charlotte,NC,1306,1303.0,-3.0,7.0,1310.0,141,137.0,122.0,930,1612.0,8.0,1627,1620.0,-7.0,0,0,,,,2015-4-9,Delta Air Lines Inc.
San Diego,CA,Los Angeles,CA,1935,1925.0,-10.0,25.0,1950.0,55,59.0,27.0,109,2017.0,7.0,2030,2024.0,-6.0,0,0,,,,2015-4-4,Skywest Airlines Inc.
Baltimore,MD,Oakland,CA,1100,1111.0,11.0,10.0,1121.0,370,340.0,324.0,2447,1345.0,6.0,1410,1351.0,-19.0,0,0,,,,2015-8-18,Southwest Airlines Co.
Orlando,FL,Milwaukee,WI,845,841.0,-4.0,12.0,853.0,180,163.0,147.0,1066,1020.0,4.0,1045,1024.0,-21.0,0,0,,,,2015-3-30,Southwest Airlines Co.
Tampa,FL,Philadelphia,PA,1705,1741.0,36.0,12.0,1753.0,155,143.0,127.0,920,2000.0,4.0,1940,2004.0,24.0,0,0,0.0,0.0,0.0,2015-11-24,American Airlines Inc.
Chicago,IL,Sacramento,CA,1930,1929.0,-1.0,10.0,1939.0,265,240.0,222.0,1790,2121.0,8.0,2155,2129.0,-26.0,0,0,,,,2015-9-11,Southwest Airlines Co.
West Palm Beach,FL,Baltimore,MD,1905,1905.0,0.0,11.0,1916.0,140,139.0,124.0,883,2120.0,4.0,2125,2124.0,-1.0,0,0,,,,2015-2-19,Southwest Airlines Co.
Santa Ana,CA,Salt Lake City,UT,705,655.0,-10.0,17.0,712.0,119,120.0,95.0,588,947.0,8.0,1004,955.0,-9.0,0,0,,,,2015-1-14,Skywest Airlines Inc.
Philadelphia,PA,Boston,MA,2245,2241.0,-4.0,9.0,2250.0,70,62.0,48.0,280,2338.0,5.0,2355,2343.0,-12.0,0,0,,,,2015-11-22,American Airlines Inc.
New York,NY,Ft. Lauderdale,FL,805,800.0,-5.0,21.0,821.0,203,178.0,153.0,1069,1054.0,4.0,1128,1058.0,-30.0,0,0,,,,2015-5-27,Delta Air Lines Inc.
Atlanta,GA,Fayetteville,NC,2109,2104.0,-5.0,17.0,2121.0,80,65.0,44.0,331,2205.0,4.0,2229,2209.0,-20.0,0,0,,,,2015-11-28,Delta Air Lines Inc.
Atlanta,GA,Rochester,MN,1350,1405.0,15.0,18.0,1423.0,146,130.0,110.0,831,1513.0,2.0,1516,1515.0,-1.0,0,0,,,,2015-7-7,Atlantic Southeast Airlines
New Orleans,LA,Orlando,FL,1940,1958.0,18.0,7.0,2005.0,100,84.0,71.0,551,2216.0,6.0,2220,2222.0,2.0,0,0,,,,2015-4-23,Southwest Airlines Co.
Houston,TX,Dallas,TX,2100,2112.0,12.0,12.0,2124.0,60,57.0,41.0,239,2205.0,4.0,2200,2209.0,9.0,0,0,,,,2015-4-12,Southwest Airlines Co.
Chicago,IL,Louisville,KY,750,744.0,-6.0,17.0,801.0,81,72.0,48.0,287,949.0,7.0,1011,956.0,-15.0,0,0,,,,2015-5-23,Atlantic Southeast Airlines
Houston,TX,New Orleans,LA,1955,1958.0,3.0,11.0,2009.0,74,59.0,45.0,305,2054.0,3.0,2109,2057.0,-12.0,0,0,,,,2015-7-24,United Air Lines Inc.
Charleston,SC,Baltimore,MD,800,753.0,-7.0,9.0,802.0,95,79.0,63.0,472,905.0,7.0,935,912.0,-23.0,0,0,,,,2015-1-23,Southwest Airlines Co.
Des Moines,IA,Minneapolis,MN,1730,1730.0,0.0,41.0,1811.0,63,89.0,45.0,232,1856.0,3.0,1833,1859.0,26.0,0,0,26.0,0.0,0.0,2015-9-1,Delta Air Lines Inc.
Baltimore,MD,Detroit,MI,740,739.0,-1.0,13.0,752.0,95,91.0,72.0,409,904.0,6.0,915,910.0,-5.0,0,0,,,,2015-9-2,Southwest Airlines Co.
Boston,MA,Los Angeles,CA,1635,1634.0,-1.0,30.0,1704.0,382,429.0,384.0,2611,2028.0,15.0,1957,2043.0,46.0,0,0,46.0,0.0,0.0,2015-5-7,American Airlines Inc.
Albany,NY,Las Vegas,NV,1305,1305.0,0.0,8.0,1313.0,330,332.0,317.0,2237,1530.0,7.0,1535,1537.0,2.0,0,0,,,,2015-5-1,Southwest Airlines Co.
Minneapolis,MN,Chicago,IL,1503,1501.0,-2.0,16.0,1517.0,95,103.0,69.0,334,1626.0,18.0,1638,1644.0,6.0,0,0,,,,2015-6-9,Delta Air Lines Inc.
Phoenix,AZ,San Antonio,TX,900,854.0,-6.0,36.0,930.0,139,143.0,104.0,843,1314.0,3.0,1319,1317.0,-2.0,0,0,,,,2015-4-6,Skywest Airlines Inc.
San Juan,PR,Charlotte,NC,1450,1456.0,6.0,12.0,1508.0,232,209.0,187.0,1475,1815.0,10.0,1842,1825.0,-17.0,0,0,,,,2015-8-30,American Airlines Inc.
Columbus,OH,Los Angeles,CA,649,635.0,-14.0,9.0,644.0,321,291.0,279.0,1995,823.0,3.0,910,826.0,-44.0,0,0,,,,2015-12-15,Delta Air Lines Inc.
Phoenix,AZ,Miami,FL,950,945.0,-5.0,32.0,1017.0,261,263.0,224.0,1972,1601.0,7.0,1611,1608.0,-3.0,0,0,,,,2015-12-8,American Airlines Inc.
Appleton,WI,Atlanta,GA,535,527.0,-8.0,18.0,545.0,147,118.0,95.0,765,820.0,5.0,902,825.0,-37.0,0,0,,,,2015-1-16,Delta Air Lines Inc.
Dallas-Fort Worth,TX,Charlotte,NC,1335,1336.0,1.0,13.0,1349.0,145,135.0,107.0,936,1636.0,15.0,1700,1651.0,-9.0,0,0,,,,2015-12-16,American Airlines Inc.
Chicago,IL,San Francisco,CA,2035,2048.0,13.0,23.0,2111.0,292,276.0,248.0,1846,2319.0,5.0,2327,2324.0,-3.0,0,0,,,,2015-3-7,United Air Lines Inc.
Los Angeles,CA,St Louis,MO,1520,1524.0,4.0,12.0,1536.0,218,204.0,181.0,1592,2037.0,11.0,2058,2048.0,-10.0,0,0,,,,2015-5-20,American Airlines Inc.
San Jose,CA,Phoenix,AZ,635,634.0,-1.0,12.0,646.0,105,108.0,83.0,621,909.0,13.0,920,922.0,2.0,0,0,,,,2015-12-16,Southwest Airlines Co.
Dallas-Fort Worth,TX,Baton Rouge,LA,1125,1120.0,-5.0,15.0,1135.0,76,76.0,58.0,383,1233.0,3.0,1241,1236.0,-5.0,0,0,,,,2015-11-21,Atlantic Southeast Airlines
San Diego,CA,Oakland,CA,840,837.0,-3.0,13.0,850.0,90,82.0,64.0,446,954.0,5.0,1010,959.0,-11.0,0,0,,,,2015-11-13,Southwest Airlines Co.
Minneapolis,MN,Orlando,FL,655,649.0,-6.0,13.0,702.0,189,185.0,163.0,1310,1045.0,9.0,1104,1054.0,-10.0,0,0,,,,2015-4-12,Delta Air Lines Inc.
Philadelphia,PA,Portland,OR,1800,1759.0,-1.0,20.0,1819.0,361,337.0,314.0,2406,2033.0,3.0,2101,2036.0,-25.0,0,0,,,,2015-8-25,American Airlines Inc.
Salt Lake City,UT,Vernal,UT,1110,1138.0,28.0,11.0,1149.0,53,44.0,30.0,132,1219.0,3.0,1203,1222.0,19.0,0,0,0.0,0.0,0.0,2015-1-2,Skywest Airlines Inc.
Chicago,IL,San Francisco,CA,759,758.0,-1.0,12.0,810.0,295,285.0,260.0,1846,1030.0,13.0,1054,1043.0,-11.0,0,0,,,,2015-12-6,United Air Lines Inc.
Boston,MA,Chicago,IL,1002,958.0,-4.0,20.0,1018.0,175,231.0,177.0,867,1215.0,34.0,1157,1249.0,52.0,0,0,52.0,0.0,0.0,2015-3-4,Skywest Airlines Inc.
Sacramento,CA,Dallas-Fort Worth,TX,725,725.0,0.0,13.0,738.0,204,212.0,194.0,1431,1252.0,5.0,1249,1257.0,8.0,0,0,,,,2015-4-3,American Airlines Inc.
Houston,TX,New York,NY,1540,1539.0,-1.0,14.0,1553.0,205,197.0,169.0,1416,1942.0,14.0,2005,1956.0,-9.0,0,0,,,,2015-2-24,United Air Lines Inc.
Minneapolis,MN,Boston,MA,1750,1744.0,-6.0,15.0,1759.0,171,165.0,140.0,1124,2119.0,10.0,2141,2129.0,-12.0,0,0,,,,2015-11-22,Delta Air Lines Inc.
Houston,TX,Arlington,VA,720,716.0,-4.0,8.0,724.0,175,167.0,153.0,1218,1057.0,6.0,1115,1103.0,-12.0,0,0,,,,2015-5-1,Southwest Airlines Co.
Brownsville,TX,Houston,TX,1326,1317.0,-9.0,9.0,1326.0,76,70.0,54.0,308,1420.0,7.0,1442,1427.0,-15.0,0,0,,,,2015-2-8,Atlantic Southeast Airlines
San Diego,CA,Oakland,CA,1720,1725.0,5.0,15.0,1740.0,85,84.0,63.0,446,1843.0,6.0,1845,1849.0,4.0,0,0,,,,2015-9-3,Southwest Airlines Co.
Atlanta,GA,Roanoke,VA,2216,2236.0,20.0,12.0,2248.0,90,69.0,51.0,357,2339.0,6.0,2346,2345.0,-1.0,0,0,,,,2015-7-26,Delta Air Lines Inc.
Twin Falls,ID,Salt Lake City,UT,1502,1456.0,-6.0,9.0,1505.0,52,49.0,35.0,175,1540.0,5.0,1554,1545.0,-9.0,0,0,,,,2015-3-6,Skywest Airlines Inc.
Newark,NJ,Arlington,VA,1313,1314.0,1.0,21.0,1335.0,73,64.0,40.0,199,1415.0,3.0,1426,1418.0,-8.0,0,0,,,,2015-4-2,Atlantic Southeast Airlines
Phoenix,AZ,El Paso,TX,855,852.0,-3.0,32.0,924.0,87,88.0,52.0,347,1116.0,4.0,1122,1120.0,-2.0,0,0,,,,2015-5-20,Skywest Airlines Inc.
Santa Ana,CA,San Jose,CA,830,828.0,-2.0,11.0,839.0,75,73.0,57.0,342,936.0,5.0,945,941.0,-4.0,0,0,,,,2015-9-18,Southwest Airlines Co.
Long Beach,CA,Salt Lake City,UT,1018,1012.0,-6.0,13.0,1025.0,112,109.0,90.0,588,1255.0,6.0,1310,1301.0,-9.0,0,0,,,,2015-1-6,Skywest Airlines Inc.
Detroit,MI,Salt Lake City,UT,838,842.0,4.0,25.0,907.0,246,235.0,206.0,1481,1033.0,4.0,1044,1037.0,-7.0,0,0,,,,2015-11-10,Delta Air Lines Inc.
Houston,TX,Kansas City,MO,1738,1734.0,-4.0,15.0,1749.0,123,110.0,90.0,643,1919.0,5.0,1941,1924.0,-17.0,0,0,,,,2015-4-3,Atlantic Southeast Airlines
Detroit,MI,Saginaw,MI,1345,1354.0,9.0,20.0,1414.0,52,45.0,21.0,98,1435.0,4.0,1437,1439.0,2.0,0,0,,,,2015-3-24,Skywest Airlines Inc.
New York,NY,Raleigh,NC,1430,1429.0,-1.0,24.0,1453.0,115,108.0,79.0,431,1612.0,5.0,1625,1617.0,-8.0,0,0,,,,2015-11-4,Atlantic Southeast Airlines
Raleigh,NC,Detroit,MI,1240,1231.0,-9.0,10.0,1241.0,113,92.0,72.0,501,1353.0,10.0,1433,1403.0,-30.0,0,0,,,,2015-9-28,Delta Air Lines Inc.
Cleveland,OH,Boston,MA,1036,1032.0,-4.0,13.0,1045.0,104,102.0,83.0,563,1208.0,6.0,1220,1214.0,-6.0,0,0,,,,2015-7-19,Atlantic Southeast Airlines
Las Vegas,NV,Los Angeles,CA,1300,1256.0,-4.0,17.0,1313.0,68,64.0,38.0,236,1351.0,9.0,1408,1400.0,-8.0,0,0,,,,2015-12-8,American Airlines Inc.
Arlington,VA,Dallas-Fort Worth,TX,1350,1351.0,1.0,18.0,1409.0,203,206.0,170.0,1192,1559.0,18.0,1613,1617.0,4.0,0,0,,,,2015-5-14,American Airlines Inc.
Windsor Locks,CT,Detroit,MI,905,935.0,30.0,11.0,946.0,114,109.0,88.0,549,1114.0,10.0,1059,1124.0,25.0,0,0,0.0,0.0,0.0,2015-5-28,Delta Air Lines Inc.
Atlanta,GA,Panama City,FL,1631,1624.0,-7.0,17.0,1641.0,69,61.0,42.0,240,1623.0,2.0,1640,1625.0,-15.0,0,0,,,,2015-3-9,Delta Air Lines Inc.
Philadelphia,PA,Charlotte,NC,1525,1520.0,-5.0,31.0,1551.0,105,114.0,77.0,449,1708.0,6.0,1710,1714.0,4.0,0,0,,,,2015-11-12,American Airlines Inc.
Phoenix,AZ,Albuquerque,NM,952,948.0,-4.0,25.0,1013.0,79,79.0,49.0,328,1102.0,5.0,1111,1107.0,-4.0,0,0,,,,2015-2-5,Skywest Airlines Inc.
Denver,CO,Tulsa,OK,2130,2141.0,11.0,57.0,2238.0,95,133.0,72.0,541,50.0,4.0,5,54.0,49.0,0,0,38.0,0.0,2.0,2015-5-14,Southwest Airlines Co.
Chicago,IL,Detroit,MI,545,541.0,-4.0,8.0,549.0,75,61.0,45.0,235,734.0,8.0,800,742.0,-18.0,0,0,,,,2015-8-1,Delta Air Lines Inc.
Houston,TX,Laredo,TX,2115,2107.0,-8.0,16.0,2123.0,75,67.0,49.0,301,2212.0,2.0,2230,2214.0,-16.0,0,0,,,,2015-12-8,Atlantic Southeast Airlines
Columbus,OH,Chicago,IL,820,843.0,23.0,46.0,929.0,90,113.0,55.0,296,924.0,12.0,850,936.0,46.0,0,0,23.0,0.0,23.0,2015-3-1,United Air Lines Inc.
Atlanta,GA,Pittsburgh,PA,1945,1941.0,-4.0,15.0,1956.0,109,94.0,75.0,526,2111.0,4.0,2134,2115.0,-19.0,0,0,,,,2015-9-22,Delta Air Lines Inc.
Los Angeles,CA,Kahului,HI,1000,1000.0,0.0,25.0,1025.0,346,323.0,294.0,2486,1319.0,4.0,1346,1323.0,-23.0,0,0,,,,2015-11-17,United Air Lines Inc.
Chicago,IL,Los Angeles,CA,1935,2005.0,30.0,37.0,2042.0,275,296.0,250.0,1750,2252.0,9.0,2210,2301.0,51.0,0,0,21.0,0.0,0.0,2015-4-1,Southwest Airlines Co.
Phoenix,AZ,Denver,CO,853,845.0,-8.0,14.0,859.0,108,99.0,77.0,602,1116.0,8.0,1141,1124.0,-17.0,0,0,,,,2015-5-13,United Air Lines Inc.
Las Vegas,NV,Chicago,IL,1430,1432.0,2.0,10.0,1442.0,210,200.0,179.0,1521,1941.0,11.0,2000,1952.0,-8.0,0,0,,,,2015-4-1,Southwest Airlines Co.
Houston,TX,Dallas-Fort Worth,TX,1225,1214.0,-11.0,19.0,1233.0,73,68.0,42.0,247,1315.0,7.0,1338,1322.0,-16.0,0,0,,,,2015-4-20,Atlantic Southeast Airlines
San Juan,PR,Chicago,IL,1510,1518.0,8.0,17.0,1535.0,308,304.0,277.0,2072,1912.0,10.0,1918,1922.0,4.0,0,0,,,,2015-5-4,American Airlines Inc.
Chicago,IL,Philadelphia,PA,900,854.0,-6.0,47.0,941.0,130,146.0,91.0,678,1212.0,8.0,1210,1220.0,10.0,0,0,,,,2015-3-1,Atlantic Southeast Airlines
Charleston,SC,Chicago,IL,820,814.0,-6.0,7.0,821.0,140,148.0,125.0,745,926.0,16.0,940,942.0,2.0,0,0,,,,2015-1-5,Southwest Airlines Co.
Detroit,MI,Jacksonville,FL,1546,1918.0,212.0,16.0,1934.0,145,126.0,105.0,813,2119.0,5.0,1811,2124.0,193.0,0,0,0.0,0.0,0.0,2015-2-2,Atlantic Southeast Airlines
Traverse City,MI,Atlanta,GA,920,916.0,-4.0,12.0,928.0,128,136.0,119.0,769,1127.0,5.0,1128,1132.0,4.0,0,0,,,,2015-6-21,Atlantic Southeast Airlines
Los Angeles,CA,Orlando,FL,1030,1048.0,18.0,13.0,1101.0,279,273.0,253.0,2218,1814.0,7.0,1809,1821.0,12.0,0,0,,,,2015-1-23,Delta Air Lines Inc.
Newark,NJ,Austin,TX,1313,1312.0,-1.0,29.0,1341.0,235,232.0,192.0,1504,1553.0,11.0,1608,1604.0,-4.0,0,0,,,,2015-7-15,United Air Lines Inc.
Dallas-Fort Worth,TX,Salt Lake City,UT,1640,1707.0,27.0,21.0,1728.0,171,196.0,166.0,989,1914.0,9.0,1831,1923.0,52.0,0,0,25.0,0.0,0.0,2015-12-17,American Airlines Inc.
Atlanta,GA,Orlando,FL,2155,2154.0,-1.0,20.0,2214.0,88,89.0,58.0,404,2312.0,11.0,2323,2323.0,0.0,0,0,,,,2015-1-3,Delta Air Lines Inc.
Jamestown,ND,Devils Lake,ND,2310,2234.0,-36.0,21.0,2255.0,45,45.0,21.0,83,2316.0,3.0,2355,2319.0,-36.0,0,0,,,,2015-12-6,Skywest Airlines Inc.
Omaha,NE,Phoenix,AZ,1555,1551.0,-4.0,10.0,1601.0,170,153.0,137.0,1037,1618.0,6.0,1645,1624.0,-21.0,0,0,,,,2015-8-20,Southwest Airlines Co.
Buffalo,NY,Orlando,FL,800,755.0,-5.0,10.0,805.0,160,156.0,136.0,1011,1021.0,10.0,1040,1031.0,-9.0,0,0,,,,2015-9-1,Southwest Airlines Co.
Lafayette,LA,Houston,TX,530,520.0,-10.0,23.0,543.0,64,70.0,38.0,201,621.0,9.0,634,630.0,-4.0,0,0,,,,2015-4-22,Atlantic Southeast Airlines
Atlanta,GA,Denver,CO,1247,1304.0,17.0,10.0,1314.0,194,176.0,161.0,1199,1355.0,5.0,1401,1400.0,-1.0,0,0,,,,2015-9-20,Delta Air Lines Inc.
Baltimore,MD,Raleigh,NC,1630,1630.0,0.0,11.0,1641.0,65,67.0,52.0,255,1733.0,4.0,1735,1737.0,2.0,0,0,,,,2015-4-21,Southwest Airlines Co.
Charlotte,NC,Dallas-Fort Worth,TX,1610,1609.0,-1.0,16.0,1625.0,167,155.0,129.0,936,1734.0,10.0,1757,1744.0,-13.0,0,0,,,,2015-9-7,American Airlines Inc.
Orlando,FL,Kansas City,MO,1900,1900.0,0.0,9.0,1909.0,185,179.0,163.0,1072,2052.0,7.0,2105,2059.0,-6.0,0,0,,,,2015-4-2,Southwest Airlines Co.
Chicago,IL,Omaha,NE,1850,1857.0,7.0,10.0,1907.0,85,79.0,65.0,423,2012.0,4.0,2015,2016.0,1.0,0,0,,,,2015-4-13,Southwest Airlines Co.
Newark,NJ,Orlando,FL,829,826.0,-3.0,50.0,916.0,167,183.0,125.0,937,1121.0,8.0,1116,1129.0,13.0,0,0,,,,2015-6-1,United Air Lines Inc.
Newark,NJ,Detroit,MI,1657,1649.0,-8.0,20.0,1709.0,120,101.0,75.0,488,1824.0,6.0,1857,1830.0,-27.0,0,0,,,,2015-8-16,Delta Air Lines Inc.
Detroit,MI,Dallas-Fort Worth,TX,1850,1842.0,-8.0,22.0,1904.0,175,168.0,135.0,986,2019.0,11.0,2045,2030.0,-15.0,0,0,,,,2015-7-20,American Airlines Inc.
Richmond,VA,New York,NY,1030,1614.0,344.0,12.0,1626.0,84,172.0,48.0,292,1714.0,112.0,1154,1906.0,432.0,0,0,432.0,0.0,0.0,2015-7-21,Atlantic Southeast Airlines
Tulsa,OK,St Louis,MO,1720,1718.0,-2.0,8.0,1726.0,70,65.0,53.0,351,1819.0,4.0,1830,1823.0,-7.0,0,0,,,,2015-9-29,Southwest Airlines Co.
Atlanta,GA,Indianapolis,IN,1520,1526.0,6.0,12.0,1538.0,95,84.0,69.0,432,1647.0,3.0,1655,1650.0,-5.0,0,0,,,,2015-2-28,Delta Air Lines Inc.
Lubbock,TX,Austin,TX,740,736.0,-4.0,7.0,743.0,65,65.0,54.0,341,837.0,4.0,845,841.0,-4.0,0,0,,,,2015-6-21,Southwest Airlines Co.
Key West,FL,Atlanta,GA,1210,1205.0,-5.0,7.0,1212.0,123,107.0,94.0,646,1346.0,6.0,1413,1352.0,-21.0,0,0,,,,2015-11-13,Delta Air Lines Inc.
Denver,CO,Las Vegas,NV,2055,,,,,110,,,628,,,2145,,,0,1,,,,2015-8-11,Southwest Airlines Co.
Rochester,NY,Baltimore,MD,535,530.0,-5.0,13.0,543.0,100,71.0,50.0,277,633.0,8.0,715,641.0,-34.0,0,0,,,,2015-11-6,Southwest Airlines Co.
Newark,NJ,Los Angeles,CA,1129,1135.0,6.0,21.0,1156.0,376,379.0,347.0,2454,1443.0,11.0,1445,1454.0,9.0,0,0,,,,2015-2-10,United Air Lines Inc.
Minneapolis,MN,Rapid City,SD,907,902.0,-5.0,15.0,917.0,103,91.0,70.0,489,927.0,6.0,950,933.0,-17.0,0,0,,,,2015-5-11,Skywest Airlines Inc.
Minneapolis,MN,Portland,OR,920,918.0,-2.0,8.0,926.0,239,204.0,193.0,1426,1039.0,3.0,1119,1042.0,-37.0,0,0,,,,2015-1-23,Delta Air Lines Inc.
Chicago,IL,Las Vegas,NV,1530,1530.0,0.0,32.0,1602.0,240,261.0,222.0,1521,1744.0,7.0,1730,1751.0,21.0,0,0,21.0,0.0,0.0,2015-11-15,Southwest Airlines Co.
Los Angeles,CA,Denver,CO,1759,1912.0,73.0,10.0,1922.0,143,124.0,108.0,862,2210.0,6.0,2122,2216.0,54.0,0,0,0.0,0.0,0.0,2015-12-27,United Air Lines Inc.
Sacramento,CA,Las Vegas,NV,1955,1952.0,-3.0,10.0,2002.0,75,73.0,55.0,397,2057.0,8.0,2110,2105.0,-5.0,0,0,,,,2015-11-29,Southwest Airlines Co.
Nashville,TN,Minneapolis,MN,1141,1159.0,18.0,13.0,1212.0,130,117.0,91.0,695,1343.0,13.0,1351,1356.0,5.0,0,0,,,,2015-1-3,Skywest Airlines Inc.
Phoenix,AZ,San Francisco,CA,605,559.0,-6.0,12.0,611.0,129,106.0,88.0,651,739.0,6.0,814,745.0,-29.0,0,0,,,,2015-6-25,United Air Lines Inc.
Greer,SC,Atlanta,GA,1345,1341.0,-4.0,12.0,1353.0,67,63.0,43.0,153,1436.0,8.0,1452,1444.0,-8.0,0,0,,,,2015-3-13,Delta Air Lines Inc.
Los Angeles,CA,Dallas-Fort Worth,TX,835,836.0,1.0,13.0,849.0,188,160.0,142.0,1235,1311.0,5.0,1343,1316.0,-27.0,0,0,,,,2015-12-21,American Airlines Inc.
Ft. Lauderdale,FL,Newark,NJ,1745,1827.0,42.0,19.0,1846.0,185,171.0,139.0,1065,2105.0,13.0,2050,2118.0,28.0,0,0,0.0,0.0,0.0,2015-2-13,United Air Lines Inc.
Raleigh,NC,Tampa,FL,755,753.0,-2.0,9.0,802.0,115,108.0,95.0,587,937.0,4.0,950,941.0,-9.0,0,0,,,,2015-1-15,Southwest Airlines Co.
Santa Ana,CA,Salt Lake City,UT,1310,1310.0,0.0,10.0,1320.0,107,100.0,86.0,588,1546.0,4.0,1557,1550.0,-7.0,0,0,,,,2015-2-4,Delta Air Lines Inc.
New York,NY,Los Angeles,CA,929,923.0,-6.0,17.0,940.0,371,352.0,316.0,2475,1156.0,19.0,1240,1215.0,-25.0,0,0,,,,2015-9-29,Delta Air Lines Inc.
Appleton,WI,Chicago,IL,1659,1647.0,-12.0,16.0,1703.0,61,72.0,43.0,160,1746.0,13.0,1800,1759.0,-1.0,0,0,,,,2015-3-29,Atlantic Southeast Airlines
Newark,NJ,Denver,CO,1740,1830.0,50.0,16.0,1846.0,290,256.0,228.0,1605,2034.0,12.0,2030,2046.0,16.0,0,0,16.0,0.0,0.0,2015-12-15,Southwest Airlines Co.
Raleigh,NC,Philadelphia,PA,655,647.0,-8.0,11.0,658.0,85,66.0,52.0,337,750.0,3.0,820,753.0,-27.0,0,0,,,,2015-7-2,American Airlines Inc.
Baltimore,MD,Manchester,NH,715,754.0,39.0,9.0,803.0,80,73.0,59.0,377,902.0,5.0,835,907.0,32.0,0,0,0.0,32.0,0.0,2015-9-26,Southwest Airlines Co.
Providence,RI,Baltimore,MD,1815,1810.0,-5.0,8.0,1818.0,80,68.0,55.0,327,1913.0,5.0,1935,1918.0,-17.0,0,0,,,,2015-5-3,Southwest Airlines Co.
Detroit,MI,Dallas-Fort Worth,TX,838,836.0,-2.0,18.0,854.0,165,177.0,150.0,986,1024.0,9.0,1023,1033.0,10.0,0,0,,,,2015-7-3,Delta Air Lines Inc.
Dallas-Fort Worth,TX,Brownsville,TX,855,1403.0,308.0,15.0,1418.0,100,98.0,80.0,482,1538.0,3.0,1035,1541.0,306.0,0,0,0.0,0.0,0.0,2015-4-27,Atlantic Southeast Airlines
Denver,CO,Austin,TX,1000,1009.0,9.0,10.0,1019.0,127,114.0,100.0,775,1259.0,4.0,1307,1303.0,-4.0,0,0,,,,2015-2-15,United Air Lines Inc.
Atlanta,GA,New Orleans,LA,2300,2301.0,1.0,19.0,2320.0,90,88.0,67.0,425,2327.0,2.0,2330,2329.0,-1.0,0,0,,,,2015-5-27,Delta Air Lines Inc.
Kansas City,MO,Phoenix,AZ,1200,1155.0,-5.0,7.0,1202.0,170,158.0,145.0,1044,1227.0,6.0,1250,1233.0,-17.0,0,0,,,,2015-4-1,Southwest Airlines Co.
Tulsa,OK,Denver,CO,2030,2025.0,-5.0,10.0,2035.0,113,103.0,84.0,541,2059.0,9.0,2123,2108.0,-15.0,0,0,,,,2015-3-20,Atlantic Southeast Airlines
Orlando,FL,Albany,NY,1105,1108.0,3.0,11.0,1119.0,160,151.0,135.0,1073,1334.0,5.0,1345,1339.0,-6.0,0,0,,,,2015-8-23,Southwest Airlines Co.
Detroit,MI,Salt Lake City,UT,1900,1854.0,-6.0,39.0,1933.0,240,244.0,199.0,1481,2052.0,6.0,2100,2058.0,-2.0,0,0,,,,2015-2-17,Delta Air Lines Inc.
Houston,TX,Killeen,TX,1743,1733.0,-10.0,11.0,1744.0,60,47.0,32.0,166,1816.0,4.0,1843,1820.0,-23.0,0,0,,,,2015-1-19,Atlantic Southeast Airlines
Phoenix,AZ,Burbank,CA,1815,1819.0,4.0,7.0,1826.0,85,80.0,71.0,369,1837.0,2.0,1840,1839.0,-1.0,0,0,,,,2015-11-30,Southwest Airlines Co.
Phoenix,AZ,Kansas City,MO,2010,2015.0,5.0,14.0,2029.0,150,144.0,126.0,1044,2335.0,4.0,2340,2339.0,-1.0,0,0,,,,2015-2-24,Southwest Airlines Co.
Los Angeles,CA,New York,NY,803,756.0,-7.0,16.0,812.0,324,346.0,318.0,2475,1630.0,12.0,1627,1642.0,15.0,0,0,15.0,0.0,0.0,2015-3-14,United Air Lines Inc.
Phoenix,AZ,Dallas-Fort Worth,TX,725,721.0,-4.0,11.0,732.0,139,128.0,107.0,868,1019.0,10.0,1044,1029.0,-15.0,0,0,,,,2015-12-23,American Airlines Inc.
Lansing,MI,Chicago,IL,617,611.0,-6.0,10.0,621.0,64,53.0,37.0,179,558.0,6.0,621,604.0,-17.0,0,0,,,,2015-12-15,Atlantic Southeast Airlines
Tulsa,OK,Houston,TX,1021,1012.0,-9.0,11.0,1023.0,99,92.0,74.0,429,1137.0,7.0,1200,1144.0,-16.0,0,0,,,,2015-9-20,Atlantic Southeast Airlines
Salt Lake City,UT,Portland,OR,1650,1701.0,11.0,22.0,1723.0,106,111.0,86.0,630,1749.0,3.0,1736,1752.0,16.0,0,0,5.0,0.0,0.0,2015-7-20,Delta Air Lines Inc.
Chicago,IL,Atlanta,GA,2200,2206.0,6.0,10.0,2216.0,105,94.0,77.0,591,33.0,7.0,45,40.0,-5.0,0,0,,,,2015-7-24,Southwest Airlines Co.
San Diego,CA,Austin,TX,1945,1944.0,-1.0,9.0,1953.0,165,160.0,138.0,1164,11.0,13.0,30,24.0,-6.0,0,0,,,,2015-9-7,Southwest Airlines Co.
Bloomington,IL,Atlanta,GA,1610,1605.0,-5.0,8.0,1613.0,96,93.0,80.0,533,1833.0,5.0,1846,1838.0,-8.0,0,0,,,,2015-5-14,Atlantic Southeast Airlines
Boston,MA,Atlanta,GA,605,,,,,195,,,946,,,920,,,0,1,,,,2015-1-28,Southwest Airlines Co.
Greensboro,NC,Newark,NJ,1511,1508.0,-3.0,8.0,1516.0,97,103.0,75.0,445,1631.0,20.0,1648,1651.0,3.0,0,0,,,,2015-9-9,Atlantic Southeast Airlines
Orlando,FL,Atlanta,GA,1530,1535.0,5.0,14.0,1549.0,97,83.0,62.0,404,1651.0,7.0,1707,1658.0,-9.0,0,0,,,,2015-2-7,Delta Air Lines Inc.
Dallas,TX,Chicago,IL,1420,1423.0,3.0,9.0,1432.0,125,110.0,95.0,793,1607.0,6.0,1625,1613.0,-12.0,0,0,,,,2015-12-20,Southwest Airlines Co.
Salt Lake City,UT,New York,NY,855,853.0,-2.0,24.0,917.0,263,252.0,220.0,1990,1457.0,8.0,1518,1505.0,-13.0,0,0,,,,2015-11-23,Delta Air Lines Inc.
Atlanta,GA,Providence,RI,1506,1502.0,-4.0,16.0,1518.0,140,137.0,115.0,903,1713.0,6.0,1726,1719.0,-7.0,0,0,,,,2015-2-1,Delta Air Lines Inc.
Las Vegas,NV,Reno,NV,950,947.0,-3.0,12.0,959.0,80,67.0,52.0,345,1051.0,3.0,1110,1054.0,-16.0,0,0,,,,2015-9-12,Southwest Airlines Co.
Philadelphia,PA,Charlotte,NC,1355,1348.0,-7.0,12.0,1400.0,106,88.0,68.0,449,1508.0,8.0,1541,1516.0,-25.0,0,0,,,,2015-9-18,American Airlines Inc.
Houston,TX,San Francisco,CA,1924,1927.0,3.0,25.0,1952.0,251,263.0,220.0,1635,2132.0,18.0,2135,2150.0,15.0,0,0,15.0,0.0,0.0,2015-9-24,United Air Lines Inc.
Arlington,VA,Chicago,IL,943,1007.0,24.0,13.0,1020.0,123,139.0,91.0,612,1051.0,35.0,1046,1126.0,40.0,0,0,26.0,0.0,0.0,2015-6-18,United Air Lines Inc.
Salt Lake City,UT,Reno,NV,1100,1059.0,-1.0,15.0,1114.0,87,80.0,61.0,422,1115.0,4.0,1127,1119.0,-8.0,0,0,,,,2015-11-14,Delta Air Lines Inc.
Providence,RI,Chicago,IL,1618,1708.0,50.0,8.0,1716.0,170,159.0,143.0,849,1839.0,8.0,1808,1847.0,39.0,0,0,24.0,0.0,0.0,2015-3-20,Atlantic Southeast Airlines
Orlando,FL,Salt Lake City,UT,725,718.0,-7.0,10.0,728.0,284,262.0,244.0,1931,932.0,8.0,1009,940.0,-29.0,0,0,,,,2015-5-15,Delta Air Lines Inc.
Tulsa,OK,Dallas-Fort Worth,TX,1505,1459.0,-6.0,17.0,1516.0,75,71.0,46.0,237,1602.0,8.0,1620,1610.0,-10.0,0,0,,,,2015-1-5,American Airlines Inc.
Dallas-Fort Worth,TX,San Diego,CA,1935,2010.0,35.0,22.0,2032.0,186,179.0,152.0,1171,2104.0,5.0,2041,2109.0,28.0,0,0,0.0,0.0,0.0,2015-2-4,American Airlines Inc.
Chicago,IL,Houston,TX,1554,1600.0,6.0,12.0,1612.0,173,148.0,127.0,925,1819.0,9.0,1847,1828.0,-19.0,0,0,,,,2015-12-5,United Air Lines Inc.
Chattanooga,TN,Atlanta,GA,1500,1557.0,57.0,18.0,1615.0,59,50.0,27.0,106,1642.0,5.0,1559,1647.0,48.0,0,0,0.0,0.0,0.0,2015-7-20,Atlantic Southeast Airlines
Oakland,CA,Dallas,TX,635,643.0,8.0,9.0,652.0,205,198.0,183.0,1468,1155.0,6.0,1200,1201.0,1.0,0,0,,,,2015-7-28,Southwest Airlines Co.
Atlanta,GA,Austin,TX,1925,1924.0,-1.0,18.0,1942.0,148,137.0,112.0,813,2034.0,7.0,2053,2041.0,-12.0,0,0,,,,2015-5-10,Delta Air Lines Inc.
Miami,FL,New York,NY,1604,1603.0,-1.0,18.0,1621.0,176,163.0,143.0,1096,1844.0,2.0,1900,1846.0,-14.0,0,0,,,,2015-4-15,American Airlines Inc.
Chicago,IL,Philadelphia,PA,1945,1948.0,3.0,19.0,2007.0,120,116.0,91.0,668,2238.0,6.0,2245,2244.0,-1.0,0,0,,,,2015-5-7,Southwest Airlines Co.
Seattle,WA,Spokane,WA,1735,1729.0,-6.0,21.0,1750.0,64,61.0,36.0,224,1826.0,4.0,1839,1830.0,-9.0,0,0,,,,2015-9-16,Skywest Airlines Inc.
Atlanta,GA,Honolulu,HI,1050,1101.0,11.0,21.0,1122.0,602,559.0,535.0,4502,1517.0,3.0,1552,1520.0,-32.0,0,0,,,,2015-11-14,Delta Air Lines Inc.
Atlanta,GA,Omaha,NE,1528,1523.0,-5.0,14.0,1537.0,150,128.0,110.0,821,1627.0,4.0,1658,1631.0,-27.0,0,0,,,,2015-7-7,Delta Air Lines Inc.
Chicago,IL,Detroit,MI,845,900.0,15.0,22.0,922.0,84,75.0,46.0,235,1108.0,7.0,1109,1115.0,6.0,0,0,,,,2015-8-25,Delta Air Lines Inc.
Los Angeles,CA,San Luis Obispo,CA,1231,1224.0,-7.0,24.0,1248.0,59,56.0,28.0,156,1316.0,4.0,1330,1320.0,-10.0,0,0,,,,2015-12-18,Skywest Airlines Inc.
Sacramento,CA,Portland,OR,1820,1822.0,2.0,8.0,1830.0,85,75.0,63.0,479,1933.0,4.0,1945,1937.0,-8.0,0,0,,,,2015-9-25,Southwest Airlines Co.
Orlando,FL,Atlanta,GA,1330,1325.0,-5.0,19.0,1344.0,102,84.0,59.0,404,1443.0,6.0,1512,1449.0,-23.0,0,0,,,,2015-8-9,Delta Air Lines Inc.
Madison,WI,Detroit,MI,1631,1628.0,-3.0,10.0,1638.0,81,65.0,49.0,311,1827.0,6.0,1852,1833.0,-19.0,0,0,,,,2015-6-8,Delta Air Lines Inc.
Atlanta,GA,Columbia,SC,1505,1504.0,-1.0,20.0,1524.0,58,58.0,32.0,192,1556.0,6.0,1603,1602.0,-1.0,0,0,,,,2015-9-4,Atlantic Southeast Airlines
Atlanta,GA,Chicago,IL,2104,2116.0,12.0,12.0,2128.0,123,105.0,84.0,591,2152.0,9.0,2207,2201.0,-6.0,0,0,,,,2015-9-7,Delta Air Lines Inc.
Detroit,MI,Milwaukee,WI,1200,1154.0,-6.0,11.0,1205.0,69,55.0,41.0,237,1146.0,3.0,1209,1149.0,-20.0,0,0,,,,2015-5-25,Delta Air Lines Inc.
Charleston,SC,Nashville,TN,1810,2011.0,121.0,12.0,2023.0,95,94.0,75.0,439,2038.0,7.0,1845,2045.0,120.0,0,0,0.0,0.0,0.0,2015-11-11,Southwest Airlines Co.
Baltimore,MD,Buffalo,NY,1520,1516.0,-4.0,14.0,1530.0,70,62.0,44.0,281,1614.0,4.0,1630,1618.0,-12.0,0,0,,,,2015-5-25,Southwest Airlines Co.
Dallas-Fort Worth,TX,Tulsa,OK,1959,1958.0,-1.0,9.0,2007.0,66,51.0,40.0,237,2047.0,2.0,2105,2049.0,-16.0,0,0,,,,2015-7-28,American Airlines Inc.
Las Vegas,NV,Atlanta,GA,715,707.0,-8.0,15.0,722.0,229,223.0,193.0,1747,1335.0,15.0,1404,1350.0,-14.0,0,0,,,,2015-2-24,Delta Air Lines Inc.
San Diego,CA,San Francisco,CA,615,612.0,-3.0,19.0,631.0,95,91.0,68.0,447,739.0,4.0,750,743.0,-7.0,0,0,,,,2015-6-22,United Air Lines Inc.
Los Angeles,CA,Kahului,HI,800,755.0,-5.0,14.0,809.0,326,325.0,303.0,2486,1012.0,8.0,1026,1020.0,-6.0,0,0,,,,2015-6-5,United Air Lines Inc.
Newark,NJ,Charlotte,NC,810,813.0,3.0,19.0,832.0,118,114.0,85.0,529,957.0,10.0,1008,1007.0,-1.0,0,0,,,,2015-8-5,American Airlines Inc.
Missoula,MT,Salt Lake City,UT,1303,1253.0,-10.0,11.0,1304.0,87,95.0,79.0,436,1423.0,5.0,1430,1428.0,-2.0,0,0,,,,2015-11-4,Skywest Airlines Inc.
Bozeman,MT,Minneapolis,MN,600,600.0,0.0,17.0,617.0,133,142.0,112.0,874,909.0,13.0,913,922.0,9.0,0,0,,,,2015-8-30,Delta Air Lines Inc.
Atlanta,GA,Appleton,WI,1925,1914.0,-11.0,26.0,1940.0,129,124.0,95.0,765,2015.0,3.0,2034,2018.0,-16.0,0,0,,,,2015-5-10,Delta Air Lines Inc.
Alexandria,LA,Houston,TX,1148,1142.0,-6.0,9.0,1151.0,63,70.0,34.0,190,1225.0,27.0,1251,1252.0,1.0,0,0,,,,2015-1-18,Atlantic Southeast Airlines
Corpus Christi,TX,Dallas-Fort Worth,TX,1410,1400.0,-10.0,8.0,1408.0,85,79.0,67.0,354,1515.0,4.0,1535,1519.0,-16.0,0,0,,,,2015-3-30,Atlantic Southeast Airlines
Atlanta,GA,Los Angeles,CA,2050,2058.0,8.0,23.0,2121.0,312,296.0,239.0,1947,2220.0,34.0,2302,2254.0,-8.0,0,0,,,,2015-3-13,Delta Air Lines Inc.
Minneapolis,MN,Ft. Myers,FL,1015,1012.0,-3.0,32.0,1044.0,200,203.0,167.0,1416,1431.0,4.0,1435,1435.0,0.0,0,0,,,,2015-11-27,Delta Air Lines Inc.
Charlotte,NC,Tampa,FL,1300,1257.0,-3.0,14.0,1311.0,101,111.0,89.0,507,1440.0,8.0,1441,1448.0,7.0,0,0,,,,2015-12-3,American Airlines Inc.
Miami,FL,San Juan,PR,659,654.0,-5.0,10.0,704.0,158,152.0,134.0,1045,918.0,8.0,937,926.0,-11.0,0,0,,,,2015-7-31,American Airlines Inc.
Manchester,NH,Baltimore,MD,545,540.0,-5.0,8.0,548.0,115,85.0,72.0,377,700.0,5.0,740,705.0,-35.0,0,0,,,,2015-2-25,Southwest Airlines Co.
Orlando,FL,Minneapolis,MN,1414,1415.0,1.0,14.0,1429.0,210,198.0,181.0,1310,1630.0,3.0,1644,1633.0,-11.0,0,0,,,,2015-2-27,Delta Air Lines Inc.
Dallas,TX,Las Vegas,NV,1135,1131.0,-4.0,10.0,1141.0,165,167.0,152.0,1067,1213.0,5.0,1220,1218.0,-2.0,0,0,,,,2015-7-9,Southwest Airlines Co.
New York,NY,Ft. Lauderdale,FL,1850,1848.0,-2.0,36.0,1924.0,205,184.0,145.0,1069,2149.0,3.0,2215,2152.0,-23.0,0,0,,,,2015-6-11,Delta Air Lines Inc.
Salt Lake City,UT,Santa Ana,CA,1650,1647.0,-3.0,16.0,1703.0,118,110.0,89.0,588,1732.0,5.0,1748,1737.0,-11.0,0,0,,,,2015-3-28,Skywest Airlines Inc.
Chicago,IL,Pittsburgh,PA,1435,1451.0,16.0,15.0,1506.0,96,73.0,55.0,413,1701.0,3.0,1711,1704.0,-7.0,0,0,,,,2015-9-10,United Air Lines Inc.
Raleigh,NC,Denver,CO,1505,1501.0,-4.0,8.0,1509.0,225,204.0,191.0,1436,1620.0,5.0,1650,1625.0,-25.0,0,0,,,,2015-8-28,Southwest Airlines Co.
San Diego,CA,Newark,NJ,2145,2142.0,-3.0,16.0,2158.0,315,293.0,271.0,2425,529.0,6.0,600,535.0,-25.0,0,0,,,,2015-9-20,United Air Lines Inc.
Phoenix,AZ,Houston,TX,1329,1327.0,-2.0,10.0,1337.0,155,157.0,124.0,1009,1741.0,23.0,1804,1804.0,0.0,0,0,,,,2015-3-9,United Air Lines Inc.
Dallas-Fort Worth,TX,Austin,TX,830,1132.0,182.0,21.0,1153.0,57,62.0,35.0,190,1228.0,6.0,927,1234.0,187.0,0,0,5.0,0.0,0.0,2015-11-3,American Airlines Inc.
Pittsburgh,PA,Orlando,FL,715,712.0,-3.0,33.0,745.0,155,170.0,130.0,834,955.0,7.0,950,1002.0,12.0,0,0,,,,2015-1-24,Southwest Airlines Co.
St Louis,MO,Minneapolis,MN,1925,1923.0,-2.0,10.0,1933.0,92,84.0,68.0,448,2041.0,6.0,2057,2047.0,-10.0,0,0,,,,2015-3-10,Delta Air Lines Inc.
Las Vegas,NV,Albany,NY,1740,1908.0,88.0,16.0,1924.0,280,257.0,236.0,2237,220.0,5.0,120,225.0,65.0,0,0,0.0,0.0,0.0,2015-7-20,Southwest Airlines Co.
Las Vegas,NV,Denver,CO,2030,2027.0,-3.0,8.0,2035.0,105,96.0,83.0,628,2258.0,5.0,2315,2303.0,-12.0,0,0,,,,2015-4-25,Southwest Airlines Co.
Dallas-Fort Worth,TX,Beaumont/Port Arthur,TX,2120,2113.0,-7.0,17.0,2130.0,66,67.0,44.0,270,2214.0,6.0,2226,2220.0,-6.0,0,0,,,,2015-1-26,Atlantic Southeast Airlines
Dallas-Fort Worth,TX,Indianapolis,IN,1231,1308.0,37.0,12.0,1320.0,132,116.0,99.0,761,1559.0,5.0,1543,1604.0,21.0,0,0,0.0,0.0,0.0,2015-5-27,American Airlines Inc.
Atlanta,GA,Chicago,IL,1915,1910.0,-5.0,16.0,1926.0,126,118.0,87.0,606,1953.0,15.0,2021,2008.0,-13.0,0,0,,,,2015-11-5,Delta Air Lines Inc.
Los Angeles,CA,Seattle,WA,1640,1633.0,-7.0,20.0,1653.0,158,154.0,126.0,954,1859.0,8.0,1918,1907.0,-11.0,0,0,,,,2015-5-18,Delta Air Lines Inc.
Baltimore,MD,Windsor Locks,CT,2205,2230.0,25.0,8.0,2238.0,70,57.0,42.0,283,2320.0,7.0,2315,2327.0,12.0,0,0,,,,2015-2-26,Southwest Airlines Co.
Boise,ID,Denver,CO,1445,1549.0,64.0,7.0,1556.0,105,91.0,79.0,649,1715.0,5.0,1630,1720.0,50.0,0,0,0.0,0.0,0.0,2015-8-9,Southwest Airlines Co.
Atlanta,GA,Savannah,GA,1249,1245.0,-4.0,19.0,1304.0,67,66.0,41.0,214,1345.0,6.0,1356,1351.0,-5.0,0,0,,,,2015-5-19,Delta Air Lines Inc.
Dallas-Fort Worth,TX,Phoenix,AZ,1845,1901.0,16.0,25.0,1926.0,162,165.0,135.0,868,2041.0,5.0,2027,2046.0,19.0,0,0,3.0,0.0,16.0,2015-11-15,American Airlines Inc.
Atlanta,GA,Ft. Lauderdale,FL,1200,1203.0,3.0,13.0,1216.0,113,104.0,86.0,581,1342.0,5.0,1353,1347.0,-6.0,0,0,,,,2015-2-15,Delta Air Lines Inc.
New York,NY,Los Angeles,CA,900,918.0,18.0,40.0,958.0,376,374.0,327.0,2475,1225.0,7.0,1216,1232.0,16.0,0,0,0.0,0.0,0.0,2015-5-18,American Airlines Inc.
Detroit,MI,Escanaba,MI,2015,2003.0,-12.0,22.0,2025.0,84,83.0,57.0,306,2122.0,4.0,2139,2126.0,-13.0,0,0,,,,2015-5-21,Skywest Airlines Inc.
Pittsburgh,PA,Denver,CO,724,718.0,-6.0,9.0,727.0,215,206.0,190.0,1290,837.0,7.0,859,844.0,-15.0,0,0,,,,2015-11-11,United Air Lines Inc.
McAllen,TX,Dallas-Fort Worth,TX,1522,1628.0,66.0,12.0,1640.0,98,91.0,72.0,469,1752.0,7.0,1700,1759.0,59.0,0,0,0.0,0.0,0.0,2015-3-3,American Airlines Inc.
Pittsburgh,PA,Denver,CO,915,911.0,-4.0,8.0,919.0,230,217.0,201.0,1290,1040.0,8.0,1105,1048.0,-17.0,0,0,,,,2015-1-4,Southwest Airlines Co.
Salt Lake City,UT,Hailey,ID,2155,2150.0,-5.0,19.0,2209.0,55,57.0,35.0,222,2244.0,3.0,2250,2247.0,-3.0,0,0,,,,2015-4-24,Skywest Airlines Inc.
New Orleans,LA,Arlington,VA,1010,1005.0,-5.0,8.0,1013.0,145,140.0,127.0,969,1320.0,5.0,1335,1325.0,-10.0,0,0,,,,2015-8-18,Southwest Airlines Co.
Chicago,IL,Nashville,TN,855,900.0,5.0,23.0,923.0,85,92.0,63.0,395,1026.0,6.0,1020,1032.0,12.0,0,0,,,,2015-4-18,Southwest Airlines Co.
Denver,CO,San Antonio,TX,1955,2002.0,7.0,16.0,2018.0,131,137.0,115.0,794,2313.0,6.0,2306,2319.0,13.0,0,0,,,,2015-3-20,United Air Lines Inc.
Chicago,IL,Atlanta,GA,1230,1244.0,14.0,16.0,1300.0,123,113.0,92.0,606,1532.0,5.0,1533,1537.0,4.0,0,0,,,,2015-8-10,Delta Air Lines Inc.
Las Vegas,NV,Los Angeles,CA,1830,1852.0,22.0,13.0,1905.0,65,60.0,42.0,236,1947.0,5.0,1935,1952.0,17.0,0,0,0.0,0.0,0.0,2015-2-14,Southwest Airlines Co.
Islip,NY,Orlando,FL,1425,1434.0,9.0,8.0,1442.0,165,159.0,142.0,971,1704.0,9.0,1710,1713.0,3.0,0,0,,,,2015-8-25,Southwest Airlines Co.
Little Rock,AR,Houston,TX,920,936.0,16.0,11.0,947.0,90,90.0,72.0,374,1059.0,7.0,1050,1106.0,16.0,0,0,5.0,0.0,0.0,2015-4-17,Atlantic Southeast Airlines
Richmond,VA,Houston,TX,1742,1757.0,15.0,17.0,1814.0,193,191.0,165.0,1157,1959.0,9.0,1955,2008.0,13.0,0,0,,,,2015-4-17,Atlantic Southeast Airlines
Denver,CO,Dallas,TX,1055,1054.0,-1.0,22.0,1116.0,115,110.0,83.0,651,1339.0,5.0,1350,1344.0,-6.0,0,0,,,,2015-2-7,Southwest Airlines Co.
Honolulu,HI,Los Angeles,CA,1338,1337.0,-1.0,17.0,1354.0,325,304.0,276.0,2556,2030.0,11.0,2103,2041.0,-22.0,0,0,,,,2015-2-12,American Airlines Inc.
Seattle,WA,Denver,CO,1840,2003.0,83.0,16.0,2019.0,155,148.0,127.0,1024,2326.0,5.0,2215,2331.0,76.0,0,0,0.0,0.0,0.0,2015-9-6,Southwest Airlines Co.
Chantilly,VA,Los Angeles,CA,830,831.0,1.0,17.0,848.0,325,317.0,277.0,2288,1025.0,23.0,1055,1048.0,-7.0,0,0,,,,2015-8-14,United Air Lines Inc.
Monterey,CA,San Francisco,CA,1728,1736.0,8.0,9.0,1745.0,46,31.0,19.0,77,1804.0,3.0,1814,1807.0,-7.0,0,0,,,,2015-6-1,Skywest Airlines Inc.
Atlanta,GA,Jacksonville,FL,2215,2215.0,0.0,27.0,2242.0,70,80.0,47.0,270,2329.0,6.0,2325,2335.0,10.0,0,0,,,,2015-6-22,Delta Air Lines Inc.
Harlingen,TX,Houston,TX,1644,1637.0,-7.0,13.0,1650.0,75,78.0,57.0,295,1747.0,8.0,1759,1755.0,-4.0,0,0,,,,2015-6-27,Atlantic Southeast Airlines
Madison,WI,Detroit,MI,700,653.0,-7.0,9.0,702.0,81,66.0,50.0,311,852.0,7.0,921,859.0,-22.0,0,0,,,,2015-5-25,Delta Air Lines Inc.
Raleigh,NC,Nashville,TN,1250,1248.0,-2.0,9.0,1257.0,95,85.0,71.0,442,1308.0,5.0,1325,1313.0,-12.0,0,0,,,,2015-12-15,Southwest Airlines Co.
Las Vegas,NV,Miami,FL,1500,1459.0,-1.0,20.0,1519.0,268,276.0,249.0,2174,2228.0,7.0,2228,2235.0,7.0,0,0,,,,2015-3-16,American Airlines Inc.
Moline,IL,Atlanta,GA,600,558.0,-2.0,10.0,608.0,114,106.0,87.0,633,835.0,9.0,854,844.0,-10.0,0,0,,,,2015-11-28,Atlantic Southeast Airlines
Oakland,CA,Spokane,WA,1955,2014.0,19.0,8.0,2022.0,120,100.0,88.0,723,2150.0,4.0,2155,2154.0,-1.0,0,0,,,,2015-12-10,Southwest Airlines Co.
Lihue,HI,Los Angeles,CA,2128,2127.0,-1.0,10.0,2137.0,332,297.0,276.0,2615,513.0,11.0,600,524.0,-36.0,0,0,,,,2015-8-7,Delta Air Lines Inc.
Norfolk,VA,Minneapolis,MN,628,,,,,178,,,1045,,,826,,,0,1,,,,2015-6-12,Atlantic Southeast Airlines
Chicago,IL,Los Angeles,CA,2025,2025.0,0.0,16.0,2041.0,277,264.0,240.0,1744,2241.0,8.0,2302,2249.0,-13.0,0,0,,,,2015-11-24,American Airlines Inc.
Dallas,TX,New York,NY,710,710.0,0.0,12.0,722.0,190,188.0,171.0,1381,1113.0,5.0,1120,1118.0,-2.0,0,0,,,,2015-11-25,Southwest Airlines Co.
Dallas,TX,Denver,CO,2225,129.0,184.0,8.0,137.0,125,94.0,81.0,651,158.0,5.0,2330,203.0,153.0,0,0,0.0,0.0,0.0,2015-4-17,Southwest Airlines Co.
Las Vegas,NV,San Francisco,CA,1726,1718.0,-8.0,18.0,1736.0,99,88.0,66.0,414,1842.0,4.0,1905,1846.0,-19.0,0,0,,,,2015-8-12,Skywest Airlines Inc.
Chicago,IL,San Francisco,CA,1910,1908.0,-2.0,7.0,1915.0,290,266.0,253.0,1855,2128.0,6.0,2200,2134.0,-26.0,0,0,,,,2015-1-15,Southwest Airlines Co.
Dallas-Fort Worth,TX,Minneapolis,MN,2035,2032.0,-3.0,14.0,2046.0,143,139.0,122.0,852,2248.0,3.0,2258,2251.0,-7.0,0,0,,,,2015-12-7,American Airlines Inc.
Denver,CO,Chicago,IL,1050,1045.0,-5.0,30.0,1115.0,146,164.0,118.0,888,1413.0,16.0,1416,1429.0,13.0,0,0,,,,2015-9-11,American Airlines Inc.
Chicago,IL,San Juan,PR,730,725.0,-5.0,14.0,739.0,290,308.0,251.0,2072,1250.0,43.0,1320,1333.0,13.0,0,0,,,,2015-7-11,United Air Lines Inc.
Las Vegas,NV,San Jose,CA,1350,1355.0,5.0,16.0,1411.0,85,81.0,62.0,386,1513.0,3.0,1515,1516.0,1.0,0,0,,,,2015-7-29,Southwest Airlines Co.
Atlanta,GA,Newark,NJ,1000,959.0,-1.0,16.0,1015.0,143,119.0,97.0,746,1152.0,6.0,1223,1158.0,-25.0,0,0,,,,2015-6-19,Delta Air Lines Inc.
Houston,TX,Orlando,FL,1933,1938.0,5.0,15.0,1953.0,137,127.0,107.0,854,2240.0,5.0,2250,2245.0,-5.0,0,0,,,,2015-11-8,United Air Lines Inc.
Chicago,IL,Colorado Springs,CO,1730,1726.0,-4.0,14.0,1740.0,165,159.0,140.0,911,1900.0,5.0,1915,1905.0,-10.0,0,0,,,,2015-1-5,Skywest Airlines Inc.
Salt Lake City,UT,Butte,MT,950,950.0,0.0,18.0,1008.0,85,79.0,55.0,358,1103.0,6.0,1115,1109.0,-6.0,0,0,,,,2015-7-26,Skywest Airlines Inc.
Arlington,VA,Chicago,IL,1715,1706.0,-9.0,13.0,1719.0,135,125.0,99.0,612,1758.0,13.0,1830,1811.0,-19.0,0,0,,,,2015-2-7,Skywest Airlines Inc.
Pittsburgh,PA,Phoenix,AZ,1735,1728.0,-7.0,10.0,1738.0,264,250.0,236.0,1814,1834.0,4.0,1859,1838.0,-21.0,0,0,,,,2015-7-21,American Airlines Inc.
Dallas-Fort Worth,TX,Nashville,TN,840,1026.0,106.0,20.0,1046.0,110,106.0,81.0,631,1207.0,5.0,1030,1212.0,102.0,0,0,0.0,0.0,0.0,2015-5-26,American Airlines Inc.
Tucson,AZ,Phoenix,AZ,1330,1330.0,0.0,16.0,1346.0,46,53.0,28.0,110,1414.0,9.0,1416,1423.0,7.0,0,0,,,,2015-8-14,Skywest Airlines Inc.
Mobile,AL,Atlanta,GA,1959,1957.0,-2.0,11.0,2008.0,75,70.0,52.0,302,2200.0,7.0,2214,2207.0,-7.0,0,0,,,,2015-9-11,Atlantic Southeast Airlines
Wichita,KS,Chicago,IL,1509,1500.0,-9.0,8.0,1508.0,116,105.0,90.0,588,1638.0,7.0,1705,1645.0,-20.0,0,0,,,,2015-5-4,Atlantic Southeast Airlines
Chicago,IL,Dallas-Fort Worth,TX,830,824.0,-6.0,12.0,836.0,160,140.0,116.0,802,1032.0,12.0,1110,1044.0,-26.0,0,0,,,,2015-11-24,American Airlines Inc.
Denver,CO,Jamestown,ND,1955,1944.0,-11.0,23.0,2007.0,113,118.0,91.0,573,2238.0,4.0,2248,2242.0,-6.0,0,0,,,,2015-4-29,Skywest Airlines Inc.
Jackson,MS,Atlanta,GA,1306,1335.0,29.0,16.0,1351.0,89,80.0,50.0,341,1541.0,14.0,1535,1555.0,20.0,0,0,0.0,0.0,0.0,2015-3-3,Delta Air Lines Inc.
Chicago,IL,San Francisco,CA,720,731.0,11.0,15.0,746.0,285,259.0,239.0,1846,945.0,5.0,1005,950.0,-15.0,0,0,,,,2015-9-25,American Airlines Inc.
Atlanta,GA,West Palm Beach,FL,1356,1355.0,-1.0,9.0,1404.0,113,94.0,80.0,545,1524.0,5.0,1549,1529.0,-20.0,0,0,,,,2015-9-14,Delta Air Lines Inc.
Yuma,AZ,Phoenix,AZ,1900,1842.0,-18.0,6.0,1848.0,65,44.0,29.0,160,1917.0,9.0,2005,1926.0,-39.0,0,0,,,,2015-12-24,Skywest Airlines Inc.
Windsor Locks,CT,Detroit,MI,1140,1137.0,-3.0,10.0,1147.0,114,98.0,81.0,549,1308.0,7.0,1334,1315.0,-19.0,0,0,,,,2015-8-20,Delta Air Lines Inc.
Arlington,VA,Atlanta,GA,1110,1108.0,-2.0,11.0,1119.0,110,97.0,79.0,547,1238.0,7.0,1300,1245.0,-15.0,0,0,,,,2015-7-5,Southwest Airlines Co.
New York,NY,Akron,OH,1200,1203.0,3.0,44.0,1247.0,105,113.0,63.0,397,1350.0,6.0,1345,1356.0,11.0,0,0,,,,2015-8-5,Southwest Airlines Co.
Fresno,CA,Salt Lake City,UT,1630,1627.0,-3.0,14.0,1641.0,105,107.0,87.0,501,1908.0,6.0,1915,1914.0,-1.0,0,0,,,,2015-12-14,Skywest Airlines Inc.
Philadelphia,PA,Raleigh,NC,2030,2029.0,-1.0,25.0,2054.0,84,83.0,54.0,337,2148.0,4.0,2154,2152.0,-2.0,0,0,,,,2015-8-16,American Airlines Inc.
Denver,CO,San Antonio,TX,806,822.0,16.0,16.0,838.0,130,131.0,111.0,794,1129.0,4.0,1116,1133.0,17.0,0,0,1.0,0.0,0.0,2015-4-17,Skywest Airlines Inc.
Dallas-Fort Worth,TX,Chicago,IL,2015,2051.0,36.0,41.0,2132.0,139,161.0,110.0,802,2322.0,10.0,2234,2332.0,58.0,0,0,22.0,0.0,0.0,2015-4-26,Skywest Airlines Inc.
Little Rock,AR,Houston,TX,635,709.0,34.0,18.0,727.0,90,95.0,63.0,374,830.0,14.0,805,844.0,39.0,0,0,5.0,0.0,0.0,2015-6-18,Atlantic Southeast Airlines
Sacramento,CA,San Diego,CA,1010,1009.0,-1.0,9.0,1018.0,85,87.0,76.0,480,1134.0,2.0,1135,1136.0,1.0,0,0,,,,2015-12-19,Southwest Airlines Co.
Newark,NJ,Buffalo,NY,1649,1647.0,-2.0,13.0,1700.0,79,62.0,45.0,282,1745.0,4.0,1808,1749.0,-19.0,0,0,,,,2015-8-22,Atlantic Southeast Airlines
Houston,TX,Midland,TX,1605,1558.0,-7.0,8.0,1606.0,85,77.0,64.0,441,1710.0,5.0,1730,1715.0,-15.0,0,0,,,,2015-1-9,Southwest Airlines Co.
Harlingen,TX,Houston,TX,1810,1806.0,-4.0,9.0,1815.0,65,65.0,46.0,277,1901.0,10.0,1915,1911.0,-4.0,0,0,,,,2015-1-13,Southwest Airlines Co.
Detroit,MI,Wilkes-Barre/Scranton,PA,2010,2005.0,-5.0,26.0,2031.0,86,87.0,56.0,399,2127.0,5.0,2136,2132.0,-4.0,0,0,,,,2015-1-15,Atlantic Southeast Airlines
Chantilly,VA,Atlanta,GA,700,659.0,-1.0,12.0,711.0,124,119.0,90.0,534,841.0,17.0,904,858.0,-6.0,0,0,,,,2015-1-9,Delta Air Lines Inc.
Atlanta,GA,Austin,TX,824,822.0,-2.0,20.0,842.0,158,142.0,117.0,813,939.0,5.0,1002,944.0,-18.0,0,0,,,,2015-1-6,Delta Air Lines Inc.
Harrisburg,PA,Chicago,IL,1637,1631.0,-6.0,69.0,1740.0,132,169.0,92.0,594,1812.0,8.0,1749,1820.0,31.0,0,0,31.0,0.0,0.0,2015-2-9,United Air Lines Inc.
Greer,SC,Atlanta,GA,700,658.0,-2.0,12.0,710.0,55,53.0,30.0,153,740.0,11.0,755,751.0,-4.0,0,0,,,,2015-6-23,Delta Air Lines Inc.
Minneapolis,MN,Miami,FL,1820,1816.0,-4.0,16.0,1832.0,214,200.0,171.0,1501,2223.0,13.0,2254,2236.0,-18.0,0,0,,,,2015-2-13,American Airlines Inc.
Dallas-Fort Worth,TX,Waco,TX,1735,1730.0,-5.0,21.0,1751.0,38,41.0,18.0,89,1809.0,2.0,1813,1811.0,-2.0,0,0,,,,2015-3-28,Atlantic Southeast Airlines
Eagle,CO,Newark,NJ,1411,1435.0,24.0,27.0,1502.0,249,231.0,196.0,1725,2018.0,8.0,2020,2026.0,6.0,0,0,,,,2015-1-2,United Air Lines Inc.
Atlanta,GA,West Palm Beach,FL,1140,1334.0,114.0,10.0,1344.0,110,99.0,83.0,545,1507.0,6.0,1330,1513.0,103.0,0,0,0.0,0.0,0.0,2015-8-22,Southwest Airlines Co.
Kansas City,MO,Atlanta,GA,1812,1822.0,10.0,16.0,1838.0,128,142.0,102.0,692,2120.0,24.0,2120,2144.0,24.0,0,0,14.0,0.0,0.0,2015-9-10,Delta Air Lines Inc.
Charlotte,NC,Atlanta,GA,1315,1312.0,-3.0,24.0,1336.0,85,75.0,42.0,226,1418.0,9.0,1440,1427.0,-13.0,0,0,,,,2015-12-15,Delta Air Lines Inc.
Chicago,IL,Norfolk,VA,732,723.0,-9.0,21.0,744.0,127,129.0,101.0,717,1025.0,7.0,1039,1032.0,-7.0,0,0,,,,2015-12-18,Atlantic Southeast Airlines
Chicago,IL,New York,NY,2020,2016.0,-4.0,10.0,2026.0,125,106.0,92.0,725,2258.0,4.0,2325,2302.0,-23.0,0,0,,,,2015-7-23,Southwest Airlines Co.
Salt Lake City,UT,San Jose,CA,835,827.0,-8.0,23.0,850.0,125,130.0,97.0,584,927.0,10.0,940,937.0,-3.0,0,0,,,,2015-8-27,Skywest Airlines Inc.
Chicago,IL,Lexington,KY,1805,1757.0,-8.0,10.0,1807.0,79,71.0,52.0,323,1959.0,9.0,2024,2008.0,-16.0,0,0,,,,2015-5-2,Skywest Airlines Inc.
Arlington,VA,Dallas-Fort Worth,TX,1850,1853.0,3.0,11.0,1904.0,212,189.0,165.0,1192,2049.0,13.0,2122,2102.0,-20.0,0,0,,,,2015-9-29,American Airlines Inc.
Newark,NJ,Richmond,VA,2103,2057.0,-6.0,22.0,2119.0,77,77.0,48.0,277,2207.0,7.0,2220,2214.0,-6.0,0,0,,,,2015-8-14,Atlantic Southeast Airlines
Boise,ID,Seattle,WA,1045,1041.0,-4.0,11.0,1052.0,87,85.0,64.0,399,1056.0,10.0,1112,1106.0,-6.0,0,0,,,,2015-6-9,Skywest Airlines Inc.
San Jose,CA,Los Angeles,CA,630,628.0,-2.0,21.0,649.0,70,79.0,48.0,308,737.0,10.0,740,747.0,7.0,0,0,,,,2015-12-7,Southwest Airlines Co.
New York,NY,Chicago,IL,1230,1250.0,20.0,56.0,1346.0,158,183.0,106.0,733,1432.0,21.0,1408,1453.0,45.0,0,0,40.0,0.0,0.0,2015-5-29,United Air Lines Inc.
Boston,MA,Indianapolis,IN,640,635.0,-5.0,12.0,647.0,175,149.0,131.0,818,858.0,6.0,935,904.0,-31.0,0,0,,,,2015-11-17,Southwest Airlines Co.
Salt Lake City,UT,Portland,OR,625,623.0,-2.0,36.0,659.0,133,,,630,1121.0,3.0,738,1124.0,,1,0,,,,2015-11-22,Skywest Airlines Inc.
Las Vegas,NV,Baltimore,MD,1720,1719.0,-1.0,10.0,1729.0,270,270.0,256.0,2106,45.0,4.0,50,49.0,-1.0,0,0,,,,2015-4-29,Southwest Airlines Co.
Houston,TX,Charleston,SC,1800,1816.0,16.0,8.0,1824.0,140,131.0,118.0,928,2122.0,5.0,2120,2127.0,7.0,0,0,,,,2015-4-18,Southwest Airlines Co.
Houston,TX,San Diego,CA,1435,1431.0,-4.0,14.0,1445.0,196,187.0,169.0,1303,1534.0,4.0,1551,1538.0,-13.0,0,0,,,,2015-7-6,United Air Lines Inc.
Detroit,MI,Ft. Lauderdale,FL,1215,1212.0,-3.0,12.0,1224.0,182,175.0,159.0,1127,1503.0,4.0,1517,1507.0,-10.0,0,0,,,,2015-6-26,Delta Air Lines Inc.
Milwaukee,WI,Minneapolis,MN,1529,1528.0,-1.0,21.0,1549.0,78,102.0,77.0,297,1706.0,4.0,1647,1710.0,23.0,0,0,23.0,0.0,0.0,2015-11-12,Delta Air Lines Inc.
Los Angeles,CA,Sacramento,CA,555,607.0,12.0,18.0,625.0,90,93.0,70.0,373,735.0,5.0,725,740.0,15.0,0,0,3.0,0.0,0.0,2015-1-13,Southwest Airlines Co.
Salt Lake City,UT,Boise,ID,1345,1342.0,-3.0,17.0,1359.0,68,69.0,48.0,290,1447.0,4.0,1453,1451.0,-2.0,0,0,,,,2015-8-17,Skywest Airlines Inc.
Milwaukee,WI,Atlanta,GA,708,702.0,-6.0,18.0,720.0,122,121.0,93.0,669,953.0,10.0,1010,1003.0,-7.0,0,0,,,,2015-11-3,Delta Air Lines Inc.
Bemidji,MN,Minneapolis,MN,1244,1510.0,146.0,13.0,1523.0,69,52.0,35.0,199,1558.0,4.0,1353,1602.0,129.0,0,0,0.0,0.0,0.0,2015-7-9,Skywest Airlines Inc.
Portland,OR,Oakland,CA,835,836.0,1.0,9.0,845.0,105,93.0,80.0,543,1005.0,4.0,1020,1009.0,-11.0,0,0,,,,2015-3-28,Southwest Airlines Co.
Chicago,IL,Atlanta,GA,1803,1807.0,4.0,15.0,1822.0,123,107.0,87.0,606,2049.0,5.0,2106,2054.0,-12.0,0,0,,,,2015-12-29,Delta Air Lines Inc.
Phoenix,AZ,St Louis,MO,1850,1845.0,-5.0,13.0,1858.0,179,187.0,170.0,1262,2348.0,4.0,2349,2352.0,3.0,0,0,,,,2015-8-25,American Airlines Inc.
Phoenix,AZ,Denver,CO,1257,1519.0,142.0,14.0,1533.0,107,90.0,71.0,602,1744.0,5.0,1544,1749.0,125.0,0,0,0.0,0.0,0.0,2015-4-4,United Air Lines Inc.
Des Moines,IA,Chicago,IL,1125,1128.0,3.0,10.0,1138.0,85,72.0,50.0,299,1228.0,12.0,1250,1240.0,-10.0,0,0,,,,2015-9-17,United Air Lines Inc.
Houston,TX,Omaha,NE,1900,1856.0,-4.0,15.0,1911.0,129,129.0,111.0,781,2102.0,3.0,2109,2105.0,-4.0,0,0,,,,2015-1-17,Skywest Airlines Inc.
San Francisco,CA,Newark,NJ,2235,2232.0,-3.0,25.0,2257.0,315,299.0,265.0,2565,622.0,9.0,650,631.0,-19.0,0,0,,,,2015-12-30,United Air Lines Inc.
Milwaukee,WI,Chicago,IL,1203,1153.0,-10.0,19.0,1212.0,49,55.0,21.0,67,1233.0,15.0,1252,1248.0,-4.0,0,0,,,,2015-8-4,Skywest Airlines Inc.
Dallas-Fort Worth,TX,Salt Lake City,UT,1923,1944.0,21.0,28.0,2012.0,167,180.0,143.0,989,2135.0,9.0,2110,2144.0,34.0,0,0,13.0,0.0,0.0,2015-11-15,Delta Air Lines Inc.
New York,NY,Chicago,IL,1759,1827.0,28.0,26.0,1853.0,168,148.0,114.0,733,1947.0,8.0,1947,1955.0,8.0,0,0,,,,2015-5-3,American Airlines Inc.
Atlanta,GA,Albany,NY,1938,1931.0,-7.0,27.0,1958.0,145,150.0,117.0,853,2155.0,6.0,2203,2201.0,-2.0,0,0,,,,2015-8-12,Delta Air Lines Inc.
Kansas City,MO,Dallas,TX,1935,1929.0,-6.0,8.0,1937.0,85,81.0,66.0,460,2043.0,7.0,2100,2050.0,-10.0,0,0,,,,2015-8-24,Southwest Airlines Co.
Atlanta,GA,Baton Rouge,LA,1615,1615.0,0.0,15.0,1630.0,89,90.0,72.0,448,1642.0,3.0,1644,1645.0,1.0,0,0,,,,2015-9-17,Atlantic Southeast Airlines
Nashville,TN,Denver,CO,1845,1847.0,2.0,9.0,1856.0,175,158.0,142.0,1014,2018.0,7.0,2040,2025.0,-15.0,0,0,,,,2015-9-29,Southwest Airlines Co.
Austin,TX,Denver,CO,2010,2013.0,3.0,9.0,2022.0,135,126.0,110.0,775,2112.0,7.0,2125,2119.0,-6.0,0,0,,,,2015-2-2,Southwest Airlines Co.
Pittsburgh,PA,Minneapolis,MN,700,700.0,0.0,17.0,717.0,133,127.0,107.0,726,804.0,3.0,813,807.0,-6.0,0,0,,,,2015-3-28,Delta Air Lines Inc.
Atlanta,GA,Indianapolis,IN,1914,1924.0,10.0,23.0,1947.0,97,88.0,60.0,432,2047.0,5.0,2051,2052.0,1.0,0,0,,,,2015-7-28,Delta Air Lines Inc.
Atlanta,GA,Jacksonville,FL,1130,1223.0,53.0,12.0,1235.0,69,64.0,48.0,270,1323.0,4.0,1239,1327.0,48.0,0,0,0.0,0.0,0.0,2015-11-19,Delta Air Lines Inc.
Dallas-Fort Worth,TX,Albuquerque,NM,1030,1044.0,14.0,23.0,1107.0,113,112.0,83.0,569,1130.0,6.0,1123,1136.0,13.0,0,0,,,,2015-9-23,American Airlines Inc.
Arlington,VA,Houston,TX,1747,1754.0,7.0,10.0,1804.0,203,188.0,170.0,1208,1954.0,8.0,2010,2002.0,-8.0,0,0,,,,2015-8-21,United Air Lines Inc.
International Falls,MN,Minneapolis,MN,1304,1301.0,-3.0,14.0,1315.0,67,65.0,46.0,255,1401.0,5.0,1411,1406.0,-5.0,0,0,,,,2015-6-28,Skywest Airlines Inc.
Dallas,TX,Houston,TX,2130,2145.0,15.0,8.0,2153.0,60,52.0,38.0,239,2231.0,6.0,2230,2237.0,7.0,0,0,,,,2015-8-31,Southwest Airlines Co.
Los Angeles,CA,Sacramento,CA,1515,1517.0,2.0,7.0,1524.0,80,76.0,65.0,373,1629.0,4.0,1635,1633.0,-2.0,0,0,,,,2015-1-14,Southwest Airlines Co.
Pittsburgh,PA,Newark,NJ,831,821.0,-10.0,6.0,827.0,89,76.0,57.0,319,924.0,13.0,1000,937.0,-23.0,0,0,,,,2015-4-1,Atlantic Southeast Airlines
Newark,NJ,Knoxville,TN,1905,1904.0,-1.0,37.0,1941.0,131,136.0,96.0,631,2117.0,3.0,2116,2120.0,4.0,0,0,,,,2015-9-3,Atlantic Southeast Airlines
Chicago,IL,Harrisburg,PA,1940,1937.0,-3.0,24.0,2001.0,102,98.0,72.0,594,2213.0,2.0,2222,2215.0,-7.0,0,0,,,,2015-2-7,United Air Lines Inc.
Atlanta,GA,Cleveland,OH,2205,2205.0,0.0,9.0,2214.0,111,92.0,73.0,554,2327.0,10.0,2356,2337.0,-19.0,0,0,,,,2015-12-2,Delta Air Lines Inc.
San Francisco,CA,Houston,TX,601,556.0,-5.0,18.0,614.0,223,223.0,195.0,1635,1129.0,10.0,1144,1139.0,-5.0,0,0,,,,2015-2-25,United Air Lines Inc.
Rhinelander,WI,Minneapolis,MN,710,709.0,-1.0,12.0,721.0,63,53.0,38.0,190,759.0,3.0,813,802.0,-11.0,0,0,,,,2015-4-26,Skywest Airlines Inc.
Los Angeles,CA,Chicago,IL,2328,2330.0,2.0,15.0,2345.0,237,230.0,205.0,1744,510.0,10.0,525,520.0,-5.0,0,0,,,,2015-9-15,United Air Lines Inc.
St Louis,MO,Phoenix,AZ,845,847.0,2.0,9.0,856.0,210,207.0,190.0,1262,1106.0,8.0,1115,1114.0,-1.0,0,0,,,,2015-12-1,Southwest Airlines Co.
Oklahoma City,OK,Atlanta,GA,600,555.0,-5.0,12.0,607.0,124,128.0,105.0,761,852.0,11.0,904,903.0,-1.0,0,0,,,,2015-11-26,Delta Air Lines Inc.
Albuquerque,NM,Los Angeles,CA,1735,1728.0,-7.0,14.0,1742.0,120,139.0,116.0,677,1838.0,9.0,1835,1847.0,12.0,0,0,,,,2015-11-9,Southwest Airlines Co.
Dallas-Fort Worth,TX,San Jose,CA,1020,1021.0,1.0,19.0,1040.0,229,212.0,190.0,1438,1150.0,3.0,1209,1153.0,-16.0,0,0,,,,2015-3-27,American Airlines Inc.
San Diego,CA,Baltimore,MD,1035,1134.0,59.0,8.0,1142.0,305,287.0,274.0,2295,1916.0,5.0,1840,1921.0,41.0,0,0,0.0,0.0,0.0,2015-6-24,Southwest Airlines Co.
Chicago,IL,Arlington,VA,1840,2038.0,118.0,19.0,2057.0,127,106.0,82.0,612,2319.0,5.0,2147,2324.0,97.0,0,0,97.0,0.0,0.0,2015-6-23,American Airlines Inc.
Raleigh,NC,Chicago,IL,1457,1456.0,-1.0,13.0,1509.0,130,129.0,97.0,646,1546.0,19.0,1607,1605.0,-2.0,0,0,,,,2015-7-22,American Airlines Inc.
Chicago,IL,Sioux Falls,SD,918,912.0,-6.0,22.0,934.0,102,101.0,75.0,462,1049.0,4.0,1100,1053.0,-7.0,0,0,,,,2015-7-9,Atlantic Southeast Airlines
Philadelphia,PA,Orlando,FL,700,657.0,-3.0,11.0,708.0,150,146.0,128.0,861,916.0,7.0,930,923.0,-7.0,0,0,,,,2015-4-11,Southwest Airlines Co.
Baton Rouge,LA,Dallas-Fort Worth,TX,1610,1615.0,5.0,13.0,1628.0,86,94.0,71.0,383,1739.0,10.0,1736,1749.0,13.0,0,0,,,,2015-4-8,Atlantic Southeast Airlines
Las Vegas,NV,Denver,CO,730,726.0,-4.0,11.0,737.0,110,99.0,82.0,628,959.0,6.0,1020,1005.0,-15.0,0,0,,,,2015-8-2,Southwest Airlines Co.
Phoenix,AZ,Santa Ana,CA,800,812.0,12.0,9.0,821.0,75,67.0,54.0,338,915.0,4.0,915,919.0,4.0,0,0,,,,2015-7-10,Southwest Airlines Co.
Chicago,IL,Memphis,TN,1622,1612.0,-10.0,26.0,1638.0,114,115.0,83.0,491,1801.0,6.0,1816,1807.0,-9.0,0,0,,,,2015-11-24,Atlantic Southeast Airlines
Houston,TX,Atlanta,GA,1805,1801.0,-4.0,10.0,1811.0,116,109.0,86.0,689,2037.0,13.0,2101,2050.0,-11.0,0,0,,,,2015-2-12,Delta Air Lines Inc.
Chicago,IL,Baltimore,MD,710,707.0,-3.0,10.0,717.0,105,101.0,89.0,611,946.0,2.0,955,948.0,-7.0,0,0,,,,2015-9-15,Southwest Airlines Co.
Atlanta,GA,Houston,TX,1905,1904.0,-1.0,14.0,1918.0,140,124.0,106.0,696,2004.0,4.0,2025,2008.0,-17.0,0,0,,,,2015-11-6,Delta Air Lines Inc.
Kansas City,MO,Boston,MA,1145,1152.0,7.0,7.0,1159.0,170,152.0,139.0,1256,1518.0,6.0,1535,1524.0,-11.0,0,0,,,,2015-4-3,Southwest Airlines Co.
Fayetteville/Springdale/Rogers,AR,Covington,KY,1644,1637.0,-7.0,16.0,1653.0,101,98.0,78.0,562,1911.0,4.0,1925,1915.0,-10.0,0,0,,,,2015-12-10,Skywest Airlines Inc.
Orlando,FL,Windsor Locks,CT,1050,1046.0,-4.0,9.0,1055.0,160,144.0,129.0,1050,1304.0,6.0,1330,1310.0,-20.0,0,0,,,,2015-3-8,Southwest Airlines Co.
Omaha,NE,Salt Lake City,UT,1740,1828.0,48.0,26.0,1854.0,159,161.0,129.0,840,2003.0,6.0,1919,2009.0,50.0,0,0,2.0,0.0,0.0,2015-12-30,Skywest Airlines Inc.
Arlington,VA,Nashville,TN,610,608.0,-2.0,12.0,620.0,95,99.0,82.0,562,642.0,5.0,645,647.0,2.0,0,0,,,,2015-6-23,Southwest Airlines Co.
Las Vegas,NV,St Louis,MO,1735,1853.0,78.0,11.0,1904.0,185,158.0,143.0,1371,2327.0,4.0,2240,2331.0,51.0,0,0,0.0,0.0,0.0,2015-2-21,Southwest Airlines Co.
Tucson,AZ,San Diego,CA,625,620.0,-5.0,8.0,628.0,75,70.0,56.0,368,624.0,6.0,640,630.0,-10.0,0,0,,,,2015-12-7,Southwest Airlines Co.
Salt Lake City,UT,Fresno,CA,2035,2028.0,-7.0,13.0,2041.0,97,90.0,73.0,501,2054.0,4.0,2112,2058.0,-14.0,0,0,,,,2015-6-30,Skywest Airlines Inc.
Pellston,MI,Detroit,MI,625,620.0,-5.0,26.0,646.0,80,73.0,39.0,243,725.0,8.0,745,733.0,-12.0,0,0,,,,2015-1-16,Skywest Airlines Inc.
Dallas-Fort Worth,TX,Charlotte,NC,1850,1849.0,-1.0,20.0,1909.0,164,155.0,121.0,936,2210.0,14.0,2234,2224.0,-10.0,0,0,,,,2015-7-23,American Airlines Inc.
Ft. Lauderdale,FL,Atlanta,GA,1045,1044.0,-1.0,16.0,1100.0,115,107.0,80.0,581,1220.0,11.0,1240,1231.0,-9.0,0,0,,,,2015-12-17,Delta Air Lines Inc.
Albany,NY,Newark,NJ,1158,1218.0,20.0,39.0,1257.0,62,93.0,43.0,143,1340.0,11.0,1300,1351.0,51.0,0,0,31.0,0.0,0.0,2015-3-28,Atlantic Southeast Airlines
Seattle,WA,New York,NY,700,657.0,-3.0,20.0,717.0,315,313.0,281.0,2422,1458.0,12.0,1515,1510.0,-5.0,0,0,,,,2015-4-1,Delta Air Lines Inc.
Phoenix,AZ,Denver,CO,1451,1450.0,-1.0,11.0,1501.0,107,97.0,77.0,602,1718.0,9.0,1738,1727.0,-11.0,0,0,,,,2015-8-7,American Airlines Inc.
San Francisco,CA,Dallas-Fort Worth,TX,1615,1632.0,17.0,20.0,1652.0,198,185.0,160.0,1464,2132.0,5.0,2133,2137.0,4.0,0,0,,,,2015-2-8,American Airlines Inc.
Detroit,MI,Nashville,TN,630,626.0,-4.0,7.0,633.0,100,79.0,66.0,456,639.0,6.0,710,645.0,-25.0,0,0,,,,2015-11-15,Southwest Airlines Co.
Atlanta,GA,Lexington,KY,2305,2303.0,-2.0,11.0,2314.0,68,61.0,45.0,304,2359.0,5.0,13,4.0,-9.0,0,0,,,,2015-9-21,Delta Air Lines Inc.
Houston,TX,Cleveland,OH,1930,1926.0,-4.0,24.0,1950.0,164,148.0,119.0,1091,2249.0,5.0,2314,2254.0,-20.0,0,0,,,,2015-12-14,United Air Lines Inc.
Sacramento,CA,San Francisco,CA,1608,1628.0,20.0,12.0,1640.0,52,46.0,30.0,86,1710.0,4.0,1700,1714.0,14.0,0,0,,,,2015-1-17,Skywest Airlines Inc.
New York,NY,San Francisco,CA,600,721.0,81.0,24.0,745.0,378,382.0,352.0,2586,1037.0,6.0,918,1043.0,85.0,0,0,4.0,0.0,0.0,2015-7-20,United Air Lines Inc.
Atlanta,GA,Las Vegas,NV,1344,1344.0,0.0,15.0,1359.0,263,244.0,222.0,1747,1441.0,7.0,1507,1448.0,-19.0,0,0,,,,2015-9-2,Delta Air Lines Inc.
Baltimore,MD,Atlanta,GA,1910,1921.0,11.0,10.0,1931.0,126,98.0,83.0,577,2054.0,5.0,2116,2059.0,-17.0,0,0,,,,2015-8-5,Delta Air Lines Inc.
Norfolk,VA,Newark,NJ,1006,1008.0,2.0,11.0,1019.0,84,81.0,61.0,284,1120.0,9.0,1130,1129.0,-1.0,0,0,,,,2015-9-4,Atlantic Southeast Airlines
Newark,NJ,Savannah,GA,2002,2003.0,1.0,24.0,2027.0,133,129.0,100.0,708,2207.0,5.0,2215,2212.0,-3.0,0,0,,,,2015-8-2,Atlantic Southeast Airlines
Providence,RI,Chantilly,VA,1427,1418.0,-9.0,14.0,1432.0,98,97.0,77.0,372,1549.0,6.0,1605,1555.0,-10.0,0,0,,,,2015-1-11,Atlantic Southeast Airlines
San Francisco,CA,Kahului,HI,1255,1252.0,-3.0,13.0,1305.0,325,322.0,303.0,2338,1508.0,6.0,1520,1514.0,-6.0,0,0,,,,2015-8-17,United Air Lines Inc.
Tulsa,OK,Phoenix,AZ,1555,1551.0,-4.0,12.0,1603.0,155,148.0,128.0,935,1611.0,8.0,1630,1619.0,-11.0,0,0,,,,2015-8-31,Southwest Airlines Co.
Detroit,MI,Chicago,IL,750,747.0,-3.0,32.0,819.0,76,92.0,51.0,235,810.0,9.0,806,819.0,13.0,0,0,,,,2015-5-6,Delta Air Lines Inc.
Fairbanks,AK,Minneapolis,MN,2115,2111.0,-4.0,13.0,2124.0,316,318.0,301.0,2466,525.0,4.0,531,529.0,-2.0,0,0,,,,2015-5-18,Delta Air Lines Inc.
Chicago,IL,San Francisco,CA,1003,1028.0,25.0,13.0,1041.0,277,252.0,234.0,1846,1235.0,5.0,1240,1240.0,0.0,0,0,,,,2015-8-15,American Airlines Inc.
Norfolk,VA,Orlando,FL,1830,1826.0,-4.0,9.0,1835.0,120,121.0,104.0,655,2019.0,8.0,2030,2027.0,-3.0,0,0,,,,2015-5-5,Southwest Airlines Co.
Providence,RI,Chicago,IL,1632,1636.0,4.0,15.0,1651.0,158,152.0,126.0,849,1757.0,11.0,1810,1808.0,-2.0,0,0,,,,2015-4-20,Atlantic Southeast Airlines
Chicago,IL,Pittsburgh,PA,1059,1054.0,-5.0,16.0,1110.0,91,84.0,63.0,413,1313.0,5.0,1330,1318.0,-12.0,0,0,,,,2015-7-15,United Air Lines Inc.
Moline,IL,Chicago,IL,1904,1854.0,-10.0,8.0,1902.0,60,56.0,32.0,139,1934.0,16.0,2004,1950.0,-14.0,0,0,,,,2015-11-2,Skywest Airlines Inc.
Rochester,MN,Atlanta,GA,1436,1431.0,-5.0,8.0,1439.0,135,119.0,107.0,831,1726.0,4.0,1751,1730.0,-21.0,0,0,,,,2015-3-9,Atlantic Southeast Airlines
Corpus Christi,TX,Houston,TX,1930,1933.0,3.0,7.0,1940.0,55,46.0,32.0,187,2012.0,7.0,2025,2019.0,-6.0,0,0,,,,2015-5-8,Southwest Airlines Co.
Chicago,IL,Houston,TX,1720,1803.0,43.0,13.0,1816.0,176,138.0,117.0,925,2013.0,8.0,2016,2021.0,5.0,0,0,,,,2015-3-15,United Air Lines Inc.
New York,NY,Ft. Lauderdale,FL,1705,1706.0,1.0,25.0,1731.0,205,173.0,145.0,1076,1956.0,3.0,2030,1959.0,-31.0,0,0,,,,2015-8-13,Delta Air Lines Inc.
Denver,CO,Jacksonville,FL,1820,1816.0,-4.0,9.0,1825.0,205,187.0,172.0,1447,2317.0,6.0,2345,2323.0,-22.0,0,0,,,,2015-6-15,Southwest Airlines Co.
Denver,CO,Cleveland,OH,1340,1338.0,-2.0,11.0,1349.0,178,166.0,146.0,1201,1815.0,9.0,1838,1824.0,-14.0,0,0,,,,2015-9-29,United Air Lines Inc.
Chicago,IL,Austin,TX,1235,1244.0,9.0,15.0,1259.0,180,155.0,133.0,978,1512.0,7.0,1535,1519.0,-16.0,0,0,,,,2015-3-15,United Air Lines Inc.
Las Vegas,NV,Kansas City,MO,1215,1212.0,-3.0,12.0,1224.0,165,152.0,133.0,1139,1637.0,7.0,1700,1644.0,-16.0,0,0,,,,2015-1-17,Southwest Airlines Co.
St Louis,MO,Dallas-Fort Worth,TX,1909,1905.0,-4.0,22.0,1927.0,117,112.0,75.0,550,2042.0,15.0,2106,2057.0,-9.0,0,0,,,,2015-9-1,American Airlines Inc.
Salt Lake City,UT,Hailey,ID,1115,1111.0,-4.0,28.0,1139.0,69,68.0,37.0,222,1216.0,3.0,1224,1219.0,-5.0,0,0,,,,2015-6-7,Skywest Airlines Inc.
Chicago,IL,Orlando,FL,1040,1038.0,-2.0,14.0,1052.0,164,151.0,129.0,1005,1401.0,8.0,1424,1409.0,-15.0,0,0,,,,2015-6-29,United Air Lines Inc.
Seattle,WA,San Jose,CA,1045,1045.0,0.0,20.0,1105.0,130,132.0,108.0,697,1253.0,4.0,1255,1257.0,2.0,0,0,,,,2015-7-30,Skywest Airlines Inc.
Phoenix,AZ,Cleveland,OH,1125,1122.0,-3.0,17.0,1139.0,235,229.0,207.0,1737,1706.0,5.0,1720,1711.0,-9.0,0,0,,,,2015-12-6,Southwest Airlines Co.
Sacramento,CA,Ontario,CA,2145,2140.0,-5.0,6.0,2146.0,75,66.0,57.0,390,2243.0,3.0,2300,2246.0,-14.0,0,0,,,,2015-9-1,Southwest Airlines Co.
Orlando,FL,Newark,NJ,1231,1233.0,2.0,13.0,1246.0,164,149.0,126.0,937,1452.0,10.0,1515,1502.0,-13.0,0,0,,,,2015-7-31,United Air Lines Inc.
Newark,NJ,Covington,KY,629,708.0,39.0,18.0,726.0,124,105.0,82.0,569,848.0,5.0,833,853.0,20.0,0,0,20.0,0.0,0.0,2015-7-29,Atlantic Southeast Airlines
Arlington,VA,Atlanta,GA,1500,1457.0,-3.0,19.0,1516.0,118,112.0,86.0,547,1642.0,7.0,1658,1649.0,-9.0,0,0,,,,2015-11-17,Delta Air Lines Inc.
New York,NY,San Diego,CA,1730,1726.0,-4.0,50.0,1816.0,370,347.0,293.0,2446,2009.0,4.0,2040,2013.0,-27.0,0,0,,,,2015-6-22,Delta Air Lines Inc.
Dallas-Fort Worth,TX,Columbus,OH,2015,2008.0,-7.0,14.0,2022.0,156,143.0,123.0,926,2325.0,6.0,2351,2331.0,-20.0,0,0,,,,2015-6-4,American Airlines Inc.
Denver,CO,Indianapolis,IN,956,1003.0,7.0,22.0,1025.0,151,147.0,118.0,977,1423.0,7.0,1427,1430.0,3.0,0,0,,,,2015-7-6,United Air Lines Inc.
Chicago,IL,Philadelphia,PA,1925,1947.0,22.0,10.0,1957.0,115,109.0,93.0,668,2230.0,6.0,2220,2236.0,16.0,0,0,0.0,0.0,0.0,2015-12-14,Southwest Airlines Co.
St Louis,MO,Dallas,TX,1955,2001.0,6.0,5.0,2006.0,95,81.0,70.0,546,2116.0,6.0,2130,2122.0,-8.0,0,0,,,,2015-9-30,Southwest Airlines Co.
New York,NY,Cleveland,OH,1530,1539.0,9.0,33.0,1612.0,108,107.0,68.0,419,1720.0,6.0,1718,1726.0,8.0,0,0,,,,2015-11-8,Atlantic Southeast Airlines
Phoenix,AZ,Los Angeles,CA,1402,1439.0,37.0,13.0,1452.0,88,80.0,57.0,370,1549.0,10.0,1530,1559.0,29.0,0,0,0.0,0.0,0.0,2015-9-11,Skywest Airlines Inc.
Oakland,CA,Los Angeles,CA,1215,1305.0,50.0,10.0,1315.0,75,95.0,54.0,337,1409.0,31.0,1330,1440.0,70.0,0,0,70.0,0.0,0.0,2015-2-23,Southwest Airlines Co.
Montgomery,AL,Atlanta,GA,1029,1026.0,-3.0,6.0,1032.0,56,41.0,29.0,147,1201.0,6.0,1225,1207.0,-18.0,0,0,,,,2015-11-20,Atlantic Southeast Airlines
Denver,CO,Phoenix,AZ,1955,1952.0,-3.0,14.0,2006.0,110,110.0,91.0,602,2037.0,5.0,2045,2042.0,-3.0,0,0,,,,2015-9-7,Southwest Airlines Co.
Indianapolis,IN,Kansas City,MO,1305,1302.0,-3.0,8.0,1310.0,95,98.0,84.0,451,1334.0,6.0,1340,1340.0,0.0,0,0,,,,2015-2-23,Southwest Airlines Co.
Salt Lake City,UT,Orlando,FL,953,947.0,-6.0,23.0,1010.0,266,258.0,228.0,1931,1558.0,7.0,1619,1605.0,-14.0,0,0,,,,2015-7-4,Delta Air Lines Inc.
Atlanta,GA,Cleveland,OH,852,850.0,-2.0,10.0,900.0,106,94.0,79.0,554,1019.0,5.0,1038,1024.0,-14.0,0,0,,,,2015-4-3,Delta Air Lines Inc.
Las Vegas,NV,Sacramento,CA,2100,2138.0,38.0,12.0,2150.0,85,80.0,63.0,397,2253.0,5.0,2225,2258.0,33.0,0,0,0.0,0.0,0.0,2015-5-19,Southwest Airlines Co.
Dallas-Fort Worth,TX,Knoxville,TN,1320,1321.0,1.0,22.0,1343.0,115,120.0,95.0,772,1618.0,3.0,1615,1621.0,6.0,0,0,,,,2015-3-20,Atlantic Southeast Airlines
Phoenix,AZ,Tucson,AZ,1455,1445.0,-10.0,21.0,1506.0,52,52.0,26.0,110,1532.0,5.0,1547,1537.0,-10.0,0,0,,,,2015-11-2,Skywest Airlines Inc.
Ontario,CA,Dallas-Fort Worth,TX,1230,1220.0,-10.0,13.0,1233.0,174,181.0,157.0,1188,1710.0,11.0,1724,1721.0,-3.0,0,0,,,,2015-2-1,American Airlines Inc.
Houston,TX,Harlingen,TX,1441,1431.0,-10.0,12.0,1443.0,72,63.0,47.0,295,1530.0,4.0,1553,1534.0,-19.0,0,0,,,,2015-12-8,Atlantic Southeast Airlines
Chicago,IL,Los Angeles,CA,1220,1309.0,49.0,12.0,1321.0,270,290.0,257.0,1750,1538.0,21.0,1450,1559.0,69.0,0,0,20.0,0.0,0.0,2015-11-5,Southwest Airlines Co.
Denver,CO,San Diego,CA,900,855.0,-5.0,14.0,909.0,135,134.0,117.0,853,1006.0,3.0,1015,1009.0,-6.0,0,0,,,,2015-7-22,Southwest Airlines Co.
Phoenix,AZ,El Paso,TX,1345,1350.0,5.0,12.0,1402.0,65,63.0,46.0,347,1548.0,5.0,1550,1553.0,3.0,0,0,,,,2015-4-3,Southwest Airlines Co.
Minneapolis,MN,New Orleans,LA,1008,1001.0,-7.0,17.0,1018.0,163,156.0,132.0,1039,1230.0,7.0,1251,1237.0,-14.0,0,0,,,,2015-3-22,Delta Air Lines Inc.
Atlanta,GA,Boston,MA,1735,1733.0,-2.0,9.0,1742.0,173,152.0,136.0,946,1958.0,7.0,2028,2005.0,-23.0,0,0,,,,2015-6-7,Delta Air Lines Inc.
Atlanta,GA,Tallahassee,FL,912,1206.0,174.0,27.0,1233.0,66,76.0,45.0,223,1318.0,4.0,1018,1322.0,184.0,0,0,10.0,0.0,0.0,2015-12-28,Atlantic Southeast Airlines
Newark,NJ,Boston,MA,2158,2154.0,-4.0,24.0,2218.0,71,68.0,37.0,200,2255.0,7.0,2309,2302.0,-7.0,0,0,,,,2015-12-13,United Air Lines Inc.
New York,NY,Birmingham,AL,1359,1421.0,22.0,26.0,1447.0,157,156.0,127.0,866,1554.0,3.0,1536,1557.0,21.0,0,0,0.0,0.0,0.0,2015-4-10,Atlantic Southeast Airlines
Traverse City,MI,Detroit,MI,1349,1337.0,-12.0,11.0,1348.0,74,55.0,37.0,207,1425.0,7.0,1503,1432.0,-31.0,0,0,,,,2015-2-20,Atlantic Southeast Airlines
Seattle,WA,Chicago,IL,1410,1425.0,15.0,14.0,1439.0,240,222.0,204.0,1733,2003.0,4.0,2010,2007.0,-3.0,0,0,,,,2015-12-21,Southwest Airlines Co.
Milwaukee,WI,Phoenix,AZ,600,557.0,-3.0,12.0,609.0,220,222.0,202.0,1460,731.0,8.0,740,739.0,-1.0,0,0,,,,2015-7-22,Southwest Airlines Co.
Columbus,OH,Los Angeles,CA,630,622.0,-8.0,15.0,637.0,300,318.0,286.0,1995,823.0,17.0,830,840.0,10.0,0,0,,,,2015-4-8,Delta Air Lines Inc.
Seattle,WA,Phoenix,AZ,1505,1501.0,-4.0,18.0,1519.0,174,163.0,141.0,1107,1840.0,4.0,1859,1844.0,-15.0,0,0,,,,2015-3-3,Skywest Airlines Inc.
Nashville,TN,Orlando,FL,1945,2041.0,56.0,9.0,2050.0,100,112.0,96.0,616,2326.0,7.0,2225,2333.0,68.0,0,0,67.0,0.0,0.0,2015-8-26,Southwest Airlines Co.
Atlanta,GA,Philadelphia,PA,2045,2040.0,-5.0,23.0,2103.0,130,126.0,96.0,666,2239.0,7.0,2255,2246.0,-9.0,0,0,,,,2015-2-10,Southwest Airlines Co.
Baltimore,MD,Chicago,IL,2155,2219.0,24.0,9.0,2228.0,120,108.0,94.0,611,2302.0,5.0,2255,2307.0,12.0,0,0,,,,2015-6-30,Southwest Airlines Co.
Atlanta,GA,Pensacola,FL,2020,2017.0,-3.0,15.0,2032.0,71,67.0,47.0,271,2019.0,5.0,2031,2024.0,-7.0,0,0,,,,2015-8-25,Delta Air Lines Inc.
Atlanta,GA,West Palm Beach,FL,1400,1358.0,-2.0,11.0,1409.0,112,97.0,82.0,545,1531.0,4.0,1552,1535.0,-17.0,0,0,,,,2015-12-21,Delta Air Lines Inc.
Newark,NJ,Detroit,MI,1829,1821.0,-8.0,16.0,1837.0,131,99.0,78.0,488,1955.0,5.0,2040,2000.0,-40.0,0,0,,,,2015-1-28,Atlantic Southeast Airlines
Denver,CO,Baltimore,MD,545,546.0,1.0,18.0,604.0,200,203.0,161.0,1491,1045.0,24.0,1105,1109.0,4.0,0,0,,,,2015-12-29,Southwest Airlines Co.
Los Angeles,CA,Oakland,CA,1845,2016.0,91.0,6.0,2022.0,70,66.0,55.0,337,2117.0,5.0,1955,2122.0,87.0,0,0,0.0,0.0,0.0,2015-6-11,Southwest Airlines Co.
San Francisco,CA,Santa Barbara,CA,1848,1837.0,-11.0,11.0,1848.0,76,62.0,47.0,262,1935.0,4.0,2004,1939.0,-25.0,0,0,,,,2015-8-27,Skywest Airlines Inc.
Chattanooga,TN,Atlanta,GA,1319,1358.0,39.0,19.0,1417.0,61,59.0,35.0,106,1452.0,5.0,1420,1457.0,37.0,0,0,0.0,0.0,0.0,2015-4-10,Atlantic Southeast Airlines
New York,NY,Boston,MA,1600,1550.0,-10.0,32.0,1622.0,78,76.0,34.0,184,1656.0,10.0,1718,1706.0,-12.0,0,0,,,,2015-9-21,American Airlines Inc.
Tyler,TX,Houston,TX,1257,1327.0,30.0,16.0,1343.0,62,82.0,50.0,163,1433.0,16.0,1359,1449.0,50.0,0,0,20.0,0.0,0.0,2015-5-19,Atlantic Southeast Airlines
Chicago,IL,Tucson,AZ,910,907.0,-3.0,9.0,916.0,225,219.0,206.0,1440,1042.0,4.0,1055,1046.0,-9.0,0,0,,,,2015-5-18,Southwest Airlines Co.
Ft. Lauderdale,FL,Atlanta,GA,645,704.0,19.0,12.0,716.0,105,108.0,83.0,581,839.0,13.0,830,852.0,22.0,0,0,3.0,0.0,19.0,2015-8-30,Delta Air Lines Inc.
Baltimore,MD,Ft. Lauderdale,FL,1250,1251.0,1.0,11.0,1302.0,155,145.0,130.0,925,1512.0,4.0,1525,1516.0,-9.0,0,0,,,,2015-11-15,Southwest Airlines Co.
Nashville,TN,Tampa,FL,1250,1248.0,-2.0,9.0,1257.0,100,95.0,82.0,612,1519.0,4.0,1530,1523.0,-7.0,0,0,,,,2015-5-23,Southwest Airlines Co.
Las Vegas,NV,Wichita,KS,1300,1258.0,-2.0,13.0,1311.0,145,134.0,116.0,986,1707.0,5.0,1725,1712.0,-13.0,0,0,,,,2015-11-3,Southwest Airlines Co.
Chantilly,VA,Pittsburgh,PA,837,826.0,-11.0,13.0,839.0,62,57.0,40.0,182,919.0,4.0,939,923.0,-16.0,0,0,,,,2015-1-19,Atlantic Southeast Airlines
Dallas-Fort Worth,TX,Kansas City,MO,1210,1159.0,-11.0,19.0,1218.0,96,100.0,74.0,460,1332.0,7.0,1346,1339.0,-7.0,0,0,,,,2015-12-4,American Airlines Inc.
Orlando,FL,Charlotte,NC,1530,1522.0,-8.0,17.0,1539.0,109,111.0,76.0,468,1655.0,18.0,1719,1713.0,-6.0,0,0,,,,2015-7-4,American Airlines Inc.
Atlanta,GA,Detroit,MI,2150,2144.0,-6.0,21.0,2205.0,118,114.0,87.0,594,2332.0,6.0,2348,2338.0,-10.0,0,0,,,,2015-3-8,Delta Air Lines Inc.
Medford,OR,San Francisco,CA,600,555.0,-5.0,26.0,621.0,88,85.0,55.0,329,716.0,4.0,728,720.0,-8.0,0,0,,,,2015-3-1,Skywest Airlines Inc.
Oklahoma City,OK,Phoenix,AZ,930,927.0,-3.0,21.0,948.0,150,167.0,141.0,833,1109.0,5.0,1100,1114.0,14.0,0,0,,,,2015-11-21,Southwest Airlines Co.
Sioux Falls,SD,Chicago,IL,501,,,,,95,,,462,,,636,,,0,1,,,,2015-11-21,Atlantic Southeast Airlines
Chicago,IL,Dallas-Fort Worth,TX,1425,1651.0,146.0,16.0,1707.0,150,178.0,149.0,802,1936.0,13.0,1655,1949.0,174.0,0,0,28.0,0.0,0.0,2015-6-16,American Airlines Inc.
Salt Lake City,UT,Reno,NV,1059,1251.0,112.0,19.0,1310.0,96,103.0,80.0,422,1330.0,4.0,1135,1334.0,119.0,0,0,7.0,0.0,0.0,2015-12-20,Skywest Airlines Inc.
Miami,FL,Atlanta,GA,745,742.0,-3.0,12.0,754.0,116,105.0,84.0,594,918.0,9.0,941,927.0,-14.0,0,0,,,,2015-11-15,Delta Air Lines Inc.
Miami,FL,Chicago,IL,1645,1645.0,0.0,12.0,1657.0,198,,,1197,2136.0,19.0,1903,2155.0,,1,0,,,,2015-6-13,American Airlines Inc.
Austin,TX,Chicago,IL,1640,1651.0,11.0,10.0,1701.0,150,134.0,121.0,972,1902.0,3.0,1910,1905.0,-5.0,0,0,,,,2015-5-23,Southwest Airlines Co.
Detroit,MI,New York,NY,1210,1256.0,46.0,9.0,1305.0,99,87.0,71.0,502,1416.0,7.0,1349,1423.0,34.0,0,0,0.0,0.0,0.0,2015-4-7,Delta Air Lines Inc.
Chicago,IL,Cleveland,OH,840,836.0,-4.0,10.0,846.0,75,60.0,44.0,307,1030.0,6.0,1055,1036.0,-19.0,0,0,,,,2015-2-24,Southwest Airlines Co.
Chicago,IL,Detroit,MI,1835,1937.0,62.0,15.0,1952.0,72,58.0,40.0,228,2132.0,3.0,2047,2135.0,48.0,0,0,0.0,0.0,0.0,2015-7-29,Atlantic Southeast Airlines
Denver,CO,Albuquerque,NM,2225,2220.0,-5.0,12.0,2232.0,75,64.0,48.0,349,2320.0,4.0,2340,2324.0,-16.0,0,0,,,,2015-6-30,Southwest Airlines Co.
Baltimore,MD,Manchester,NH,1000,958.0,-2.0,16.0,1014.0,80,81.0,62.0,377,1116.0,3.0,1120,1119.0,-1.0,0,0,,,,2015-3-19,Southwest Airlines Co.
New York,NY,Salt Lake City,UT,1559,1622.0,23.0,20.0,1642.0,329,309.0,277.0,1990,1919.0,12.0,1928,1931.0,3.0,0,0,,,,2015-1-11,Delta Air Lines Inc.
Chicago,IL,Milwaukee,WI,2005,2003.0,-2.0,10.0,2013.0,53,37.0,21.0,67,2034.0,6.0,2058,2040.0,-18.0,0,0,,,,2015-7-21,Skywest Airlines Inc.
Boston,MA,Chicago,IL,1617,1750.0,93.0,11.0,1801.0,167,175.0,159.0,867,1940.0,5.0,1804,1945.0,101.0,0,0,8.0,0.0,23.0,2015-3-5,United Air Lines Inc.
New York,NY,San Francisco,CA,1830,1831.0,1.0,21.0,1852.0,403,394.0,369.0,2586,2201.0,4.0,2213,2205.0,-8.0,0,0,,,,2015-11-26,Delta Air Lines Inc.
Salt Lake City,UT,Grand Junction,CO,2000,1956.0,-4.0,13.0,2009.0,71,49.0,33.0,216,2042.0,3.0,2111,2045.0,-26.0,0,0,,,,2015-12-18,Skywest Airlines Inc.
Albany,NY,Newark,NJ,1851,1841.0,-10.0,16.0,1857.0,72,64.0,37.0,143,1934.0,11.0,2003,1945.0,-18.0,0,0,,,,2015-11-23,Atlantic Southeast Airlines
Chicago,IL,Philadelphia,PA,735,741.0,6.0,20.0,801.0,127,141.0,117.0,678,1058.0,4.0,1042,1102.0,20.0,0,0,14.0,0.0,0.0,2015-7-18,United Air Lines Inc.
New York,NY,Austin,TX,2000,2007.0,7.0,27.0,2034.0,272,257.0,227.0,1521,2321.0,3.0,2332,2324.0,-8.0,0,0,,,,2015-4-10,Delta Air Lines Inc.
Minneapolis,MN,Great Falls,MT,1739,1735.0,-4.0,20.0,1755.0,168,161.0,137.0,887,1912.0,4.0,1927,1916.0,-11.0,0,0,,,,2015-12-7,Skywest Airlines Inc.
Philadelphia,PA,Las Vegas,NV,655,655.0,0.0,9.0,704.0,345,321.0,306.0,2176,910.0,6.0,940,916.0,-24.0,0,0,,,,2015-2-3,Southwest Airlines Co.
Chicago,IL,Hancock,MI,1004,955.0,-9.0,15.0,1010.0,86,77.0,57.0,359,1207.0,5.0,1230,1212.0,-18.0,0,0,,,,2015-1-24,Skywest Airlines Inc.
Minneapolis,MN,San Francisco,CA,1745,1742.0,-3.0,14.0,1756.0,257,252.0,219.0,1589,1935.0,19.0,2002,1954.0,-8.0,0,0,,,,2015-2-19,Delta Air Lines Inc.
Phoenix,AZ,El Paso,TX,2020,2224.0,124.0,10.0,2234.0,70,61.0,48.0,347,22.0,3.0,2230,25.0,115.0,0,0,0.0,0.0,0.0,2015-6-27,Southwest Airlines Co.
Atlanta,GA,Boston,MA,1129,1130.0,1.0,18.0,1148.0,146,139.0,111.0,946,1339.0,10.0,1355,1349.0,-6.0,0,0,,,,2015-4-21,Delta Air Lines Inc.
Denver,CO,Orlando,FL,1005,1031.0,26.0,1.0,1032.0,210,186.0,180.0,1546,1532.0,5.0,1535,1537.0,2.0,0,0,,,,2015-12-24,Southwest Airlines Co.
New Orleans,LA,San Francisco,CA,1800,2100.0,180.0,10.0,2110.0,285,267.0,252.0,1911,2322.0,5.0,2045,2327.0,162.0,0,0,0.0,0.0,0.0,2015-9-24,United Air Lines Inc.
Wichita,KS,Denver,CO,1714,1711.0,-3.0,10.0,1721.0,94,79.0,64.0,420,1725.0,5.0,1748,1730.0,-18.0,0,0,,,,2015-7-1,United Air Lines Inc.
St Louis,MO,San Diego,CA,1405,1400.0,-5.0,7.0,1407.0,245,218.0,205.0,1557,1532.0,6.0,1610,1538.0,-32.0,0,0,,,,2015-11-7,Southwest Airlines Co.
Little Rock,AR,Denver,CO,1645,1710.0,25.0,14.0,1724.0,139,133.0,114.0,771,1818.0,5.0,1804,1823.0,19.0,0,0,0.0,0.0,0.0,2015-9-10,Skywest Airlines Inc.
New York,NY,Las Vegas,NV,1520,1517.0,-3.0,36.0,1553.0,354,352.0,310.0,2248,1803.0,6.0,1814,1809.0,-5.0,0,0,,,,2015-5-15,Delta Air Lines Inc.
Ontario,CA,Houston,TX,1103,1146.0,43.0,13.0,1159.0,207,185.0,168.0,1334,1647.0,4.0,1630,1651.0,21.0,0,0,0.0,0.0,0.0,2015-8-9,Skywest Airlines Inc.
Atlanta,GA,Los Angeles,CA,1206,1205.0,-1.0,32.0,1237.0,279,273.0,229.0,1947,1326.0,12.0,1345,1338.0,-7.0,0,0,,,,2015-7-19,Delta Air Lines Inc.
Chicago,IL,Orlando,FL,605,600.0,-5.0,13.0,613.0,156,149.0,128.0,1005,921.0,8.0,941,929.0,-12.0,0,0,,,,2015-7-22,American Airlines Inc.
Bemidji,MN,Minneapolis,MN,515,526.0,11.0,11.0,537.0,60,52.0,37.0,199,614.0,4.0,615,618.0,3.0,0,0,,,,2015-11-17,Skywest Airlines Inc.
Newark,NJ,West Palm Beach,FL,1059,1101.0,2.0,17.0,1118.0,179,176.0,154.0,1023,1352.0,5.0,1358,1357.0,-1.0,0,0,,,,2015-2-26,United Air Lines Inc.
Las Vegas,NV,Dallas,TX,715,713.0,-2.0,10.0,723.0,165,148.0,128.0,1067,1131.0,10.0,1200,1141.0,-19.0,0,0,,,,2015-8-21,Southwest Airlines Co.
Dallas-Fort Worth,TX,Sacramento,CA,1830,1912.0,42.0,14.0,1926.0,235,232.0,211.0,1431,2057.0,7.0,2025,2104.0,39.0,0,0,0.0,0.0,0.0,2015-4-8,American Airlines Inc.
San Francisco,CA,Los Angeles,CA,1002,959.0,-3.0,28.0,1027.0,95,103.0,56.0,337,1123.0,19.0,1137,1142.0,5.0,0,0,,,,2015-4-6,United Air Lines Inc.
Tampa,FL,Denver,CO,915,910.0,-5.0,12.0,922.0,245,227.0,209.0,1506,1051.0,6.0,1120,1057.0,-23.0,0,0,,,,2015-12-6,Southwest Airlines Co.
New York,NY,Dallas-Fort Worth,TX,1630,1654.0,24.0,20.0,1714.0,245,231.0,202.0,1389,1936.0,9.0,1935,1945.0,10.0,0,0,,,,2015-7-15,American Airlines Inc.
Dallas-Fort Worth,TX,Oklahoma City,OK,1309,1309.0,0.0,11.0,1320.0,57,50.0,35.0,175,1355.0,4.0,1406,1359.0,-7.0,0,0,,,,2015-5-3,Atlantic Southeast Airlines
Denver,CO,Indianapolis,IN,1050,1322.0,152.0,18.0,1340.0,140,137.0,113.0,977,1733.0,6.0,1510,1739.0,149.0,0,0,0.0,0.0,0.0,2015-12-12,Southwest Airlines Co.
Honolulu,HI,Dallas-Fort Worth,TX,2043,2033.0,-10.0,15.0,2048.0,457,429.0,409.0,3784,837.0,5.0,920,842.0,-38.0,0,0,,,,2015-5-16,American Airlines Inc.
San Diego,CA,Oakland,CA,1300,1256.0,-4.0,12.0,1308.0,90,86.0,69.0,446,1417.0,5.0,1430,1422.0,-8.0,0,0,,,,2015-1-23,Southwest Airlines Co.
Nashville,TN,Seattle,WA,1055,1049.0,-6.0,8.0,1057.0,295,283.0,266.0,1978,1323.0,9.0,1350,1332.0,-18.0,0,0,,,,2015-8-16,Southwest Airlines Co.
San Francisco,CA,Monterey,CA,1015,1153.0,98.0,23.0,1216.0,45,51.0,24.0,77,1240.0,4.0,1100,1244.0,104.0,0,0,6.0,0.0,0.0,2015-2-26,Skywest Airlines Inc.
New Orleans,LA,Atlanta,GA,810,810.0,0.0,9.0,819.0,85,79.0,62.0,425,1021.0,8.0,1035,1029.0,-6.0,0,0,,,,2015-6-5,Delta Air Lines Inc.
Chicago,IL,Denver,CO,1805,1812.0,7.0,16.0,1828.0,155,152.0,131.0,895,1939.0,5.0,1940,1944.0,4.0,0,0,,,,2015-5-25,Southwest Airlines Co.
Boston,MA,Austin,TX,1300,1658.0,238.0,29.0,1727.0,290,261.0,226.0,1698,2013.0,6.0,1650,2019.0,209.0,0,0,0.0,0.0,0.0,2015-11-3,Southwest Airlines Co.
San Antonio,TX,Atlanta,GA,1030,1045.0,15.0,10.0,1055.0,154,136.0,115.0,874,1350.0,11.0,1404,1401.0,-3.0,0,0,,,,2015-6-23,Delta Air Lines Inc.
Chicago,IL,Des Moines,IA,1555,1713.0,78.0,10.0,1723.0,80,60.0,44.0,299,1807.0,6.0,1715,1813.0,58.0,0,0,0.0,0.0,0.0,2015-9-5,Atlantic Southeast Airlines
Denver,CO,Tucson,AZ,2210,2238.0,28.0,10.0,2248.0,115,109.0,95.0,639,2323.0,4.0,2305,2327.0,22.0,0,0,0.0,0.0,0.0,2015-5-5,Southwest Airlines Co.
Salt Lake City,UT,Dallas-Fort Worth,TX,1422,1440.0,18.0,13.0,1453.0,153,156.0,127.0,989,1800.0,16.0,1755,1816.0,21.0,0,0,3.0,0.0,0.0,2015-3-2,American Airlines Inc.
Dallas-Fort Worth,TX,Denver,CO,2150,2148.0,-2.0,18.0,2206.0,125,133.0,99.0,641,2245.0,16.0,2255,2301.0,6.0,0,0,,,,2015-7-19,American Airlines Inc.
Atlanta,GA,Newark,NJ,1741,1911.0,90.0,15.0,1926.0,139,134.0,99.0,746,2105.0,20.0,2000,2125.0,85.0,0,0,0.0,0.0,0.0,2015-3-14,Atlantic Southeast Airlines
Boise,ID,Minneapolis,MN,1425,1424.0,-1.0,13.0,1437.0,163,152.0,130.0,1142,1747.0,9.0,1808,1756.0,-12.0,0,0,,,,2015-6-21,Delta Air Lines Inc.
San Diego,CA,Denver,CO,615,613.0,-2.0,19.0,632.0,145,146.0,120.0,853,932.0,7.0,940,939.0,-1.0,0,0,,,,2015-3-26,United Air Lines Inc.
Chicago,IL,San Antonio,TX,1222,1222.0,0.0,23.0,1245.0,186,200.0,173.0,1041,1538.0,4.0,1528,1542.0,14.0,0,0,,,,2015-12-21,Skywest Airlines Inc.
Las Vegas,NV,Houston,TX,1425,1448.0,23.0,11.0,1459.0,185,178.0,161.0,1235,1940.0,6.0,1930,1946.0,16.0,0,0,0.0,0.0,0.0,2015-7-19,Southwest Airlines Co.
Atlanta,GA,Boston,MA,1235,1233.0,-2.0,16.0,1249.0,158,152.0,128.0,946,1457.0,8.0,1513,1505.0,-8.0,0,0,,,,2015-8-21,Delta Air Lines Inc.
Houston,TX,New York,NY,1015,1011.0,-4.0,16.0,1027.0,221,215.0,195.0,1416,1442.0,4.0,1456,1446.0,-10.0,0,0,,,,2015-8-14,United Air Lines Inc.
Dallas,TX,Lubbock,TX,1445,1445.0,0.0,13.0,1458.0,65,65.0,48.0,293,1546.0,4.0,1550,1550.0,0.0,0,0,,,,2015-5-22,Southwest Airlines Co.
Madison,WI,Denver,CO,1645,1656.0,11.0,12.0,1708.0,150,171.0,148.0,826,1836.0,11.0,1815,1847.0,32.0,0,0,21.0,0.0,0.0,2015-4-2,Atlantic Southeast Airlines
Charlotte,NC,New York,NY,2204,2204.0,0.0,15.0,2219.0,102,97.0,73.0,544,2332.0,9.0,2346,2341.0,-5.0,0,0,,,,2015-8-22,American Airlines Inc.
Dallas-Fort Worth,TX,New York,NY,1855,1853.0,-2.0,19.0,1912.0,216,201.0,178.0,1389,2310.0,4.0,2331,2314.0,-17.0,0,0,,,,2015-5-24,American Airlines Inc.
Chicago,IL,Asheville,NC,1410,1406.0,-4.0,34.0,1440.0,105,119.0,80.0,536,1700.0,5.0,1655,1705.0,10.0,0,0,,,,2015-5-31,Skywest Airlines Inc.
Minneapolis,MN,Anchorage,AK,1740,1807.0,27.0,39.0,1846.0,368,351.0,307.0,2519,2053.0,5.0,2048,2058.0,10.0,0,0,,,,2015-11-30,Delta Air Lines Inc.
Chicago,IL,Minneapolis,MN,2050,2049.0,-1.0,15.0,2104.0,97,84.0,58.0,334,2202.0,11.0,2227,2213.0,-14.0,0,0,,,,2015-6-9,United Air Lines Inc.
Tucson,AZ,Dallas-Fort Worth,TX,1451,1450.0,-1.0,15.0,1505.0,139,135.0,113.0,813,1858.0,7.0,1910,1905.0,-5.0,0,0,,,,2015-8-9,American Airlines Inc.
Houston,TX,Chicago,IL,1320,1342.0,22.0,15.0,1357.0,173,185.0,166.0,925,1643.0,4.0,1613,1647.0,34.0,0,0,12.0,0.0,0.0,2015-7-18,United Air Lines Inc.
St Louis,MO,Dallas,TX,1640,1639.0,-1.0,9.0,1648.0,105,98.0,84.0,546,1812.0,5.0,1825,1817.0,-8.0,0,0,,,,2015-11-24,Southwest Airlines Co.
Los Angeles,CA,Chicago,IL,2306,2346.0,40.0,10.0,2356.0,244,221.0,204.0,1744,520.0,7.0,510,527.0,17.0,0,0,7.0,0.0,0.0,2015-6-24,United Air Lines Inc.
West Palm Beach,FL,Newark,NJ,1622,1632.0,10.0,13.0,1645.0,174,165.0,144.0,1023,1909.0,8.0,1916,1917.0,1.0,0,0,,,,2015-11-28,United Air Lines Inc.
Seattle,WA,Honolulu,HI,800,759.0,-1.0,17.0,816.0,349,351.0,330.0,2677,1046.0,4.0,1049,1050.0,1.0,0,0,,,,2015-6-6,Delta Air Lines Inc.
Atlanta,GA,San Antonio,TX,944,954.0,10.0,47.0,1041.0,159,184.0,131.0,874,1152.0,6.0,1123,1158.0,35.0,0,0,25.0,0.0,0.0,2015-4-10,Delta Air Lines Inc.
Sacramento,CA,San Diego,CA,1035,1115.0,40.0,8.0,1123.0,85,97.0,73.0,480,1236.0,16.0,1200,1252.0,52.0,0,0,12.0,0.0,0.0,2015-5-4,Southwest Airlines Co.
Minneapolis,MN,Detroit,MI,1015,1013.0,-2.0,18.0,1031.0,104,105.0,82.0,528,1253.0,5.0,1259,1258.0,-1.0,0,0,,,,2015-8-16,Delta Air Lines Inc.
Newark,NJ,Richmond,VA,2055,2158.0,63.0,19.0,2217.0,86,78.0,50.0,277,2307.0,9.0,2221,2316.0,55.0,0,0,0.0,0.0,0.0,2015-5-27,Atlantic Southeast Airlines
Harrisburg,PA,Atlanta,GA,1730,1739.0,9.0,14.0,1753.0,138,114.0,93.0,620,1926.0,7.0,1948,1933.0,-15.0,0,0,,,,2015-2-6,Delta Air Lines Inc.
Seattle,WA,Ontario,CA,1420,1413.0,-7.0,17.0,1430.0,155,148.0,127.0,956,1637.0,4.0,1655,1641.0,-14.0,0,0,,,,2015-4-10,Skywest Airlines Inc.
Chicago,IL,Springfield,MO,911,911.0,0.0,18.0,929.0,96,87.0,65.0,438,1034.0,4.0,1047,1038.0,-9.0,0,0,,,,2015-6-20,Atlantic Southeast Airlines
Traverse City,MI,Detroit,MI,1143,1134.0,-9.0,13.0,1147.0,73,57.0,37.0,207,1224.0,7.0,1256,1231.0,-25.0,0,0,,,,2015-3-12,Skywest Airlines Inc.
Detroit,MI,Dallas-Fort Worth,TX,1725,1728.0,3.0,10.0,1738.0,170,172.0,145.0,986,1903.0,17.0,1915,1920.0,5.0,0,0,,,,2015-4-20,Delta Air Lines Inc.
Atlanta,GA,Miami,FL,2205,2209.0,4.0,35.0,2244.0,113,141.0,102.0,594,26.0,4.0,2358,30.0,32.0,0,0,32.0,0.0,0.0,2015-8-6,Delta Air Lines Inc.
Atlanta,GA,Seattle,WA,815,815.0,0.0,18.0,833.0,317,324.0,301.0,2182,1034.0,5.0,1032,1039.0,7.0,0,0,,,,2015-7-21,Delta Air Lines Inc.
Chicago,IL,Grand Rapids,MI,1847,1844.0,-3.0,14.0,1858.0,57,46.0,26.0,137,2024.0,6.0,2044,2030.0,-14.0,0,0,,,,2015-9-27,United Air Lines Inc.
Houston,TX,Shreveport,LA,2118,2118.0,0.0,29.0,2147.0,62,82.0,48.0,192,2235.0,5.0,2220,2240.0,20.0,0,0,20.0,0.0,0.0,2015-6-20,Atlantic Southeast Airlines
Charlotte,NC,Atlanta,GA,2025,2022.0,-3.0,23.0,2045.0,74,86.0,48.0,226,2133.0,15.0,2139,2148.0,9.0,0,0,,,,2015-11-2,American Airlines Inc.
San Francisco,CA,Orlando,FL,945,945.0,0.0,16.0,1001.0,317,334.0,312.0,2446,1813.0,6.0,1802,1819.0,17.0,0,0,17.0,0.0,0.0,2015-5-17,United Air Lines Inc.
Reno,NV,Phoenix,AZ,1910,1907.0,-3.0,13.0,1920.0,106,116.0,87.0,601,2047.0,16.0,2056,2103.0,7.0,0,0,,,,2015-7-7,American Airlines Inc.
Chicago,IL,Nashville,TN,715,712.0,-3.0,14.0,726.0,92,89.0,70.0,409,836.0,5.0,847,841.0,-6.0,0,0,,,,2015-3-20,Atlantic Southeast Airlines
Salt Lake City,UT,Phoenix,AZ,935,931.0,-4.0,7.0,938.0,100,77.0,66.0,507,1044.0,4.0,1115,1048.0,-27.0,0,0,,,,2015-11-17,Southwest Airlines Co.
Dallas-Fort Worth,TX,San Antonio,TX,930,925.0,-5.0,10.0,935.0,69,60.0,47.0,247,1022.0,3.0,1039,1025.0,-14.0,0,0,,,,2015-5-5,American Airlines Inc.
Atlanta,GA,Evansville,IN,1648,1649.0,1.0,17.0,1706.0,82,80.0,60.0,350,1706.0,3.0,1710,1709.0,-1.0,0,0,,,,2015-7-26,Atlantic Southeast Airlines
San Francisco,CA,Chantilly,VA,1550,1557.0,7.0,11.0,1608.0,320,301.0,280.0,2419,2348.0,10.0,10,2358.0,-12.0,0,0,,,,2015-4-9,United Air Lines Inc.
Boise,ID,San Francisco,CA,1745,2019.0,154.0,8.0,2027.0,110,147.0,133.0,522,2140.0,6.0,1835,2146.0,191.0,0,0,138.0,0.0,0.0,2015-2-8,Skywest Airlines Inc.
Minneapolis,MN,Columbus,OH,1000,956.0,-4.0,18.0,1014.0,115,109.0,87.0,626,1241.0,4.0,1255,1245.0,-10.0,0,0,,,,2015-4-1,Atlantic Southeast Airlines
San Diego,CA,Oakland,CA,645,641.0,-4.0,24.0,705.0,90,96.0,66.0,446,811.0,6.0,815,817.0,2.0,0,0,,,,2015-7-13,Southwest Airlines Co.
Newark,NJ,Detroit,MI,600,554.0,-6.0,21.0,615.0,120,123.0,91.0,488,746.0,11.0,800,757.0,-3.0,0,0,,,,2015-12-8,Delta Air Lines Inc.
Windsor Locks,CT,Atlanta,GA,600,623.0,23.0,16.0,639.0,155,162.0,136.0,859,855.0,10.0,835,905.0,30.0,0,0,7.0,0.0,23.0,2015-3-2,Delta Air Lines Inc.
Atlanta,GA,Jacksonville,FL,1355,1353.0,-2.0,18.0,1411.0,65,64.0,42.0,270,1453.0,4.0,1500,1457.0,-3.0,0,0,,,,2015-12-22,Southwest Airlines Co.
Cleveland,OH,Atlanta,GA,710,702.0,-8.0,10.0,712.0,108,98.0,78.0,554,830.0,10.0,858,840.0,-18.0,0,0,,,,2015-5-13,Delta Air Lines Inc.
Baltimore,MD,Providence,RI,1010,1006.0,-4.0,9.0,1015.0,75,69.0,54.0,327,1109.0,6.0,1125,1115.0,-10.0,0,0,,,,2015-9-6,Southwest Airlines Co.
Atlanta,GA,Ft. Lauderdale,FL,900,859.0,-1.0,15.0,914.0,114,106.0,87.0,581,1041.0,4.0,1054,1045.0,-9.0,0,0,,,,2015-4-1,Delta Air Lines Inc.
San Juan,PR,Miami,FL,1310,1303.0,-7.0,10.0,1313.0,168,150.0,131.0,1045,1524.0,9.0,1558,1533.0,-25.0,0,0,,,,2015-7-16,American Airlines Inc.
Ft. Lauderdale,FL,Baltimore,MD,2205,2221.0,16.0,17.0,2238.0,150,140.0,118.0,925,36.0,5.0,35,41.0,6.0,0,0,,,,2015-4-20,Southwest Airlines Co.
Salt Lake City,UT,Oklahoma City,OK,1416,1508.0,52.0,14.0,1522.0,136,124.0,107.0,866,1809.0,3.0,1732,1812.0,40.0,0,0,0.0,0.0,0.0,2015-9-20,Skywest Airlines Inc.
Ft. Lauderdale,FL,Dallas-Fort Worth,TX,1446,1457.0,11.0,14.0,1511.0,204,189.0,167.0,1119,1658.0,8.0,1710,1706.0,-4.0,0,0,,,,2015-3-7,American Airlines Inc.
Miami,FL,Dallas-Fort Worth,TX,1145,1144.0,-1.0,17.0,1201.0,202,195.0,168.0,1121,1349.0,10.0,1407,1359.0,-8.0,0,0,,,,2015-2-6,American Airlines Inc.
Great Falls,MT,Minneapolis,MN,555,551.0,-4.0,13.0,604.0,150,140.0,123.0,887,907.0,4.0,925,911.0,-14.0,0,0,,,,2015-12-2,Skywest Airlines Inc.
Phoenix,AZ,Santa Ana,CA,1355,1358.0,3.0,15.0,1413.0,80,78.0,58.0,338,1511.0,5.0,1515,1516.0,1.0,0,0,,,,2015-3-11,American Airlines Inc.
Minneapolis,MN,Chicago,IL,1005,1013.0,8.0,22.0,1035.0,98,93.0,63.0,334,1138.0,8.0,1143,1146.0,3.0,0,0,,,,2015-1-4,Atlantic Southeast Airlines
Detroit,MI,Charlotte,NC,1358,1355.0,-3.0,26.0,1421.0,109,109.0,75.0,500,1536.0,8.0,1547,1544.0,-3.0,0,0,,,,2015-9-4,Delta Air Lines Inc.
Dallas-Fort Worth,TX,Chantilly,VA,1505,1504.0,-1.0,13.0,1517.0,161,158.0,137.0,1172,1834.0,8.0,1846,1842.0,-4.0,0,0,,,,2015-1-14,American Airlines Inc.
Atlanta,GA,Orlando,FL,1655,1654.0,-1.0,17.0,1711.0,91,83.0,59.0,404,1810.0,7.0,1826,1817.0,-9.0,0,0,,,,2015-4-29,Delta Air Lines Inc.
Atlanta,GA,Columbus,OH,1421,1420.0,-1.0,11.0,1431.0,92,80.0,64.0,447,1535.0,5.0,1553,1540.0,-13.0,0,0,,,,2015-1-11,Delta Air Lines Inc.
Reno,NV,Las Vegas,NV,1010,1007.0,-3.0,7.0,1014.0,70,67.0,56.0,345,1110.0,4.0,1120,1114.0,-6.0,0,0,,,,2015-7-12,Southwest Airlines Co.
Chicago,IL,Miami,FL,1355,1353.0,-2.0,17.0,1410.0,195,192.0,163.0,1197,1753.0,12.0,1810,1805.0,-5.0,0,0,,,,2015-4-29,American Airlines Inc.
Kansas City,MO,Dallas,TX,1530,1522.0,-8.0,9.0,1531.0,85,75.0,63.0,460,1634.0,3.0,1655,1637.0,-18.0,0,0,,,,2015-7-26,Southwest Airlines Co.
San Francisco,CA,Salt Lake City,UT,1300,1257.0,-3.0,16.0,1313.0,108,105.0,83.0,599,1536.0,6.0,1548,1542.0,-6.0,0,0,,,,2015-6-6,Delta Air Lines Inc.
Baltimore,MD,Atlanta,GA,1820,1820.0,0.0,22.0,1842.0,126,118.0,90.0,577,2012.0,6.0,2026,2018.0,-8.0,0,0,,,,2015-11-7,Delta Air Lines Inc.
Detroit,MI,Tampa,FL,1000,957.0,-3.0,15.0,1012.0,164,145.0,125.0,983,1217.0,5.0,1244,1222.0,-22.0,0,0,,,,2015-11-4,Delta Air Lines Inc.
Montrose,CO,Houston,TX,1403,1351.0,-12.0,10.0,1401.0,146,137.0,120.0,927,1701.0,7.0,1729,1708.0,-21.0,0,0,,,,2015-3-22,Skywest Airlines Inc.
Gulfport-Biloxi,MS,Atlanta,GA,620,613.0,-7.0,11.0,624.0,81,70.0,50.0,352,814.0,9.0,841,823.0,-18.0,0,0,,,,2015-3-24,Delta Air Lines Inc.
Milwaukee,WI,Chicago,IL,640,627.0,-13.0,19.0,646.0,52,47.0,22.0,67,708.0,6.0,732,714.0,-18.0,0,0,,,,2015-2-6,Skywest Airlines Inc.
Seattle,WA,Chantilly,VA,1305,1310.0,5.0,33.0,1343.0,303,297.0,258.0,2306,2101.0,6.0,2108,2107.0,-1.0,0,0,,,,2015-8-12,United Air Lines Inc.
Baltimore,MD,Nashville,TN,1400,1411.0,11.0,8.0,1419.0,120,119.0,105.0,587,1504.0,6.0,1500,1510.0,10.0,0,0,,,,2015-12-18,Southwest Airlines Co.
Omaha,NE,Phoenix,AZ,535,531.0,-4.0,9.0,540.0,170,151.0,138.0,1037,558.0,4.0,625,602.0,-23.0,0,0,,,,2015-6-2,Southwest Airlines Co.
Seattle,WA,San Francisco,CA,2005,2008.0,3.0,22.0,2030.0,141,144.0,96.0,679,2206.0,26.0,2226,2232.0,6.0,0,0,,,,2015-12-27,Skywest Airlines Inc.
Baltimore,MD,Cleveland,OH,1800,1828.0,28.0,10.0,1838.0,75,65.0,51.0,314,1929.0,4.0,1915,1933.0,18.0,0,0,0.0,0.0,0.0,2015-12-17,Southwest Airlines Co.
Boise,ID,Las Vegas,NV,1845,1900.0,15.0,10.0,1910.0,100,90.0,75.0,519,1925.0,5.0,1925,1930.0,5.0,0,0,,,,2015-3-5,Southwest Airlines Co.
Traverse City,MI,Detroit,MI,1342,1339.0,-3.0,9.0,1348.0,70,51.0,37.0,207,1425.0,5.0,1452,1430.0,-22.0,0,0,,,,2015-3-9,Atlantic Southeast Airlines
Salt Lake City,UT,Sacramento,CA,1659,1654.0,-5.0,24.0,1718.0,110,121.0,90.0,532,1748.0,7.0,1749,1755.0,6.0,0,0,,,,2015-9-17,Skywest Airlines Inc.
Baltimore,MD,St Louis,MO,615,610.0,-5.0,6.0,616.0,135,109.0,99.0,738,655.0,4.0,730,659.0,-31.0,0,0,,,,2015-5-7,Southwest Airlines Co.
Newark,NJ,Los Angeles,CA,1525,1549.0,24.0,27.0,1616.0,371,351.0,317.0,2454,1833.0,7.0,1836,1840.0,4.0,0,0,,,,2015-3-26,United Air Lines Inc.
New York,NY,Boston,MA,1050,1046.0,-4.0,20.0,1106.0,72,65.0,40.0,187,1146.0,5.0,1202,1151.0,-11.0,0,0,,,,2015-6-27,Delta Air Lines Inc.
Miami,FL,Minneapolis,MN,1240,1243.0,3.0,47.0,1330.0,240,265.0,216.0,1501,1606.0,2.0,1540,1608.0,28.0,0,0,28.0,0.0,0.0,2015-4-22,Delta Air Lines Inc.
Dayton,OH,Chicago,IL,1927,1934.0,7.0,21.0,1955.0,76,72.0,41.0,240,1936.0,10.0,1943,1946.0,3.0,0,0,,,,2015-7-10,Atlantic Southeast Airlines
Cleveland,OH,Charlotte,NC,1530,1539.0,9.0,16.0,1555.0,97,93.0,68.0,430,1703.0,9.0,1707,1712.0,5.0,0,0,,,,2015-7-9,American Airlines Inc.
Houston,TX,Peoria,IL,1900,1857.0,-3.0,12.0,1909.0,140,117.0,100.0,802,2049.0,5.0,2120,2054.0,-26.0,0,0,,,,2015-3-10,Atlantic Southeast Airlines
Houston,TX,Newark,NJ,1125,1153.0,28.0,16.0,1209.0,210,,,1411,2150.0,17.0,1555,2207.0,,1,0,,,,2015-5-31,Southwest Airlines Co.
Houston,TX,Newark,NJ,1907,1918.0,11.0,25.0,1943.0,198,187.0,157.0,1400,2320.0,5.0,2325,2325.0,0.0,0,0,,,,2015-1-12,United Air Lines Inc.
Newark,NJ,Las Vegas,NV,1350,1345.0,-5.0,12.0,1357.0,355,299.0,282.0,2227,1539.0,5.0,1645,1544.0,-61.0,0,0,,,,2015-1-22,United Air Lines Inc.
Detroit,MI,Salt Lake City,UT,1915,1913.0,-2.0,22.0,1935.0,234,240.0,210.0,1481,2105.0,8.0,2109,2113.0,4.0,0,0,,,,2015-3-30,Delta Air Lines Inc.
Chicago,IL,San Francisco,CA,1606,1614.0,8.0,18.0,1632.0,274,265.0,240.0,1846,1832.0,7.0,1840,1839.0,-1.0,0,0,,,,2015-9-21,United Air Lines Inc.
Houston,TX,Dallas,TX,1300,1258.0,-2.0,9.0,1307.0,60,52.0,39.0,239,1346.0,4.0,1400,1350.0,-10.0,0,0,,,,2015-11-8,Southwest Airlines Co.
Orlando,FL,Baltimore,MD,2100,2227.0,87.0,8.0,2235.0,140,127.0,108.0,787,23.0,11.0,2320,34.0,74.0,0,0,0.0,0.0,0.0,2015-7-18,Southwest Airlines Co.
Baltimore,MD,Dallas-Fort Worth,TX,1405,1402.0,-3.0,10.0,1412.0,215,205.0,183.0,1217,1615.0,12.0,1640,1627.0,-13.0,0,0,,,,2015-1-2,American Airlines Inc.
Dallas-Fort Worth,TX,St Louis,MO,1146,1142.0,-4.0,9.0,1151.0,104,102.0,88.0,550,1319.0,5.0,1330,1324.0,-6.0,0,0,,,,2015-8-4,American Airlines Inc.
Los Angeles,CA,Colorado Springs,CO,1755,1842.0,47.0,18.0,1900.0,133,142.0,115.0,833,2155.0,9.0,2108,2204.0,56.0,0,0,9.0,0.0,0.0,2015-9-10,Skywest Airlines Inc.
New York,NY,St Louis,MO,650,648.0,-2.0,17.0,705.0,165,160.0,120.0,888,805.0,23.0,835,828.0,-7.0,0,0,,,,2015-9-24,Southwest Airlines Co.
Bakersfield,CA,Phoenix,AZ,1900,1937.0,37.0,12.0,1949.0,93,89.0,72.0,425,2101.0,5.0,2033,2106.0,33.0,0,0,0.0,0.0,0.0,2015-5-14,Skywest Airlines Inc.
Dallas-Fort Worth,TX,Richmond,VA,730,722.0,-8.0,11.0,733.0,162,143.0,128.0,1158,1041.0,4.0,1112,1045.0,-27.0,0,0,,,,2015-12-16,American Airlines Inc.
Portland,OR,San Diego,CA,705,652.0,-13.0,17.0,709.0,150,144.0,124.0,933,913.0,3.0,935,916.0,-19.0,0,0,,,,2015-6-3,Southwest Airlines Co.
Baltimore,MD,Charleston,SC,2055,2112.0,17.0,22.0,2134.0,95,94.0,68.0,472,2242.0,4.0,2230,2246.0,16.0,0,0,0.0,0.0,0.0,2015-6-21,Southwest Airlines Co.
New Orleans,LA,Nashville,TN,1340,1409.0,29.0,11.0,1420.0,85,77.0,62.0,471,1522.0,4.0,1505,1526.0,21.0,0,0,0.0,0.0,0.0,2015-12-24,Southwest Airlines Co.
West Palm Beach,FL,Charlotte,NC,1655,1648.0,-7.0,10.0,1658.0,116,107.0,89.0,590,1827.0,8.0,1851,1835.0,-16.0,0,0,,,,2015-12-8,American Airlines Inc.
Los Angeles,CA,San Jose,CA,1250,1250.0,0.0,15.0,1305.0,79,71.0,50.0,308,1355.0,6.0,1409,1401.0,-8.0,0,0,,,,2015-6-17,Skywest Airlines Inc.
New Orleans,LA,Newark,NJ,1200,1154.0,-6.0,8.0,1202.0,179,175.0,155.0,1167,1537.0,12.0,1559,1549.0,-10.0,0,0,,,,2015-9-17,United Air Lines Inc.
Newark,NJ,Dayton,OH,831,827.0,-4.0,22.0,849.0,129,120.0,94.0,533,1023.0,4.0,1040,1027.0,-13.0,0,0,,,,2015-5-14,Atlantic Southeast Airlines
Buffalo,NY,Baltimore,MD,1025,1022.0,-3.0,10.0,1032.0,65,63.0,48.0,281,1120.0,5.0,1130,1125.0,-5.0,0,0,,,,2015-7-9,Southwest Airlines Co.
Arlington,VA,Cleveland,OH,615,609.0,-6.0,16.0,625.0,81,79.0,57.0,310,722.0,6.0,736,728.0,-8.0,0,0,,,,2015-4-27,Atlantic Southeast Airlines
Boston,MA,Miami,FL,1705,1701.0,-4.0,21.0,1722.0,215,232.0,199.0,1258,2041.0,12.0,2040,2053.0,13.0,0,0,,,,2015-1-5,American Airlines Inc.
New York,NY,Denver,CO,1200,1217.0,17.0,29.0,1246.0,274,258.0,219.0,1620,1425.0,10.0,1434,1435.0,1.0,0,0,,,,2015-2-12,United Air Lines Inc.
Phoenix,AZ,Portland,OR,1650,1716.0,26.0,11.0,1727.0,155,144.0,131.0,1009,1938.0,2.0,1925,1940.0,15.0,0,0,0.0,0.0,0.0,2015-9-1,American Airlines Inc.
St Louis,MO,New York,NY,555,547.0,-8.0,13.0,600.0,155,143.0,120.0,888,900.0,10.0,930,910.0,-20.0,0,0,,,,2015-9-16,Southwest Airlines Co.
New York,NY,Houston,TX,729,731.0,2.0,33.0,804.0,219,238.0,197.0,1416,1021.0,8.0,1008,1029.0,21.0,0,0,21.0,0.0,0.0,2015-6-26,United Air Lines Inc.
Chicago,IL,Windsor Locks,CT,2155,2153.0,-2.0,10.0,2203.0,120,108.0,94.0,777,37.0,4.0,55,41.0,-14.0,0,0,,,,2015-7-9,Southwest Airlines Co.
Dallas-Fort Worth,TX,Santa Ana,CA,855,851.0,-4.0,18.0,909.0,198,188.0,165.0,1205,954.0,5.0,1013,959.0,-14.0,0,0,,,,2015-4-12,American Airlines Inc.
Memphis,TN,Baltimore,MD,610,608.0,-2.0,9.0,617.0,130,129.0,100.0,787,857.0,20.0,920,917.0,-3.0,0,0,,,,2015-7-30,Southwest Airlines Co.
Denver,CO,Casper,WY,1524,1518.0,-6.0,23.0,1541.0,64,66.0,38.0,230,1619.0,5.0,1628,1624.0,-4.0,0,0,,,,2015-6-9,Skywest Airlines Inc.
Phoenix,AZ,Ontario,CA,1650,1650.0,0.0,7.0,1657.0,70,56.0,45.0,325,1642.0,4.0,1700,1646.0,-14.0,0,0,,,,2015-2-17,Southwest Airlines Co.
Los Angeles,CA,Detroit,MI,2320,2328.0,8.0,17.0,2345.0,262,253.0,228.0,1979,633.0,8.0,642,641.0,-1.0,0,0,,,,2015-8-23,Delta Air Lines Inc.
Columbia,SC,Atlanta,GA,1000,954.0,-6.0,13.0,1007.0,65,54.0,35.0,192,1042.0,6.0,1105,1048.0,-17.0,0,0,,,,2015-11-7,Delta Air Lines Inc.
Sacramento,CA,San Diego,CA,655,654.0,-1.0,8.0,702.0,85,85.0,74.0,480,816.0,3.0,820,819.0,-1.0,0,0,,,,2015-9-2,Southwest Airlines Co.
Phoenix,AZ,Dallas-Fort Worth,TX,836,835.0,-1.0,20.0,855.0,144,130.0,103.0,868,1238.0,7.0,1300,1245.0,-15.0,0,0,,,,2015-4-2,American Airlines Inc.
Denver,CO,Minot,ND,1945,1942.0,-3.0,18.0,2000.0,105,103.0,81.0,604,2221.0,4.0,2230,2225.0,-5.0,0,0,,,,2015-9-8,Skywest Airlines Inc.
Windsor Locks,CT,Atlanta,GA,600,558.0,-2.0,11.0,609.0,149,135.0,118.0,859,807.0,6.0,829,813.0,-16.0,0,0,,,,2015-6-8,Delta Air Lines Inc.
Minneapolis,MN,Brainerd,MN,2142,2251.0,69.0,15.0,2306.0,56,48.0,29.0,114,2335.0,4.0,2238,2339.0,61.0,0,0,0.0,0.0,0.0,2015-3-5,Skywest Airlines Inc.
Burlington,VT,Detroit,MI,605,601.0,-4.0,17.0,618.0,113,101.0,81.0,537,739.0,3.0,758,742.0,-16.0,0,0,,,,2015-7-13,Atlantic Southeast Airlines
Salt Lake City,UT,Newark,NJ,1000,955.0,-5.0,15.0,1010.0,262,247.0,228.0,1969,1558.0,4.0,1622,1602.0,-20.0,0,0,,,,2015-3-21,Delta Air Lines Inc.
Santa Ana,CA,Chicago,IL,700,651.0,-9.0,18.0,709.0,237,235.0,197.0,1726,1226.0,20.0,1257,1246.0,-11.0,0,0,,,,2015-11-20,American Airlines Inc.
Greer,SC,Baltimore,MD,1925,2029.0,64.0,12.0,2041.0,90,83.0,66.0,426,2147.0,5.0,2055,2152.0,57.0,0,0,0.0,0.0,0.0,2015-9-18,Southwest Airlines Co.
Denver,CO,Boise,ID,1120,1137.0,17.0,23.0,1200.0,118,110.0,85.0,649,1325.0,2.0,1318,1327.0,9.0,0,0,,,,2015-5-19,United Air Lines Inc.
St Louis,MO,Los Angeles,CA,600,556.0,-4.0,11.0,607.0,240,221.0,204.0,1592,731.0,6.0,800,737.0,-23.0,0,0,,,,2015-7-27,Southwest Airlines Co.
Milwaukee,WI,Boston,MA,810,806.0,-4.0,8.0,814.0,130,132.0,104.0,860,1058.0,20.0,1120,1118.0,-2.0,0,0,,,,2015-7-24,Southwest Airlines Co.
San Diego,CA,San Jose,CA,1640,1640.0,0.0,11.0,1651.0,80,77.0,63.0,417,1754.0,3.0,1800,1757.0,-3.0,0,0,,,,2015-5-9,Southwest Airlines Co.
Tampa,FL,Chicago,IL,1400,1400.0,0.0,10.0,1410.0,160,150.0,135.0,997,1525.0,5.0,1540,1530.0,-10.0,0,0,,,,2015-7-30,Southwest Airlines Co.
Windsor Locks,CT,Baltimore,MD,640,639.0,-1.0,32.0,711.0,80,86.0,50.0,283,801.0,4.0,800,805.0,5.0,0,0,,,,2015-11-3,Southwest Airlines Co.
Los Angeles,CA,Miami,FL,2155,2152.0,-3.0,13.0,2205.0,290,294.0,274.0,2342,539.0,7.0,545,546.0,1.0,0,0,,,,2015-3-17,Delta Air Lines Inc.
Atlanta,GA,Shreveport,LA,1905,1903.0,-2.0,14.0,1917.0,115,104.0,87.0,551,1944.0,3.0,2000,1947.0,-13.0,0,0,,,,2015-12-6,Atlantic Southeast Airlines
Atlanta,GA,White Plains,NY,1818,1827.0,9.0,44.0,1911.0,145,162.0,114.0,780,2105.0,4.0,2043,2109.0,26.0,0,0,17.0,0.0,0.0,2015-6-12,Atlantic Southeast Airlines
Newark,NJ,Ft. Lauderdale,FL,1155,1152.0,-3.0,18.0,1210.0,194,178.0,157.0,1065,1447.0,3.0,1509,1450.0,-19.0,0,0,,,,2015-1-13,United Air Lines Inc.
Atlanta,GA,Montgomery,AL,1401,1439.0,38.0,13.0,1452.0,55,47.0,30.0,147,1422.0,4.0,1356,1426.0,30.0,0,0,0.0,0.0,0.0,2015-11-19,Atlantic Southeast Airlines
Atlanta,GA,Cedar Rapids,IA,1049,1044.0,-5.0,17.0,1101.0,135,134.0,110.0,694,1151.0,7.0,1204,1158.0,-6.0,0,0,,,,2015-1-23,Skywest Airlines Inc.
Houston,TX,Austin,TX,2124,2135.0,11.0,12.0,2147.0,54,47.0,28.0,140,2215.0,7.0,2218,2222.0,4.0,0,0,,,,2015-6-14,United Air Lines Inc.
Chicago,IL,Arlington,VA,602,557.0,-5.0,29.0,626.0,115,112.0,78.0,612,844.0,5.0,857,849.0,-8.0,0,0,,,,2015-7-19,United Air Lines Inc.
Springfield,MO,Chicago,IL,601,555.0,-6.0,25.0,620.0,101,107.0,70.0,438,730.0,12.0,742,742.0,0.0,0,0,,,,2015-2-6,Atlantic Southeast Airlines
Las Vegas,NV,Chicago,IL,635,,,,,210,,,1521,,,1205,,,0,1,,,,2015-12-28,Southwest Airlines Co.
Houston,TX,Baltimore,MD,1940,2042.0,62.0,10.0,2052.0,165,158.0,132.0,1246,4.0,16.0,2325,20.0,55.0,0,0,0.0,0.0,0.0,2015-2-16,Southwest Airlines Co.
Ft. Myers,FL,Windsor Locks,CT,1215,1205.0,-10.0,9.0,1214.0,170,166.0,152.0,1180,1446.0,5.0,1505,1451.0,-14.0,0,0,,,,2015-12-13,Southwest Airlines Co.
Chicago,IL,Greer,SC,1110,1105.0,-5.0,13.0,1118.0,90,97.0,81.0,562,1339.0,3.0,1340,1342.0,2.0,0,0,,,,2015-3-27,Southwest Airlines Co.
Orlando,FL,New York,NY,1147,1229.0,42.0,17.0,1246.0,165,153.0,125.0,944,1451.0,11.0,1432,1502.0,30.0,0,0,30.0,0.0,0.0,2015-6-20,Delta Air Lines Inc.
Phoenix,AZ,Salt Lake City,UT,1325,1322.0,-3.0,13.0,1335.0,93,81.0,65.0,507,1540.0,3.0,1558,1543.0,-15.0,0,0,,,,2015-4-9,Delta Air Lines Inc.
Santa Ana,CA,Sacramento,CA,1640,1906.0,146.0,10.0,1916.0,90,89.0,75.0,404,2031.0,4.0,1810,2035.0,145.0,0,0,145.0,0.0,0.0,2015-11-4,Southwest Airlines Co.
Miami,FL,Houston,TX,2149,2142.0,-7.0,14.0,2156.0,181,161.0,138.0,964,2314.0,9.0,2350,2323.0,-27.0,0,0,,,,2015-12-5,American Airlines Inc.
Phoenix,AZ,Las Vegas,NV,1545,1544.0,-1.0,10.0,1554.0,60,60.0,41.0,255,1535.0,9.0,1545,1544.0,-1.0,0,0,,,,2015-1-9,Southwest Airlines Co.
Little Rock,AR,Houston,TX,912,1109.0,117.0,11.0,1120.0,95,90.0,68.0,374,1228.0,11.0,1047,1239.0,112.0,0,0,0.0,0.0,0.0,2015-3-13,Atlantic Southeast Airlines
Covington,KY,Boston,MA,1615,1617.0,2.0,9.0,1626.0,121,116.0,101.0,752,1807.0,6.0,1816,1813.0,-3.0,0,0,,,,2015-1-19,Delta Air Lines Inc.
Milwaukee,WI,Detroit,MI,1632,1629.0,-3.0,13.0,1642.0,70,64.0,43.0,237,1825.0,8.0,1842,1833.0,-9.0,0,0,,,,2015-12-21,Delta Air Lines Inc.
Miami,FL,Arlington,VA,1115,1110.0,-5.0,13.0,1123.0,154,153.0,136.0,919,1339.0,4.0,1349,1343.0,-6.0,0,0,,,,2015-5-24,American Airlines Inc.
Chicago,IL,Boston,MA,2005,2025.0,20.0,10.0,2035.0,129,125.0,107.0,867,2322.0,8.0,2314,2330.0,16.0,0,0,0.0,0.0,0.0,2015-2-12,American Airlines Inc.
Dallas-Fort Worth,TX,Charlotte,NC,959,948.0,-11.0,14.0,1002.0,143,140.0,113.0,936,1255.0,13.0,1322,1308.0,-14.0,0,0,,,,2015-12-13,American Airlines Inc.
Minneapolis,MN,Madison,WI,1935,1930.0,-5.0,18.0,1948.0,59,59.0,38.0,228,2026.0,3.0,2034,2029.0,-5.0,0,0,,,,2015-8-24,Delta Air Lines Inc.
Tucson,AZ,Dallas-Fort Worth,TX,1412,1530.0,78.0,14.0,1544.0,133,124.0,98.0,813,1822.0,12.0,1725,1834.0,69.0,0,0,0.0,0.0,69.0,2015-11-5,American Airlines Inc.
Las Vegas,NV,Los Angeles,CA,1555,1556.0,1.0,14.0,1610.0,72,64.0,42.0,236,1652.0,8.0,1707,1700.0,-7.0,0,0,,,,2015-3-21,American Airlines Inc.
Chicago,IL,Syracuse,NY,1317,1315.0,-2.0,15.0,1330.0,108,121.0,92.0,607,1602.0,14.0,1605,1616.0,11.0,0,0,,,,2015-2-19,Atlantic Southeast Airlines
Seattle,WA,Anchorage,AK,1210,1212.0,2.0,14.0,1226.0,205,204.0,186.0,1448,1432.0,4.0,1435,1436.0,1.0,0,0,,,,2015-8-1,Delta Air Lines Inc.
Detroit,MI,Houston,TX,600,556.0,-4.0,21.0,617.0,187,199.0,173.0,1075,810.0,5.0,807,815.0,8.0,0,0,,,,2015-11-11,Skywest Airlines Inc.
Ft. Lauderdale,FL,Dallas-Fort Worth,TX,1250,1249.0,-1.0,26.0,1315.0,203,200.0,162.0,1119,1457.0,12.0,1513,1509.0,-4.0,0,0,,,,2015-3-15,American Airlines Inc.
Arlington,VA,Dallas-Fort Worth,TX,844,1107.0,143.0,25.0,1132.0,231,204.0,174.0,1192,1326.0,5.0,1135,1331.0,116.0,0,0,0.0,0.0,0.0,2015-1-8,American Airlines Inc.
Dallas-Fort Worth,TX,Chicago,IL,1900,1916.0,16.0,23.0,1939.0,149,283.0,105.0,802,2124.0,155.0,2129,2359.0,150.0,0,0,150.0,0.0,0.0,2015-11-21,American Airlines Inc.
Sacramento,CA,Burbank,CA,1530,1528.0,-2.0,7.0,1535.0,65,66.0,56.0,358,1631.0,3.0,1635,1634.0,-1.0,0,0,,,,2015-6-4,Southwest Airlines Co.
Houston,TX,El Paso,TX,850,846.0,-4.0,11.0,857.0,115,105.0,89.0,677,926.0,5.0,945,931.0,-14.0,0,0,,,,2015-8-28,Southwest Airlines Co.
Atlanta,GA,Arlington,VA,1530,1530.0,0.0,18.0,1548.0,105,93.0,70.0,547,1658.0,5.0,1715,1703.0,-12.0,0,0,,,,2015-3-22,Southwest Airlines Co.
Redding,CA,San Francisco,CA,500,453.0,-7.0,19.0,512.0,69,67.0,43.0,199,555.0,5.0,609,600.0,-9.0,0,0,,,,2015-7-21,Skywest Airlines Inc.
Orlando,FL,Arlington,VA,710,704.0,-6.0,82.0,826.0,123,195.0,108.0,759,1014.0,5.0,913,1019.0,66.0,0,0,66.0,0.0,0.0,2015-11-6,American Airlines Inc.
Houston,TX,Wichita,KS,1536,1528.0,-8.0,9.0,1537.0,107,93.0,77.0,542,1654.0,7.0,1723,1701.0,-22.0,0,0,,,,2015-8-23,Atlantic Southeast Airlines
Covington,KY,Las Vegas,NV,2025,2046.0,21.0,8.0,2054.0,254,232.0,218.0,1678,2132.0,6.0,2139,2138.0,-1.0,0,0,,,,2015-5-31,Delta Air Lines Inc.
Newark,NJ,Phoenix,AZ,810,811.0,1.0,20.0,831.0,340,324.0,297.0,2133,1028.0,7.0,1050,1035.0,-15.0,0,0,,,,2015-3-10,United Air Lines Inc.
Aspen,CO,Houston,TX,1453,1540.0,47.0,9.0,1549.0,147,133.0,119.0,913,1848.0,5.0,1820,1853.0,33.0,0,0,0.0,0.0,0.0,2015-2-25,Skywest Airlines Inc.
Chicago,IL,Cleveland,OH,1547,1548.0,1.0,14.0,1602.0,80,66.0,45.0,315,1747.0,7.0,1807,1754.0,-13.0,0,0,,,,2015-1-2,Atlantic Southeast Airlines
Chicago,IL,Denver,CO,848,844.0,-4.0,18.0,902.0,167,162.0,122.0,888,1004.0,22.0,1035,1026.0,-9.0,0,0,,,,2015-2-13,United Air Lines Inc.
Milwaukee,WI,Chicago,IL,1359,1359.0,0.0,21.0,1420.0,49,55.0,18.0,67,1438.0,16.0,1448,1454.0,6.0,0,0,,,,2015-6-28,Skywest Airlines Inc.
San Francisco,CA,Redding,CA,1825,1919.0,54.0,18.0,1937.0,69,66.0,43.0,199,2020.0,5.0,1934,2025.0,51.0,0,0,0.0,0.0,0.0,2015-1-1,Skywest Airlines Inc.
Denver,CO,Houston,TX,1855,2022.0,87.0,8.0,2030.0,140,125.0,111.0,883,2321.0,6.0,2215,2327.0,72.0,0,0,0.0,0.0,0.0,2015-7-18,Southwest Airlines Co.
Phoenix,AZ,Denver,CO,610,610.0,0.0,8.0,618.0,115,92.0,77.0,602,835.0,7.0,905,842.0,-23.0,0,0,,,,2015-7-30,Southwest Airlines Co.
Las Vegas,NV,Dallas-Fort Worth,TX,125,120.0,-5.0,15.0,135.0,165,150.0,125.0,1055,540.0,10.0,610,550.0,-20.0,0,0,,,,2015-4-17,American Airlines Inc.
Atlanta,GA,Jackson,MS,1051,1050.0,-1.0,12.0,1102.0,77,65.0,50.0,341,1052.0,3.0,1108,1055.0,-13.0,0,0,,,,2015-7-19,Delta Air Lines Inc.
Phoenix,AZ,Salt Lake City,UT,1705,1712.0,7.0,11.0,1723.0,85,85.0,71.0,507,1934.0,3.0,1930,1937.0,7.0,0,0,,,,2015-9-11,Southwest Airlines Co.
Newark,NJ,Raleigh,NC,1437,1436.0,-1.0,11.0,1447.0,96,77.0,62.0,416,1549.0,4.0,1613,1553.0,-20.0,0,0,,,,2015-7-20,United Air Lines Inc.
Covington,KY,Chicago,IL,1222,1218.0,-4.0,31.0,1249.0,81,89.0,51.0,265,1240.0,7.0,1243,1247.0,4.0,0,0,,,,2015-7-27,Skywest Airlines Inc.
New York,NY,Miami,FL,1355,1511.0,76.0,24.0,1535.0,203,184.0,154.0,1096,1809.0,6.0,1718,1815.0,57.0,0,0,0.0,0.0,0.0,2015-2-16,American Airlines Inc.
San Diego,CA,Minneapolis,MN,625,620.0,-5.0,23.0,643.0,225,197.0,171.0,1532,1134.0,3.0,1210,1137.0,-33.0,0,0,,,,2015-11-3,Delta Air Lines Inc.
Houston,TX,Chicago,IL,600,551.0,-9.0,13.0,604.0,157,150.0,125.0,925,809.0,12.0,837,821.0,-16.0,0,0,,,,2015-4-1,United Air Lines Inc.
Albuquerque,NM,Dallas-Fort Worth,TX,1105,1051.0,-14.0,14.0,1105.0,105,102.0,78.0,569,1323.0,10.0,1350,1333.0,-17.0,0,0,,,,2015-6-10,American Airlines Inc.
Salt Lake City,UT,Pocatello,ID,2146,2140.0,-6.0,11.0,2151.0,51,41.0,26.0,150,2217.0,4.0,2237,2221.0,-16.0,0,0,,,,2015-4-30,Skywest Airlines Inc.
Atlanta,GA,Newark,NJ,2009,2006.0,-3.0,10.0,2016.0,148,104.0,89.0,746,2145.0,5.0,2237,2150.0,-47.0,0,0,,,,2015-4-15,United Air Lines Inc.
Minneapolis,MN,Chicago,IL,1615,1612.0,-3.0,18.0,1630.0,88,81.0,49.0,334,1719.0,14.0,1743,1733.0,-10.0,0,0,,,,2015-8-27,American Airlines Inc.
Newark,NJ,New Orleans,LA,745,742.0,-3.0,15.0,757.0,200,182.0,162.0,1167,939.0,5.0,1005,944.0,-21.0,0,0,,,,2015-8-30,Southwest Airlines Co.
Dallas-Fort Worth,TX,Austin,TX,1810,1810.0,0.0,4.0,1814.0,60,42.0,34.0,190,1848.0,4.0,1910,1852.0,-18.0,0,0,,,,2015-9-12,American Airlines Inc.
New Orleans,LA,Baltimore,MD,955,1001.0,6.0,8.0,1009.0,150,144.0,131.0,998,1320.0,5.0,1325,1325.0,0.0,0,0,,,,2015-7-15,Southwest Airlines Co.
Lafayette,LA,Dallas-Fort Worth,TX,630,627.0,-3.0,13.0,640.0,84,87.0,61.0,351,741.0,13.0,754,754.0,0.0,0,0,,,,2015-4-14,Atlantic Southeast Airlines
Oakland,CA,Las Vegas,NV,1440,1452.0,12.0,8.0,1500.0,85,76.0,63.0,407,1603.0,5.0,1605,1608.0,3.0,0,0,,,,2015-5-26,Southwest Airlines Co.
Atlanta,GA,St Louis,MO,1830,1830.0,0.0,16.0,1846.0,100,95.0,75.0,484,1901.0,4.0,1910,1905.0,-5.0,0,0,,,,2015-4-19,Southwest Airlines Co.
Lincoln,NE,Atlanta,GA,600,550.0,-10.0,11.0,601.0,134,124.0,109.0,841,850.0,4.0,914,854.0,-20.0,0,0,,,,2015-7-23,Atlantic Southeast Airlines
Oakland,CA,Burbank,CA,1825,1823.0,-2.0,10.0,1833.0,65,63.0,51.0,325,1924.0,2.0,1930,1926.0,-4.0,0,0,,,,2015-7-24,Southwest Airlines Co.
Detroit,MI,Pellston,MI,1005,1021.0,16.0,16.0,1037.0,70,66.0,46.0,243,1123.0,4.0,1115,1127.0,12.0,0,0,,,,2015-6-24,Skywest Airlines Inc.
Newark,NJ,South Bend,IN,1859,1848.0,-11.0,27.0,1915.0,133,135.0,92.0,637,2047.0,16.0,2112,2103.0,-9.0,0,0,,,,2015-2-9,Atlantic Southeast Airlines
Brainerd,MN,Minneapolis,MN,1556,1544.0,-12.0,9.0,1553.0,49,39.0,25.0,114,1618.0,5.0,1645,1623.0,-22.0,0,0,,,,2015-3-17,Skywest Airlines Inc.
Dallas-Fort Worth,TX,Newark,NJ,1737,,,,,197,,,1372,,,2154,,,0,1,,,,2015-2-8,United Air Lines Inc.
Atlanta,GA,Pittsburgh,PA,2155,2149.0,-6.0,18.0,2207.0,105,110.0,74.0,526,2321.0,18.0,2340,2339.0,-1.0,0,0,,,,2015-5-23,Delta Air Lines Inc.
Houston,TX,Little Rock,AR,1735,1743.0,8.0,16.0,1759.0,80,79.0,53.0,374,1852.0,10.0,1855,1902.0,7.0,0,0,,,,2015-5-11,Atlantic Southeast Airlines
Valparaiso,FL,Dallas-Fort Worth,TX,546,545.0,-1.0,19.0,604.0,133,127.0,103.0,641,747.0,5.0,759,752.0,-7.0,0,0,,,,2015-6-2,Atlantic Southeast Airlines
Cleveland,OH,New York,NY,1805,1756.0,-9.0,11.0,1807.0,102,92.0,74.0,419,1921.0,7.0,1947,1928.0,-19.0,0,0,,,,2015-1-28,Atlantic Southeast Airlines
Chicago,IL,Roanoke,VA,1353,1352.0,-1.0,21.0,1413.0,107,122.0,93.0,531,1646.0,8.0,1640,1654.0,14.0,0,0,,,,2015-7-5,Atlantic Southeast Airlines
Kansas City,MO,Arlington,VA,1255,1252.0,-3.0,11.0,1303.0,142,139.0,126.0,949,1609.0,2.0,1617,1611.0,-6.0,0,0,,,,2015-9-24,American Airlines Inc.
Phoenix,AZ,Salt Lake City,UT,745,739.0,-6.0,34.0,813.0,105,120.0,79.0,507,1032.0,7.0,1030,1039.0,9.0,0,0,,,,2015-3-20,Skywest Airlines Inc.
Baltimore,MD,Chicago,IL,1205,1205.0,0.0,8.0,1213.0,115,105.0,91.0,611,1244.0,6.0,1300,1250.0,-10.0,0,0,,,,2015-8-8,Southwest Airlines Co.
Dallas-Fort Worth,TX,New York,NY,750,812.0,22.0,12.0,824.0,191,189.0,171.0,1389,1215.0,6.0,1201,1221.0,20.0,0,0,0.0,0.0,0.0,2015-1-8,American Airlines Inc.
Green Bay,WI,Atlanta,GA,540,534.0,-6.0,12.0,546.0,131,129.0,109.0,774,835.0,8.0,851,843.0,-8.0,0,0,,,,2015-9-8,Atlantic Southeast Airlines
Houston,TX,Laredo,TX,1447,1446.0,-1.0,12.0,1458.0,70,65.0,50.0,301,1548.0,3.0,1557,1551.0,-6.0,0,0,,,,2015-8-14,Atlantic Southeast Airlines
Los Angeles,CA,Phoenix,AZ,1000,1004.0,4.0,16.0,1020.0,86,76.0,55.0,370,1215.0,5.0,1226,1220.0,-6.0,0,0,,,,2015-11-22,American Airlines Inc.
Newark,NJ,Orlando,FL,845,842.0,-3.0,12.0,854.0,169,149.0,128.0,937,1102.0,9.0,1134,1111.0,-23.0,0,0,,,,2015-12-15,United Air Lines Inc.
Phoenix,AZ,Detroit,MI,1515,1530.0,15.0,9.0,1539.0,232,216.0,197.0,1671,2156.0,10.0,2207,2206.0,-1.0,0,0,,,,2015-8-19,American Airlines Inc.
Dayton,OH,Dallas-Fort Worth,TX,652,646.0,-6.0,35.0,721.0,178,193.0,152.0,861,853.0,6.0,850,859.0,9.0,0,0,,,,2015-3-4,American Airlines Inc.
Sacramento,CA,Las Vegas,NV,1230,1226.0,-4.0,11.0,1237.0,80,81.0,63.0,397,1340.0,7.0,1350,1347.0,-3.0,0,0,,,,2015-1-7,Southwest Airlines Co.
Charleston,WV,Atlanta,GA,1410,1412.0,2.0,7.0,1419.0,85,69.0,55.0,363,1514.0,7.0,1535,1521.0,-14.0,0,0,,,,2015-4-30,Atlantic Southeast Airlines
Dallas-Fort Worth,TX,San Antonio,TX,1617,1628.0,11.0,11.0,1639.0,68,66.0,50.0,247,1729.0,5.0,1725,1734.0,9.0,0,0,,,,2015-4-29,American Airlines Inc.
Newark,NJ,St Louis,MO,700,700.0,0.0,25.0,725.0,155,146.0,119.0,872,824.0,2.0,835,826.0,-9.0,0,0,,,,2015-9-25,Southwest Airlines Co.
Los Angeles,CA,Chicago,IL,500,457.0,-3.0,15.0,512.0,256,229.0,197.0,1744,1029.0,17.0,1116,1046.0,-30.0,0,0,,,,2015-7-19,American Airlines Inc.
San Francisco,CA,New York,NY,1411,1438.0,27.0,14.0,1452.0,334,316.0,288.0,2586,2240.0,14.0,2245,2254.0,9.0,0,0,,,,2015-2-25,United Air Lines Inc.
Houston,TX,Portland,OR,1740,1815.0,35.0,26.0,1841.0,282,271.0,242.0,1825,2043.0,3.0,2022,2046.0,24.0,0,0,0.0,0.0,0.0,2015-3-21,United Air Lines Inc.
Denver,CO,Lubbock,TX,1104,1140.0,36.0,32.0,1212.0,87,104.0,66.0,456,1418.0,6.0,1331,1424.0,53.0,0,0,17.0,0.0,0.0,2015-1-3,Atlantic Southeast Airlines
San Francisco,CA,Minneapolis,MN,1635,1632.0,-3.0,20.0,1652.0,229,221.0,196.0,1589,2208.0,5.0,2224,2213.0,-11.0,0,0,,,,2015-9-20,Skywest Airlines Inc.
Minneapolis,MN,Las Vegas,NV,900,858.0,-2.0,18.0,916.0,204,186.0,162.0,1299,958.0,6.0,1024,1004.0,-20.0,0,0,,,,2015-4-17,Delta Air Lines Inc.
Houston,TX,Boston,MA,1910,1906.0,-4.0,7.0,1913.0,215,207.0,194.0,1609,2327.0,6.0,2345,2333.0,-12.0,0,0,,,,2015-3-24,Southwest Airlines Co.
Miami,FL,Chicago,IL,820,1050.0,150.0,15.0,1105.0,203,209.0,185.0,1197,1310.0,9.0,1043,1319.0,156.0,0,0,156.0,0.0,0.0,2015-4-9,American Airlines Inc.
St Louis,MO,Denver,CO,1350,1352.0,2.0,16.0,1408.0,145,139.0,116.0,770,1504.0,7.0,1515,1511.0,-4.0,0,0,,,,2015-1-12,Southwest Airlines Co.
Miami,FL,Arlington,VA,1950,2044.0,54.0,11.0,2055.0,150,140.0,124.0,919,2259.0,5.0,2220,2304.0,44.0,0,0,0.0,0.0,0.0,2015-2-15,American Airlines Inc.
Dallas-Fort Worth,TX,Longview,TX,1010,1021.0,11.0,30.0,1051.0,47,60.0,27.0,140,1118.0,3.0,1057,1121.0,24.0,0,0,13.0,0.0,0.0,2015-3-13,Atlantic Southeast Airlines
Atlanta,GA,Greer,SC,1659,1753.0,54.0,25.0,1818.0,64,60.0,30.0,153,1848.0,5.0,1803,1853.0,50.0,0,0,0.0,0.0,0.0,2015-7-19,Delta Air Lines Inc.
Chicago,IL,Dallas,TX,1235,1233.0,-2.0,11.0,1244.0,140,123.0,107.0,793,1431.0,5.0,1455,1436.0,-19.0,0,0,,,,2015-6-6,Southwest Airlines Co.
Seattle,WA,Dallas-Fort Worth,TX,510,504.0,-6.0,18.0,522.0,235,234.0,198.0,1660,1040.0,18.0,1105,1058.0,-7.0,0,0,,,,2015-4-4,American Airlines Inc.
Phoenix,AZ,Salt Lake City,UT,1340,1416.0,36.0,11.0,1427.0,96,91.0,76.0,507,1643.0,4.0,1616,1647.0,31.0,0,0,0.0,0.0,0.0,2015-8-23,American Airlines Inc.
Kansas City,MO,Oakland,CA,2200,2157.0,-3.0,9.0,2206.0,220,210.0,194.0,1489,2320.0,7.0,2340,2327.0,-13.0,0,0,,,,2015-7-19,Southwest Airlines Co.
Little Rock,AR,Dallas,TX,1810,1834.0,24.0,8.0,1842.0,65,59.0,46.0,296,1928.0,5.0,1915,1933.0,18.0,0,0,0.0,0.0,0.0,2015-9-16,Southwest Airlines Co.
Omaha,NE,Atlanta,GA,540,535.0,-5.0,11.0,546.0,141,137.0,116.0,821,842.0,10.0,901,852.0,-9.0,0,0,,,,2015-4-7,Delta Air Lines Inc.
Atlanta,GA,White Plains,NY,1217,1339.0,82.0,12.0,1351.0,133,115.0,99.0,780,1530.0,4.0,1430,1534.0,64.0,0,0,0.0,0.0,0.0,2015-11-20,Atlantic Southeast Airlines
Chicago,IL,Charleston,SC,850,845.0,-5.0,13.0,858.0,120,123.0,103.0,745,1141.0,7.0,1150,1148.0,-2.0,0,0,,,,2015-8-28,Southwest Airlines Co.
Dallas,TX,Houston,TX,2000,1958.0,-2.0,9.0,2007.0,60,57.0,43.0,239,2050.0,5.0,2100,2055.0,-5.0,0,0,,,,2015-8-10,Southwest Airlines Co.
Phoenix,AZ,San Diego,CA,855,900.0,5.0,17.0,917.0,80,67.0,47.0,304,1004.0,3.0,1015,1007.0,-8.0,0,0,,,,2015-4-13,Southwest Airlines Co.
Miami,FL,Atlanta,GA,2100,2058.0,-2.0,14.0,2112.0,120,106.0,85.0,594,2237.0,7.0,2300,2244.0,-16.0,0,0,,,,2015-8-21,American Airlines Inc.
St Louis,MO,Newark,NJ,1930,1939.0,9.0,9.0,1948.0,135,130.0,105.0,872,2233.0,16.0,2245,2249.0,4.0,0,0,,,,2015-1-11,Southwest Airlines Co.
Ft. Lauderdale,FL,Atlanta,GA,1845,1839.0,-6.0,15.0,1854.0,124,104.0,81.0,581,2015.0,8.0,2049,2023.0,-26.0,0,0,,,,2015-5-22,Delta Air Lines Inc.
Fargo,ND,Salt Lake City,UT,1730,1718.0,-12.0,15.0,1733.0,151,142.0,120.0,866,1833.0,7.0,1901,1840.0,-21.0,0,0,,,,2015-8-4,Skywest Airlines Inc.
Houston,TX,McAllen,TX,715,709.0,-6.0,10.0,719.0,78,70.0,51.0,316,810.0,9.0,833,819.0,-14.0,0,0,,,,2015-6-2,Atlantic Southeast Airlines
Chicago,IL,Newark,NJ,2100,2159.0,59.0,15.0,2214.0,136,116.0,91.0,719,45.0,10.0,16,55.0,39.0,0,0,0.0,0.0,0.0,2015-5-17,United Air Lines Inc.
El Paso,TX,Los Angeles,CA,1202,1201.0,-1.0,14.0,1215.0,132,139.0,117.0,715,1312.0,8.0,1314,1320.0,6.0,0,0,,,,2015-2-25,Skywest Airlines Inc.
San Antonio,TX,Houston,TX,819,815.0,-4.0,11.0,826.0,60,67.0,33.0,191,859.0,23.0,919,922.0,3.0,0,0,,,,2015-1-1,United Air Lines Inc.
Tampa,FL,Nashville,TN,1255,1251.0,-4.0,7.0,1258.0,105,93.0,80.0,612,1318.0,6.0,1340,1324.0,-16.0,0,0,,,,2015-8-30,Southwest Airlines Co.
Syracuse,NY,Chicago,IL,1710,1726.0,16.0,14.0,1740.0,127,129.0,99.0,607,1819.0,16.0,1817,1835.0,18.0,0,0,2.0,0.0,0.0,2015-7-11,Skywest Airlines Inc.
Los Angeles,CA,Chantilly,VA,1830,1828.0,-2.0,14.0,1842.0,291,270.0,252.0,2288,154.0,4.0,221,158.0,-23.0,0,0,,,,2015-12-6,United Air Lines Inc.
Boise,ID,Minneapolis,MN,545,542.0,-3.0,12.0,554.0,159,159.0,143.0,1142,917.0,4.0,924,921.0,-3.0,0,0,,,,2015-4-18,Delta Air Lines Inc.
Knoxville,TN,Atlanta,GA,1619,1754.0,95.0,12.0,1806.0,60,68.0,43.0,152,1849.0,13.0,1719,1902.0,103.0,0,0,8.0,0.0,0.0,2015-2-25,Atlantic Southeast Airlines
Sacramento,CA,Santa Ana,CA,930,929.0,-1.0,10.0,939.0,85,74.0,61.0,404,1040.0,3.0,1055,1043.0,-12.0,0,0,,,,2015-1-23,Southwest Airlines Co.
Oakland,CA,Kansas City,MO,1000,1341.0,221.0,6.0,1347.0,200,199.0,183.0,1489,1850.0,10.0,1520,1900.0,220.0,0,0,0.0,0.0,0.0,2015-5-1,Southwest Airlines Co.
Miami,FL,Charlotte Amalie,VI,1115,1128.0,13.0,12.0,1140.0,156,151.0,132.0,1107,1352.0,7.0,1351,1359.0,8.0,0,0,,,,2015-5-2,American Airlines Inc.
Tucson,AZ,Los Angeles,CA,623,611.0,-12.0,16.0,627.0,97,95.0,68.0,451,735.0,11.0,800,746.0,-14.0,0,0,,,,2015-9-2,Skywest Airlines Inc.
South Bend,IN,Detroit,MI,1735,1729.0,-6.0,11.0,1740.0,63,54.0,33.0,157,1813.0,10.0,1838,1823.0,-15.0,0,0,,,,2015-7-30,Skywest Airlines Inc.
Atlanta,GA,Philadelphia,PA,830,833.0,3.0,24.0,857.0,120,115.0,86.0,666,1023.0,5.0,1030,1028.0,-2.0,0,0,,,,2015-11-2,Southwest Airlines Co.
Dallas,TX,Phoenix,AZ,2035,2059.0,24.0,14.0,2113.0,145,164.0,127.0,879,2120.0,23.0,2100,2143.0,43.0,0,0,19.0,0.0,0.0,2015-8-7,Southwest Airlines Co.
Minneapolis,MN,Cedar Rapids,IA,905,901.0,-4.0,18.0,919.0,65,60.0,38.0,220,957.0,4.0,1010,1001.0,-9.0,0,0,,,,2015-5-13,Skywest Airlines Inc.
Detroit,MI,Atlanta,GA,725,725.0,0.0,33.0,758.0,141,128.0,89.0,594,927.0,6.0,946,933.0,-13.0,0,0,,,,2015-1-16,Delta Air Lines Inc.
Raleigh,NC,Tampa,FL,1740,1749.0,9.0,6.0,1755.0,110,104.0,94.0,587,1929.0,4.0,1930,1933.0,3.0,0,0,,,,2015-12-2,Southwest Airlines Co.
Rochester,NY,Chicago,IL,706,655.0,-11.0,13.0,708.0,113,105.0,83.0,528,731.0,9.0,759,740.0,-19.0,0,0,,,,2015-9-10,United Air Lines Inc.
Savannah,GA,Newark,NJ,745,745.0,0.0,9.0,754.0,127,113.0,96.0,708,930.0,8.0,952,938.0,-14.0,0,0,,,,2015-9-27,Atlantic Southeast Airlines
San Jose,CA,Salt Lake City,UT,615,616.0,1.0,14.0,630.0,110,104.0,87.0,584,857.0,3.0,905,900.0,-5.0,0,0,,,,2015-7-2,Delta Air Lines Inc.
Cleveland,OH,Nashville,TN,1300,1259.0,-1.0,10.0,1309.0,90,81.0,67.0,448,1316.0,4.0,1330,1320.0,-10.0,0,0,,,,2015-4-12,Southwest Airlines Co.
New York,NY,Seattle,WA,1600,1557.0,-3.0,29.0,1626.0,385,375.0,332.0,2422,1858.0,14.0,1925,1912.0,-13.0,0,0,,,,2015-1-13,Delta Air Lines Inc.
Atlanta,GA,Dallas,TX,2059,2121.0,22.0,12.0,2133.0,143,135.0,119.0,721,2232.0,4.0,2222,2236.0,14.0,0,0,,,,2015-1-23,Delta Air Lines Inc.
Atlanta,GA,Newark,NJ,1740,1750.0,10.0,12.0,1802.0,133,116.0,97.0,746,1939.0,7.0,1953,1946.0,-7.0,0,0,,,,2015-1-5,Delta Air Lines Inc.
Chicago,IL,Kansas City,MO,2002,1958.0,-4.0,15.0,2013.0,94,86.0,63.0,403,2116.0,8.0,2136,2124.0,-12.0,0,0,,,,2015-8-24,United Air Lines Inc.
Milwaukee,WI,Orlando,FL,2115,,,,,170,,,1066,,,105,,,0,1,,,,2015-12-28,Southwest Airlines Co.
Grand Forks,ND,Minneapolis,MN,1105,1058.0,-7.0,10.0,1108.0,69,63.0,49.0,284,1157.0,4.0,1214,1201.0,-13.0,0,0,,,,2015-6-6,Skywest Airlines Inc.
Chicago,IL,Buffalo,NY,2210,2241.0,31.0,9.0,2250.0,85,73.0,59.0,468,49.0,5.0,35,54.0,19.0,0,0,0.0,0.0,0.0,2015-12-26,Southwest Airlines Co.
Atlanta,GA,Sarasota,FL,1809,1809.0,0.0,17.0,1826.0,99,88.0,66.0,444,1932.0,5.0,1948,1937.0,-11.0,0,0,,,,2015-6-23,Delta Air Lines Inc.
Chicago,IL,Cleveland,OH,1830,1831.0,1.0,12.0,1843.0,70,65.0,49.0,307,2032.0,4.0,2040,2036.0,-4.0,0,0,,,,2015-12-27,Southwest Airlines Co.
Oklahoma City,OK,Phoenix,AZ,705,700.0,-5.0,8.0,708.0,135,127.0,115.0,833,703.0,4.0,720,707.0,-13.0,0,0,,,,2015-7-29,Southwest Airlines Co.
Atlanta,GA,Mobile,AL,1900,1901.0,1.0,65.0,2006.0,75,123.0,53.0,302,1959.0,5.0,1915,2004.0,49.0,0,0,48.0,0.0,0.0,2015-5-18,Atlantic Southeast Airlines
San Francisco,CA,Atlanta,GA,745,740.0,-5.0,12.0,752.0,278,265.0,243.0,2139,1455.0,10.0,1523,1505.0,-18.0,0,0,,,,2015-9-6,Delta Air Lines Inc.
Chicago,IL,Nashville,TN,2115,2105.0,-10.0,18.0,2123.0,94,82.0,58.0,409,2221.0,6.0,2249,2227.0,-22.0,0,0,,,,2015-5-18,Skywest Airlines Inc.
Houston,TX,Baltimore,MD,1110,1108.0,-2.0,7.0,1115.0,170,172.0,161.0,1246,1456.0,4.0,1500,1500.0,0.0,0,0,,,,2015-11-25,Southwest Airlines Co.
Chicago,IL,Lexington,KY,2110,2105.0,-5.0,15.0,2120.0,79,64.0,46.0,323,2306.0,3.0,2329,2309.0,-20.0,0,0,,,,2015-4-27,Skywest Airlines Inc.
Palm Springs,CA,Phoenix,AZ,1805,1800.0,-5.0,9.0,1809.0,70,69.0,48.0,261,1857.0,12.0,1915,1909.0,-6.0,0,0,,,,2015-4-15,Skywest Airlines Inc.
Detroit,MI,Ft. Lauderdale,FL,1152,1148.0,-4.0,13.0,1201.0,196,159.0,142.0,1127,1423.0,4.0,1508,1427.0,-41.0,0,0,,,,2015-2-7,Delta Air Lines Inc.
Denver,CO,Newark,NJ,1122,1123.0,1.0,14.0,1137.0,233,212.0,187.0,1605,1644.0,11.0,1715,1655.0,-20.0,0,0,,,,2015-5-17,United Air Lines Inc.
Minneapolis,MN,Los Angeles,CA,717,716.0,-1.0,35.0,751.0,265,277.0,217.0,1535,928.0,25.0,942,953.0,11.0,0,0,,,,2015-11-21,Skywest Airlines Inc.
Memphis,TN,New York,NY,630,624.0,-6.0,19.0,643.0,153,140.0,112.0,963,935.0,9.0,1003,944.0,-19.0,0,0,,,,2015-11-2,Atlantic Southeast Airlines
Baltimore,MD,Atlanta,GA,730,913.0,103.0,15.0,928.0,113,101.0,77.0,577,1045.0,9.0,923,1054.0,91.0,0,0,0.0,0.0,0.0,2015-5-9,Delta Air Lines Inc.
Dallas-Fort Worth,TX,Cleveland,OH,1924,1915.0,-9.0,15.0,1930.0,151,146.0,124.0,1021,2234.0,7.0,2255,2241.0,-14.0,0,0,,,,2015-1-9,Atlantic Southeast Airlines
Salt Lake City,UT,Las Vegas,NV,610,609.0,-1.0,15.0,624.0,95,72.0,53.0,368,617.0,4.0,645,621.0,-24.0,0,0,,,,2015-3-27,Southwest Airlines Co.
Detroit,MI,New York,NY,1158,1154.0,-4.0,15.0,1209.0,111,98.0,77.0,502,1326.0,6.0,1349,1332.0,-17.0,0,0,,,,2015-8-16,Delta Air Lines Inc.
Denver,CO,Portland,OR,1205,1203.0,-2.0,12.0,1215.0,175,158.0,142.0,991,1337.0,4.0,1400,1341.0,-19.0,0,0,,,,2015-2-24,Southwest Airlines Co.
New York,NY,Boston,MA,1359,1406.0,7.0,19.0,1425.0,70,65.0,37.0,184,1502.0,9.0,1509,1511.0,2.0,0,0,,,,2015-4-2,Delta Air Lines Inc.
Waco,TX,Dallas-Fort Worth,TX,1617,1604.0,-13.0,9.0,1613.0,49,50.0,23.0,89,1636.0,18.0,1706,1654.0,-12.0,0,0,,,,2015-11-12,Atlantic Southeast Airlines
San Francisco,CA,Las Vegas,NV,1041,1044.0,3.0,13.0,1057.0,95,84.0,65.0,414,1202.0,6.0,1216,1208.0,-8.0,0,0,,,,2015-2-1,United Air Lines Inc.
Kansas City,MO,Atlanta,GA,810,803.0,-7.0,14.0,817.0,122,116.0,90.0,692,1047.0,12.0,1112,1059.0,-13.0,0,0,,,,2015-3-22,Delta Air Lines Inc.
San Jose,CA,Las Vegas,NV,1205,,,,,80,,,386,,,1325,,,0,1,,,,2015-12-6,Southwest Airlines Co.
Detroit,MI,Dallas-Fort Worth,TX,1220,1218.0,-2.0,19.0,1237.0,181,164.0,138.0,986,1355.0,7.0,1421,1402.0,-19.0,0,0,,,,2015-9-26,American Airlines Inc.
Orlando,FL,Los Angeles,CA,738,730.0,-8.0,18.0,748.0,327,322.0,279.0,2218,927.0,25.0,1005,952.0,-13.0,0,0,,,,2015-5-5,Delta Air Lines Inc.
Des Moines,IA,Phoenix,AZ,1450,1445.0,-5.0,8.0,1453.0,183,171.0,159.0,1149,1532.0,4.0,1553,1536.0,-17.0,0,0,,,,2015-9-4,American Airlines Inc.
Lexington,KY,Atlanta,GA,900,1039.0,99.0,14.0,1053.0,87,74.0,57.0,304,1150.0,3.0,1027,1153.0,86.0,0,0,0.0,0.0,0.0,2015-2-28,Atlantic Southeast Airlines
Atlanta,GA,Birmingham,AL,1810,1809.0,-1.0,26.0,1835.0,56,55.0,25.0,134,1800.0,4.0,1806,1804.0,-2.0,0,0,,,,2015-6-20,Delta Air Lines Inc.
Atlanta,GA,Roanoke,VA,910,906.0,-4.0,23.0,929.0,80,81.0,53.0,357,1022.0,5.0,1030,1027.0,-3.0,0,0,,,,2015-4-19,Atlantic Southeast Airlines
Las Vegas,NV,Nashville,TN,835,832.0,-3.0,11.0,843.0,215,209.0,190.0,1587,1353.0,8.0,1410,1401.0,-9.0,0,0,,,,2015-9-24,Southwest Airlines Co.
Kahului,HI,Los Angeles,CA,2148,2141.0,-7.0,9.0,2150.0,312,295.0,276.0,2486,526.0,10.0,600,536.0,-24.0,0,0,,,,2015-4-6,American Airlines Inc.
Columbus,OH,Tampa,FL,705,706.0,1.0,13.0,719.0,145,139.0,121.0,829,920.0,5.0,930,925.0,-5.0,0,0,,,,2015-1-3,Southwest Airlines Co.
Dallas,TX,San Francisco,CA,1205,1217.0,12.0,7.0,1224.0,235,232.0,220.0,1476,1404.0,5.0,1400,1409.0,9.0,0,0,,,,2015-2-7,Southwest Airlines Co.
Philadelphia,PA,Nashville,TN,600,557.0,-3.0,10.0,607.0,150,129.0,111.0,675,658.0,8.0,730,706.0,-24.0,0,0,,,,2015-3-1,Southwest Airlines Co.
Tampa,FL,Providence,RI,1955,1956.0,1.0,11.0,2007.0,160,156.0,139.0,1136,2226.0,6.0,2235,2232.0,-3.0,0,0,,,,2015-1-1,Southwest Airlines Co.
San Jose,CA,Santa Ana,CA,1320,1318.0,-2.0,14.0,1332.0,75,77.0,58.0,342,1430.0,5.0,1435,1435.0,0.0,0,0,,,,2015-9-22,Southwest Airlines Co.
Houston,TX,Bakersfield,CA,915,914.0,-1.0,22.0,936.0,217,198.0,172.0,1428,1028.0,4.0,1052,1032.0,-20.0,0,0,,,,2015-8-2,Skywest Airlines Inc.
Baltimore,MD,Milwaukee,WI,2050,2132.0,42.0,18.0,2150.0,130,132.0,110.0,641,2240.0,4.0,2200,2244.0,44.0,0,0,2.0,0.0,0.0,2015-3-4,Southwest Airlines Co.
Chicago,IL,Oklahoma City,OK,1605,1605.0,0.0,11.0,1616.0,125,104.0,89.0,691,1745.0,4.0,1810,1749.0,-21.0,0,0,,,,2015-3-28,Southwest Airlines Co.
Las Vegas,NV,Los Angeles,CA,1600,1803.0,123.0,26.0,1829.0,75,80.0,44.0,236,1913.0,10.0,1715,1923.0,128.0,0,0,5.0,0.0,0.0,2015-7-12,American Airlines Inc.
Denver,CO,Minneapolis,MN,1000,1015.0,15.0,14.0,1029.0,122,114.0,91.0,680,1300.0,9.0,1302,1309.0,7.0,0,0,,,,2015-1-12,United Air Lines Inc.
Las Vegas,NV,San Jose,CA,835,828.0,-7.0,9.0,837.0,85,72.0,59.0,386,936.0,4.0,1000,940.0,-20.0,0,0,,,,2015-1-21,Southwest Airlines Co.
Tampa,FL,Las Vegas,NV,750,747.0,-3.0,8.0,755.0,290,275.0,263.0,1984,918.0,4.0,940,922.0,-18.0,0,0,,,,2015-8-18,Southwest Airlines Co.
Tampa,FL,Atlanta,GA,1845,1849.0,4.0,18.0,1907.0,102,97.0,72.0,406,2019.0,7.0,2027,2026.0,-1.0,0,0,,,,2015-7-30,Delta Air Lines Inc.
Arlington,VA,New York,NY,1800,1824.0,24.0,25.0,1849.0,91,80.0,53.0,214,1942.0,2.0,1931,1944.0,13.0,0,0,,,,2015-5-17,Delta Air Lines Inc.
Longview,TX,Dallas-Fort Worth,TX,1015,1052.0,37.0,9.0,1101.0,56,70.0,30.0,140,1131.0,31.0,1111,1202.0,51.0,0,0,14.0,0.0,0.0,2015-5-30,Atlantic Southeast Airlines
San Jose,CA,Phoenix,AZ,2030,2121.0,51.0,8.0,2129.0,105,96.0,84.0,621,2353.0,4.0,2315,2357.0,42.0,0,0,0.0,0.0,0.0,2015-2-20,Southwest Airlines Co.
Oakland,CA,Boise,ID,1935,2035.0,60.0,9.0,2044.0,85,82.0,69.0,511,2253.0,4.0,2200,2257.0,57.0,0,0,0.0,0.0,0.0,2015-3-8,Southwest Airlines Co.
Los Angeles,CA,San Francisco,CA,1730,,,,,75,,,337,,,1845,,,0,1,,,,2015-1-8,Southwest Airlines Co.
Denver,CO,Chicago,IL,1741,1740.0,-1.0,12.0,1752.0,151,131.0,107.0,888,2039.0,12.0,2112,2051.0,-21.0,0,0,,,,2015-7-25,United Air Lines Inc.
Houston,TX,Dallas,TX,2200,2157.0,-3.0,9.0,2206.0,60,48.0,35.0,239,2241.0,4.0,2300,2245.0,-15.0,0,0,,,,2015-3-17,Southwest Airlines Co.
Chicago,IL,Tampa,FL,1645,1642.0,-3.0,13.0,1655.0,165,156.0,141.0,1012,2016.0,2.0,2030,2018.0,-12.0,0,0,,,,2015-4-14,American Airlines Inc.
Detroit,MI,Boston,MA,1205,1214.0,9.0,11.0,1225.0,115,95.0,80.0,632,1345.0,4.0,1400,1349.0,-11.0,0,0,,,,2015-11-26,Delta Air Lines Inc.
St Louis,MO,Atlanta,GA,835,836.0,1.0,8.0,844.0,95,80.0,63.0,484,1047.0,9.0,1110,1056.0,-14.0,0,0,,,,2015-8-1,Southwest Airlines Co.
Ft. Myers,FL,Chicago,IL,850,849.0,-1.0,9.0,858.0,180,174.0,162.0,1105,1040.0,3.0,1050,1043.0,-7.0,0,0,,,,2015-3-21,Southwest Airlines Co.
Albuquerque,NM,Oakland,CA,650,712.0,22.0,14.0,726.0,155,150.0,130.0,889,836.0,6.0,825,842.0,17.0,0,0,0.0,0.0,0.0,2015-4-6,Southwest Airlines Co.
Kansas City,MO,Albuquerque,NM,1520,1515.0,-5.0,8.0,1523.0,125,121.0,97.0,718,1600.0,16.0,1625,1616.0,-9.0,0,0,,,,2015-4-27,Southwest Airlines Co.
San Francisco,CA,Atlanta,GA,1315,1317.0,2.0,33.0,1350.0,285,303.0,257.0,2139,2107.0,13.0,2100,2120.0,20.0,0,0,20.0,0.0,0.0,2015-5-16,Southwest Airlines Co.
Denver,CO,Philadelphia,PA,1730,1729.0,-1.0,10.0,1739.0,210,194.0,176.0,1558,2235.0,8.0,2300,2243.0,-17.0,0,0,,,,2015-9-28,Southwest Airlines Co.
Dallas-Fort Worth,TX,Baltimore,MD,2030,2138.0,68.0,10.0,2148.0,190,174.0,157.0,1217,125.0,7.0,40,132.0,52.0,0,0,0.0,0.0,0.0,2015-7-28,American Airlines Inc.
Ft. Lauderdale,FL,Charlotte,NC,1259,1255.0,-4.0,9.0,1304.0,126,107.0,92.0,632,1436.0,6.0,1505,1442.0,-23.0,0,0,,,,2015-7-8,American Airlines Inc.
Miami,FL,New York,NY,1100,1100.0,0.0,24.0,1124.0,179,168.0,138.0,1096,1342.0,6.0,1359,1348.0,-11.0,0,0,,,,2015-6-21,Delta Air Lines Inc.
Columbus-Starkville-West Point,MS,Atlanta,GA,645,642.0,-3.0,13.0,655.0,70,71.0,47.0,241,842.0,11.0,855,853.0,-2.0,0,0,,,,2015-7-15,Atlantic Southeast Airlines
Newark,NJ,Houston,TX,2120,2121.0,1.0,13.0,2134.0,237,225.0,199.0,1400,2353.0,13.0,17,6.0,-11.0,0,0,,,,2015-3-11,United Air Lines Inc.
Phoenix,AZ,Salt Lake City,UT,1345,1342.0,-3.0,11.0,1353.0,95,84.0,68.0,507,1501.0,5.0,1520,1506.0,-14.0,0,0,,,,2015-2-8,Southwest Airlines Co.
Chantilly,VA,Atlanta,GA,1756,1748.0,-8.0,33.0,1821.0,123,126.0,84.0,534,1945.0,9.0,1959,1954.0,-5.0,0,0,,,,2015-6-2,Delta Air Lines Inc.
Covington,KY,Salt Lake City,UT,1925,1923.0,-2.0,10.0,1933.0,225,215.0,200.0,1450,2053.0,5.0,2110,2058.0,-12.0,0,0,,,,2015-7-8,Delta Air Lines Inc.
Orlando,FL,New York,NY,1300,1258.0,-2.0,15.0,1313.0,155,165.0,121.0,950,1514.0,29.0,1535,1543.0,8.0,0,0,,,,2015-11-30,Delta Air Lines Inc.
Covington,KY,Houston,TX,1857,2319.0,262.0,15.0,2334.0,148,149.0,125.0,871,39.0,9.0,2025,48.0,263.0,0,0,1.0,0.0,0.0,2015-6-18,Atlantic Southeast Airlines
Newark,NJ,Detroit,MI,1200,1203.0,3.0,16.0,1219.0,124,115.0,87.0,488,1346.0,12.0,1404,1358.0,-6.0,0,0,,,,2015-2-5,Atlantic Southeast Airlines
Houston,TX,Jackson,MS,1911,1905.0,-6.0,13.0,1918.0,74,80.0,53.0,351,2011.0,14.0,2025,2025.0,0.0,0,0,,,,2015-5-3,Atlantic Southeast Airlines
Ft. Lauderdale,FL,Houston,TX,640,637.0,-3.0,9.0,646.0,165,163.0,146.0,957,812.0,8.0,825,820.0,-5.0,0,0,,,,2015-4-8,Southwest Airlines Co.
Las Vegas,NV,Dallas-Fort Worth,TX,800,759.0,-1.0,20.0,819.0,171,173.0,136.0,1055,1235.0,17.0,1251,1252.0,1.0,0,0,,,,2015-9-19,American Airlines Inc.
Detroit,MI,Minneapolis,MN,1535,1620.0,45.0,16.0,1636.0,117,108.0,88.0,528,1704.0,4.0,1632,1708.0,36.0,0,0,0.0,0.0,0.0,2015-6-23,Delta Air Lines Inc.
Minneapolis,MN,Boston,MA,1720,1726.0,6.0,36.0,1802.0,165,180.0,136.0,1124,2118.0,8.0,2105,2126.0,21.0,0,0,16.0,0.0,0.0,2015-1-28,Delta Air Lines Inc.
Dallas,TX,Houston,TX,1400,1438.0,38.0,15.0,1453.0,65,65.0,45.0,239,1538.0,5.0,1505,1543.0,38.0,0,0,0.0,0.0,0.0,2015-3-1,Southwest Airlines Co.
Reno,NV,Phoenix,AZ,1915,1909.0,-6.0,9.0,1918.0,106,116.0,102.0,601,2100.0,5.0,2101,2105.0,4.0,0,0,,,,2015-7-2,American Airlines Inc.
San Diego,CA,Nashville,TN,620,620.0,0.0,20.0,640.0,250,231.0,204.0,1751,1204.0,7.0,1230,1211.0,-19.0,0,0,,,,2015-8-7,Southwest Airlines Co.
Atlanta,GA,Charlotte,NC,1918,1922.0,4.0,11.0,1933.0,77,79.0,57.0,226,2030.0,11.0,2035,2041.0,6.0,0,0,,,,2015-8-15,Delta Air Lines Inc.
Baltimore,MD,Phoenix,AZ,1425,1439.0,14.0,12.0,1451.0,320,320.0,301.0,1999,1752.0,7.0,1745,1759.0,14.0,0,0,,,,2015-11-6,Southwest Airlines Co.
Charlotte,NC,Dallas-Fort Worth,TX,1905,1936.0,31.0,14.0,1950.0,163,147.0,126.0,936,2056.0,7.0,2048,2103.0,15.0,0,0,0.0,0.0,0.0,2015-9-4,American Airlines Inc.
Phoenix,AZ,Arlington,VA,844,903.0,19.0,26.0,929.0,268,260.0,228.0,1979,1617.0,6.0,1612,1623.0,11.0,0,0,,,,2015-8-28,American Airlines Inc.
Los Angeles,CA,Pittsburgh,PA,1125,1208.0,43.0,24.0,1232.0,278,278.0,248.0,2136,1940.0,6.0,1903,1946.0,43.0,0,0,0.0,0.0,0.0,2015-7-29,American Airlines Inc.
Atlanta,GA,Los Angeles,CA,2046,2048.0,2.0,52.0,2140.0,289,311.0,242.0,1947,2242.0,17.0,2235,2259.0,24.0,0,0,24.0,0.0,0.0,2015-7-30,Delta Air Lines Inc.
Tulsa,OK,Chicago,IL,801,800.0,-1.0,19.0,819.0,109,102.0,76.0,585,935.0,7.0,950,942.0,-8.0,0,0,,,,2015-3-5,American Airlines Inc.
Houston,TX,Panama City,FL,1355,1402.0,7.0,8.0,1410.0,90,87.0,76.0,571,1526.0,3.0,1525,1529.0,4.0,0,0,,,,2015-1-30,Southwest Airlines Co.
San Francisco,CA,Redmond,OR,2016,2004.0,-12.0,15.0,2019.0,93,76.0,58.0,462,2117.0,3.0,2149,2120.0,-29.0,0,0,,,,2015-2-6,Skywest Airlines Inc.
Chicago,IL,Santa Ana,CA,1155,1155.0,0.0,10.0,1205.0,267,250.0,231.0,1726,1356.0,9.0,1422,1405.0,-17.0,0,0,,,,2015-12-8,American Airlines Inc.
Chattanooga,TN,Dallas-Fort Worth,TX,1637,1630.0,-7.0,11.0,1641.0,127,122.0,96.0,695,1717.0,15.0,1744,1732.0,-12.0,0,0,,,,2015-8-27,Atlantic Southeast Airlines
Atlanta,GA,Daytona Beach,FL,935,932.0,-3.0,11.0,943.0,74,68.0,53.0,366,1036.0,4.0,1049,1040.0,-9.0,0,0,,,,2015-3-9,Delta Air Lines Inc.
Chicago,IL,Orlando,FL,1550,1612.0,22.0,8.0,1620.0,160,131.0,117.0,990,1917.0,6.0,1930,1923.0,-7.0,0,0,,,,2015-8-8,Southwest Airlines Co.
New York,NY,Dallas-Fort Worth,TX,1459,1451.0,-8.0,25.0,1516.0,259,217.0,179.0,1389,1715.0,13.0,1818,1728.0,-50.0,0,0,,,,2015-3-28,American Airlines Inc.
Chicago,IL,Arlington,VA,1310,1308.0,-2.0,22.0,1330.0,112,108.0,78.0,612,1548.0,8.0,1602,1556.0,-6.0,0,0,,,,2015-4-7,American Airlines Inc.
New York,NY,Miami,FL,540,537.0,-3.0,14.0,551.0,179,166.0,144.0,1089,815.0,8.0,839,823.0,-16.0,0,0,,,,2015-6-23,American Airlines Inc.
Columbus,OH,Baltimore,MD,2155,2213.0,18.0,9.0,2222.0,80,79.0,52.0,337,2314.0,18.0,2315,2332.0,17.0,0,0,0.0,0.0,0.0,2015-7-1,Southwest Airlines Co.
Miami,FL,Chicago,IL,1350,1509.0,79.0,11.0,1520.0,200,191.0,175.0,1197,1715.0,5.0,1610,1720.0,70.0,0,0,0.0,0.0,0.0,2015-1-18,United Air Lines Inc.
Burbank,CA,Portland,OR,2035,2052.0,17.0,15.0,2107.0,138,139.0,121.0,817,2308.0,3.0,2253,2311.0,18.0,0,0,1.0,0.0,0.0,2015-2-27,Skywest Airlines Inc.
Birmingham,AL,Atlanta,GA,1320,1317.0,-3.0,13.0,1330.0,67,52.0,31.0,134,1501.0,8.0,1527,1509.0,-18.0,0,0,,,,2015-6-25,Delta Air Lines Inc.
Denver,CO,Sioux Falls,SD,1944,1944.0,0.0,12.0,1956.0,95,96.0,73.0,483,2209.0,11.0,2219,2220.0,1.0,0,0,,,,2015-2-4,Atlantic Southeast Airlines
Denver,CO,Springfield,MO,1010,1219.0,129.0,23.0,1242.0,109,116.0,83.0,637,1505.0,10.0,1259,1515.0,136.0,0,0,7.0,0.0,0.0,2015-4-13,Skywest Airlines Inc.
Chicago,IL,Green Bay,WI,1245,1241.0,-4.0,23.0,1304.0,56,56.0,29.0,173,1333.0,4.0,1341,1337.0,-4.0,0,0,,,,2015-4-14,Atlantic Southeast Airlines
Tucson,AZ,Salt Lake City,UT,1010,1010.0,0.0,14.0,1024.0,111,114.0,93.0,601,1257.0,7.0,1301,1304.0,3.0,0,0,,,,2015-7-25,Skywest Airlines Inc.
Lexington,KY,Atlanta,GA,720,720.0,0.0,10.0,730.0,103,113.0,98.0,304,908.0,5.0,903,913.0,10.0,0,0,,,,2015-1-12,Delta Air Lines Inc.
San Francisco,CA,Los Angeles,CA,2102,2103.0,1.0,37.0,2140.0,93,108.0,54.0,337,2234.0,17.0,2235,2251.0,16.0,0,0,16.0,0.0,0.0,2015-4-5,American Airlines Inc.
Greer,SC,Houston,TX,1448,1502.0,14.0,14.0,1516.0,159,185.0,164.0,837,1700.0,7.0,1627,1707.0,40.0,0,0,26.0,0.0,14.0,2015-5-24,Atlantic Southeast Airlines
West Palm Beach,FL,Islip,NY,925,941.0,16.0,8.0,949.0,160,150.0,138.0,1052,1207.0,4.0,1205,1211.0,6.0,0,0,,,,2015-6-28,Southwest Airlines Co.
Minneapolis,MN,Appleton,WI,958,1001.0,3.0,27.0,1028.0,68,79.0,45.0,236,1113.0,7.0,1106,1120.0,14.0,0,0,,,,2015-5-29,Skywest Airlines Inc.
Chicago,IL,Salt Lake City,UT,1920,2005.0,45.0,25.0,2030.0,220,207.0,178.0,1250,2228.0,4.0,2200,2232.0,32.0,0,0,0.0,0.0,0.0,2015-6-14,Skywest Airlines Inc.
Miami,FL,Newark,NJ,832,825.0,-7.0,12.0,837.0,178,165.0,147.0,1085,1104.0,6.0,1130,1110.0,-20.0,0,0,,,,2015-9-29,United Air Lines Inc.
Lafayette,LA,Houston,TX,848,838.0,-10.0,10.0,848.0,66,57.0,39.0,201,927.0,8.0,954,935.0,-19.0,0,0,,,,2015-3-29,Atlantic Southeast Airlines
Birmingham,AL,Houston,TX,1444,1443.0,-1.0,29.0,1512.0,120,122.0,86.0,562,1638.0,7.0,1644,1645.0,1.0,0,0,,,,2015-12-8,Atlantic Southeast Airlines
Tampa,FL,Charlotte,NC,510,506.0,-4.0,10.0,516.0,95,91.0,76.0,507,632.0,5.0,645,637.0,-8.0,0,0,,,,2015-8-11,American Airlines Inc.
Chicago,IL,Albany,NY,1445,1443.0,-2.0,8.0,1451.0,105,96.0,84.0,717,1715.0,4.0,1730,1719.0,-11.0,0,0,,,,2015-3-25,Southwest Airlines Co.
Detroit,MI,Baltimore,MD,555,559.0,4.0,14.0,613.0,95,82.0,64.0,409,717.0,4.0,730,721.0,-9.0,0,0,,,,2015-6-6,Southwest Airlines Co.
Chicago,IL,Ft. Myers,FL,850,847.0,-3.0,12.0,859.0,177,174.0,159.0,1120,1238.0,3.0,1247,1241.0,-6.0,0,0,,,,2015-7-24,American Airlines Inc.
Montgomery,AL,Atlanta,GA,535,541.0,6.0,7.0,548.0,56,46.0,36.0,147,724.0,3.0,731,727.0,-4.0,0,0,,,,2015-9-9,Atlantic Southeast Airlines
San Francisco,CA,Boston,MA,1300,1308.0,8.0,20.0,1328.0,345,344.0,314.0,2704,2142.0,10.0,2145,2152.0,7.0,0,0,,,,2015-5-26,United Air Lines Inc.
Los Angeles,CA,San Luis Obispo,CA,2259,2253.0,-6.0,20.0,2313.0,60,69.0,46.0,156,2359.0,3.0,2359,2.0,3.0,0,0,,,,2015-2-18,Skywest Airlines Inc.
Billings,MT,Denver,CO,1733,1727.0,-6.0,75.0,1842.0,92,145.0,64.0,455,1946.0,6.0,1905,1952.0,47.0,0,0,47.0,0.0,0.0,2015-8-13,Skywest Airlines Inc.
Atlanta,GA,Newark,NJ,1105,1103.0,-2.0,9.0,1112.0,132,114.0,101.0,746,1253.0,4.0,1317,1257.0,-20.0,0,0,,,,2015-11-15,Delta Air Lines Inc.
New York,NY,Charlotte,NC,820,829.0,9.0,18.0,847.0,132,138.0,115.0,541,1042.0,5.0,1032,1047.0,15.0,0,0,6.0,0.0,0.0,2015-1-7,American Airlines Inc.
Miami,FL,Boston,MA,700,656.0,-4.0,12.0,708.0,195,188.0,168.0,1258,956.0,8.0,1015,1004.0,-11.0,0,0,,,,2015-7-5,American Airlines Inc.
Islip,NY,Tampa,FL,1755,1749.0,-6.0,9.0,1758.0,180,165.0,151.0,1034,2029.0,5.0,2055,2034.0,-21.0,0,0,,,,2015-5-4,Southwest Airlines Co.
Santa Barbara,CA,Phoenix,AZ,625,615.0,-10.0,12.0,627.0,92,84.0,66.0,455,833.0,6.0,857,839.0,-18.0,0,0,,,,2015-12-4,Skywest Airlines Inc.
Chicago,IL,Santa Ana,CA,1020,1016.0,-4.0,16.0,1032.0,264,263.0,241.0,1726,1233.0,6.0,1244,1239.0,-5.0,0,0,,,,2015-5-22,American Airlines Inc.
Houston,TX,Dallas,TX,1500,1514.0,14.0,11.0,1525.0,60,57.0,42.0,239,1607.0,4.0,1600,1611.0,11.0,0,0,,,,2015-7-17,Southwest Airlines Co.
Memphis,TN,Atlanta,GA,1450,1446.0,-4.0,12.0,1458.0,89,70.0,51.0,332,1649.0,7.0,1719,1656.0,-23.0,0,0,,,,2015-8-9,Delta Air Lines Inc.
Salt Lake City,UT,Dallas-Fort Worth,TX,2008,2002.0,-6.0,14.0,2016.0,151,144.0,124.0,989,2320.0,6.0,2339,2326.0,-13.0,0,0,,,,2015-1-17,Delta Air Lines Inc.
San Francisco,CA,Dallas-Fort Worth,TX,1540,1542.0,2.0,14.0,1556.0,218,206.0,187.0,1464,2103.0,5.0,2118,2108.0,-10.0,0,0,,,,2015-7-20,American Airlines Inc.
Atlanta,GA,Arlington,VA,1320,1333.0,13.0,11.0,1344.0,105,86.0,73.0,547,1457.0,2.0,1505,1459.0,-6.0,0,0,,,,2015-7-23,Delta Air Lines Inc.
Boston,MA,Charlotte,NC,600,601.0,1.0,25.0,626.0,138,138.0,107.0,728,813.0,6.0,818,819.0,1.0,0,0,,,,2015-8-4,American Airlines Inc.
West Palm Beach,FL,Dallas-Fort Worth,TX,737,728.0,-9.0,12.0,740.0,198,186.0,169.0,1102,929.0,5.0,955,934.0,-21.0,0,0,,,,2015-1-27,American Airlines Inc.
Lexington,KY,Atlanta,GA,1135,1128.0,-7.0,8.0,1136.0,84,74.0,59.0,304,1235.0,7.0,1259,1242.0,-17.0,0,0,,,,2015-4-5,Atlantic Southeast Airlines
New Orleans,LA,Minneapolis,MN,1515,1519.0,4.0,15.0,1534.0,161,169.0,146.0,1039,1800.0,8.0,1756,1808.0,12.0,0,0,,,,2015-2-13,Delta Air Lines Inc.
New York,NY,Boston,MA,1359,1355.0,-4.0,18.0,1413.0,68,56.0,30.0,184,1443.0,8.0,1507,1451.0,-16.0,0,0,,,,2015-4-16,Delta Air Lines Inc.
Lafayette,LA,Atlanta,GA,1058,1152.0,54.0,17.0,1209.0,97,92.0,70.0,503,1419.0,5.0,1335,1424.0,49.0,0,0,0.0,0.0,0.0,2015-3-23,Atlantic Southeast Airlines
San Juan,PR,Atlanta,GA,710,710.0,0.0,14.0,724.0,235,209.0,191.0,1547,1035.0,4.0,1105,1039.0,-26.0,0,0,,,,2015-5-20,Delta Air Lines Inc.
Philadelphia,PA,Los Angeles,CA,2030,2043.0,13.0,12.0,2055.0,351,318.0,294.0,2402,2249.0,12.0,2321,2301.0,-20.0,0,0,,,,2015-8-6,American Airlines Inc.
Las Vegas,NV,Reno,NV,515,527.0,12.0,10.0,537.0,75,70.0,55.0,345,632.0,5.0,630,637.0,7.0,0,0,,,,2015-4-22,Southwest Airlines Co.
Minneapolis,MN,Chicago,IL,715,711.0,-4.0,9.0,720.0,90,95.0,65.0,349,825.0,21.0,845,846.0,1.0,0,0,,,,2015-9-11,Southwest Airlines Co.
Minneapolis,MN,Anchorage,AK,1515,1523.0,8.0,15.0,1538.0,369,347.0,327.0,2519,1805.0,5.0,1824,1810.0,-14.0,0,0,,,,2015-1-3,Delta Air Lines Inc.
Minneapolis,MN,Denver,CO,615,613.0,-2.0,15.0,628.0,130,133.0,113.0,680,721.0,5.0,725,726.0,1.0,0,0,,,,2015-11-16,Southwest Airlines Co.
Las Vegas,NV,Albuquerque,NM,835,836.0,1.0,12.0,848.0,85,80.0,64.0,486,1052.0,4.0,1100,1056.0,-4.0,0,0,,,,2015-8-13,Southwest Airlines Co.
New York,NY,Atlanta,GA,1759,1943.0,104.0,34.0,2017.0,175,158.0,120.0,762,2217.0,4.0,2054,2221.0,87.0,0,0,0.0,0.0,8.0,2015-2-3,Delta Air Lines Inc.
Los Angeles,CA,Houston,TX,555,553.0,-2.0,11.0,604.0,200,194.0,177.0,1390,1101.0,6.0,1115,1107.0,-8.0,0,0,,,,2015-7-28,Southwest Airlines Co.
San Diego,CA,San Jose,CA,950,950.0,0.0,10.0,1000.0,80,77.0,59.0,417,1059.0,8.0,1110,1107.0,-3.0,0,0,,,,2015-8-13,Southwest Airlines Co.
Arlington,VA,Houston,TX,600,552.0,-8.0,10.0,602.0,200,173.0,160.0,1218,742.0,3.0,820,745.0,-35.0,0,0,,,,2015-6-6,Southwest Airlines Co.
Eugene,OR,San Francisco,CA,1046,1153.0,67.0,10.0,1203.0,91,85.0,72.0,451,1315.0,3.0,1217,1318.0,61.0,0,0,0.0,0.0,0.0,2015-2-14,Skywest Airlines Inc.
Baltimore,MD,Atlanta,GA,1500,1509.0,9.0,27.0,1536.0,119,118.0,85.0,577,1701.0,6.0,1659,1707.0,8.0,0,0,,,,2015-6-12,Delta Air Lines Inc.
Chicago,IL,Atlanta,GA,1125,1124.0,-1.0,13.0,1137.0,122,106.0,88.0,606,1405.0,5.0,1427,1410.0,-17.0,0,0,,,,2015-6-13,Skywest Airlines Inc.
Lubbock,TX,Denver,CO,1253,1253.0,0.0,19.0,1312.0,94,101.0,75.0,456,1327.0,7.0,1327,1334.0,7.0,0,0,,,,2015-12-7,Skywest Airlines Inc.
Chicago,IL,San Diego,CA,810,804.0,-6.0,16.0,820.0,250,258.0,237.0,1728,1017.0,5.0,1020,1022.0,2.0,0,0,,,,2015-6-11,Southwest Airlines Co.
Charlotte,NC,Windsor Locks,CT,1429,1421.0,-8.0,19.0,1440.0,109,117.0,92.0,644,1612.0,6.0,1618,1618.0,0.0,0,0,,,,2015-11-25,American Airlines Inc.
Baltimore,MD,Flint,MI,2210,2204.0,-6.0,12.0,2216.0,90,88.0,71.0,452,2327.0,5.0,2340,2332.0,-8.0,0,0,,,,2015-4-10,Southwest Airlines Co.
Los Angeles,CA,Houston,TX,1250,1346.0,56.0,21.0,1407.0,195,195.0,163.0,1379,1850.0,11.0,1805,1901.0,56.0,0,0,56.0,0.0,0.0,2015-5-15,United Air Lines Inc.
Phoenix,AZ,Portland,OR,735,731.0,-4.0,8.0,739.0,160,145.0,133.0,1009,952.0,4.0,1015,956.0,-19.0,0,0,,,,2015-7-2,Southwest Airlines Co.
Philadelphia,PA,Dallas-Fort Worth,TX,526,534.0,8.0,16.0,550.0,219,212.0,190.0,1303,800.0,6.0,805,806.0,1.0,0,0,,,,2015-5-22,American Airlines Inc.
New York,NY,Charlotte,NC,1830,1827.0,-3.0,20.0,1847.0,144,106.0,77.0,541,2004.0,9.0,2054,2013.0,-41.0,0,0,,,,2015-8-22,American Airlines Inc.
Denver,CO,Charlotte,NC,1205,1202.0,-3.0,14.0,1216.0,187,179.0,151.0,1337,1647.0,14.0,1712,1701.0,-11.0,0,0,,,,2015-11-28,American Airlines Inc.
Los Angeles,CA,Houston,TX,1340,1346.0,6.0,14.0,1400.0,189,177.0,158.0,1379,1838.0,5.0,1849,1843.0,-6.0,0,0,,,,2015-1-17,United Air Lines Inc.
Atlanta,GA,Chicago,IL,1420,1418.0,-2.0,15.0,1433.0,115,103.0,82.0,591,1455.0,6.0,1515,1501.0,-14.0,0,0,,,,2015-2-17,Southwest Airlines Co.
Chicago,IL,Phoenix,AZ,1230,1240.0,10.0,6.0,1246.0,220,214.0,203.0,1444,1409.0,5.0,1410,1414.0,4.0,0,0,,,,2015-4-13,Southwest Airlines Co.
Chicago,IL,Milwaukee,WI,1128,1154.0,26.0,30.0,1224.0,47,58.0,20.0,67,1244.0,8.0,1215,1252.0,37.0,0,0,11.0,0.0,0.0,2015-11-6,Skywest Airlines Inc.
Boston,MA,Newark,NJ,932,944.0,12.0,16.0,1000.0,87,74.0,52.0,200,1052.0,6.0,1059,1058.0,-1.0,0,0,,,,2015-3-8,Atlantic Southeast Airlines
Newark,NJ,Richmond,VA,1704,1700.0,-4.0,18.0,1718.0,84,90.0,65.0,277,1823.0,7.0,1828,1830.0,2.0,0,0,,,,2015-11-13,Atlantic Southeast Airlines
Las Vegas,NV,Omaha,NE,1840,1839.0,-1.0,12.0,1851.0,155,140.0,126.0,1099,2257.0,2.0,2315,2259.0,-16.0,0,0,,,,2015-8-9,Southwest Airlines Co.
Arlington,VA,Minneapolis,MN,1655,1649.0,-6.0,10.0,1659.0,166,154.0,139.0,931,1818.0,5.0,1841,1823.0,-18.0,0,0,,,,2015-6-3,Delta Air Lines Inc.
Huntsville,AL,Atlanta,GA,805,804.0,-1.0,15.0,819.0,67,54.0,34.0,151,953.0,5.0,1012,958.0,-14.0,0,0,,,,2015-8-6,Delta Air Lines Inc.
San Diego,CA,Sacramento,CA,2000,1957.0,-3.0,7.0,2004.0,90,77.0,65.0,480,2109.0,5.0,2130,2114.0,-16.0,0,0,,,,2015-1-5,Southwest Airlines Co.
Atlanta,GA,Miami,FL,1730,1731.0,1.0,17.0,1748.0,119,113.0,85.0,594,1913.0,11.0,1929,1924.0,-5.0,0,0,,,,2015-1-5,Delta Air Lines Inc.
Seattle,WA,Newark,NJ,2151,2150.0,-1.0,14.0,2204.0,304,272.0,248.0,2402,512.0,10.0,555,522.0,-33.0,0,0,,,,2015-3-17,United Air Lines Inc.
Minneapolis,MN,Indianapolis,IN,1938,1934.0,-4.0,16.0,1950.0,102,88.0,67.0,503,2157.0,5.0,2220,2202.0,-18.0,0,0,,,,2015-2-9,Delta Air Lines Inc.
Austin,TX,Baltimore,MD,1620,1709.0,49.0,11.0,1720.0,195,192.0,178.0,1342,2118.0,3.0,2035,2121.0,46.0,0,0,0.0,0.0,0.0,2015-8-12,Southwest Airlines Co.
Atlanta,GA,Ft. Lauderdale,FL,2130,2154.0,24.0,11.0,2205.0,110,101.0,87.0,581,2332.0,3.0,2320,2335.0,15.0,0,0,0.0,0.0,0.0,2015-6-20,Southwest Airlines Co.
San Jose,CA,Salt Lake City,UT,1829,1825.0,-4.0,18.0,1843.0,114,106.0,80.0,584,2103.0,8.0,2123,2111.0,-12.0,0,0,,,,2015-12-13,Skywest Airlines Inc.
Denver,CO,Minneapolis,MN,2010,2044.0,34.0,100.0,2224.0,113,193.0,88.0,680,52.0,5.0,2303,57.0,114.0,0,0,80.0,0.0,0.0,2015-5-14,United Air Lines Inc.
Ft. Lauderdale,FL,Philadelphia,PA,600,553.0,-7.0,11.0,604.0,163,156.0,139.0,992,823.0,6.0,843,829.0,-14.0,0,0,,,,2015-9-5,American Airlines Inc.
San Francisco,CA,Boise,ID,1055,1214.0,79.0,18.0,1232.0,104,95.0,75.0,522,1447.0,2.0,1339,1449.0,70.0,0,0,0.0,0.0,0.0,2015-8-19,Skywest Airlines Inc.
Detroit,MI,New York,NY,1540,1533.0,-7.0,16.0,1549.0,109,97.0,74.0,502,1703.0,7.0,1729,1710.0,-19.0,0,0,,,,2015-11-4,Delta Air Lines Inc.
Chicago,IL,Houston,TX,1344,1345.0,1.0,20.0,1405.0,179,160.0,133.0,925,1618.0,7.0,1643,1625.0,-18.0,0,0,,,,2015-3-19,United Air Lines Inc.
Chicago,IL,Milwaukee,WI,1222,1229.0,7.0,21.0,1250.0,48,43.0,18.0,67,1308.0,4.0,1310,1312.0,2.0,0,0,,,,2015-6-9,Skywest Airlines Inc.
Dayton,OH,Chicago,IL,1318,1311.0,-7.0,15.0,1326.0,67,65.0,43.0,240,1309.0,7.0,1325,1316.0,-9.0,0,0,,,,2015-11-24,Atlantic Southeast Airlines
Atlanta,GA,Detroit,MI,1730,1740.0,10.0,22.0,1802.0,118,112.0,77.0,594,1919.0,13.0,1928,1932.0,4.0,0,0,,,,2015-9-10,Delta Air Lines Inc.
Lafayette,LA,Houston,TX,530,523.0,-7.0,16.0,539.0,61,63.0,39.0,201,618.0,8.0,631,626.0,-5.0,0,0,,,,2015-7-28,Atlantic Southeast Airlines
Boston,MA,New York,NY,845,844.0,-1.0,15.0,859.0,79,66.0,42.0,187,941.0,9.0,1004,950.0,-14.0,0,0,,,,2015-6-2,Delta Air Lines Inc.
Boston,MA,Arlington,VA,1600,1558.0,-2.0,20.0,1618.0,88,91.0,66.0,399,1724.0,5.0,1728,1729.0,1.0,0,0,,,,2015-9-28,American Airlines Inc.
Denver,CO,San Diego,CA,1111,1122.0,11.0,12.0,1134.0,145,124.0,110.0,853,1224.0,2.0,1236,1226.0,-10.0,0,0,,,,2015-3-7,United Air Lines Inc.
Atlanta,GA,Richmond,VA,1209,1223.0,14.0,13.0,1236.0,91,86.0,68.0,481,1344.0,5.0,1340,1349.0,9.0,0,0,,,,2015-11-19,Delta Air Lines Inc.
Austin,TX,San Francisco,CA,1255,1309.0,14.0,14.0,1323.0,229,226.0,183.0,1504,1426.0,29.0,1444,1455.0,11.0,0,0,,,,2015-7-30,United Air Lines Inc.
Covington,KY,New York,NY,945,936.0,-9.0,10.0,946.0,121,104.0,89.0,585,1115.0,5.0,1146,1120.0,-26.0,0,0,,,,2015-3-13,Delta Air Lines Inc.
Houston,TX,Palm Springs,CA,923,919.0,-4.0,47.0,1006.0,214,232.0,177.0,1269,1103.0,8.0,1057,1111.0,14.0,0,0,,,,2015-1-29,Skywest Airlines Inc.
Tampa,FL,Milwaukee,WI,835,832.0,-3.0,17.0,849.0,165,185.0,163.0,1075,1032.0,5.0,1020,1037.0,17.0,0,0,17.0,0.0,0.0,2015-6-7,Southwest Airlines Co.
New York,NY,Houston,TX,1451,1514.0,23.0,22.0,1536.0,238,205.0,179.0,1416,1735.0,4.0,1749,1739.0,-10.0,0,0,,,,2015-6-22,United Air Lines Inc.
San Francisco,CA,Sacramento,CA,1933,1937.0,4.0,19.0,1956.0,47,47.0,24.0,86,2020.0,4.0,2020,2024.0,4.0,0,0,,,,2015-1-23,Skywest Airlines Inc.
Chicago,IL,Hancock,MI,1955,1946.0,-9.0,13.0,1959.0,84,73.0,55.0,359,2154.0,5.0,2219,2159.0,-20.0,0,0,,,,2015-5-9,Skywest Airlines Inc.
Santa Ana,CA,Sacramento,CA,1605,1604.0,-1.0,11.0,1615.0,80,82.0,67.0,404,1722.0,4.0,1725,1726.0,1.0,0,0,,,,2015-8-5,Southwest Airlines Co.
Phoenix,AZ,Salt Lake City,UT,1510,1525.0,15.0,8.0,1533.0,90,82.0,71.0,507,1744.0,3.0,1740,1747.0,7.0,0,0,,,,2015-8-20,Southwest Airlines Co.
Atlanta,GA,St Louis,MO,1659,1711.0,12.0,18.0,1729.0,105,98.0,75.0,484,1744.0,5.0,1744,1749.0,5.0,0,0,,,,2015-8-8,Delta Air Lines Inc.
Denver,CO,Orlando,FL,1145,1144.0,-1.0,16.0,1200.0,205,203.0,182.0,1546,1702.0,5.0,1710,1707.0,-3.0,0,0,,,,2015-2-11,Southwest Airlines Co.
Atlanta,GA,Savannah,GA,1620,1620.0,0.0,12.0,1632.0,65,55.0,35.0,214,1707.0,8.0,1725,1715.0,-10.0,0,0,,,,2015-2-24,Delta Air Lines Inc.
Minneapolis,MN,Grand Rapids,MI,2030,2015.0,-15.0,14.0,2029.0,76,70.0,53.0,408,2222.0,3.0,2246,2225.0,-21.0,0,0,,,,2015-4-4,Delta Air Lines Inc.
Miami,FL,Denver,CO,1415,1410.0,-5.0,16.0,1426.0,260,277.0,251.0,1709,1637.0,10.0,1635,1647.0,12.0,0,0,,,,2015-7-4,American Airlines Inc.
Salt Lake City,UT,Fargo,ND,2009,2050.0,41.0,12.0,2102.0,136,117.0,101.0,866,2343.0,4.0,2325,2347.0,22.0,0,0,0.0,0.0,0.0,2015-7-27,Skywest Airlines Inc.
Denver,CO,Spokane,WA,1200,1202.0,2.0,21.0,1223.0,145,160.0,134.0,836,1337.0,5.0,1325,1342.0,17.0,0,0,17.0,0.0,0.0,2015-11-19,Southwest Airlines Co.
Honolulu,HI,Los Angeles,CA,1510,1518.0,8.0,15.0,1533.0,325,335.0,293.0,2556,2326.0,27.0,2335,2353.0,18.0,0,0,10.0,0.0,0.0,2015-5-17,United Air Lines Inc.
Buffalo,NY,Baltimore,MD,600,607.0,7.0,7.0,614.0,80,79.0,52.0,281,706.0,20.0,720,726.0,6.0,0,0,,,,2015-6-17,Southwest Airlines Co.
Boise,ID,Houston,TX,737,732.0,-5.0,9.0,741.0,208,193.0,179.0,1482,1140.0,5.0,1205,1145.0,-20.0,0,0,,,,2015-4-27,Skywest Airlines Inc.
New York,NY,Chicago,IL,1750,1749.0,-1.0,23.0,1812.0,170,142.0,105.0,733,1857.0,14.0,1940,1911.0,-29.0,0,0,,,,2015-9-16,American Airlines Inc.
Denver,CO,Atlanta,GA,1145,1213.0,28.0,13.0,1226.0,180,159.0,140.0,1199,1646.0,6.0,1645,1652.0,7.0,0,0,,,,2015-7-24,Delta Air Lines Inc.
Charlotte,NC,Baltimore,MD,1450,1449.0,-1.0,25.0,1514.0,90,84.0,53.0,361,1607.0,6.0,1620,1613.0,-7.0,0,0,,,,2015-8-11,American Airlines Inc.
Denver,CO,Billings,MT,1110,1121.0,11.0,9.0,1130.0,89,75.0,62.0,455,1232.0,4.0,1239,1236.0,-3.0,0,0,,,,2015-4-13,United Air Lines Inc.
Nashville,TN,Tampa,FL,1230,1234.0,4.0,8.0,1242.0,100,94.0,82.0,612,1504.0,4.0,1510,1508.0,-2.0,0,0,,,,2015-4-12,Southwest Airlines Co.
Houston,TX,Lexington,KY,1018,1016.0,-2.0,13.0,1029.0,134,124.0,106.0,828,1315.0,5.0,1332,1320.0,-12.0,0,0,,,,2015-12-4,Atlantic Southeast Airlines
Ft. Lauderdale,FL,Chicago,IL,1150,1148.0,-2.0,16.0,1204.0,200,183.0,160.0,1167,1344.0,7.0,1410,1351.0,-19.0,0,0,,,,2015-4-20,Southwest Airlines Co.
Atlanta,GA,Salt Lake City,UT,1710,1708.0,-2.0,14.0,1722.0,245,238.0,217.0,1590,1859.0,7.0,1915,1906.0,-9.0,0,0,,,,2015-5-23,Delta Air Lines Inc.
Santa Ana,CA,Atlanta,GA,830,826.0,-4.0,11.0,837.0,259,243.0,226.0,1919,1523.0,6.0,1549,1529.0,-20.0,0,0,,,,2015-5-23,Delta Air Lines Inc.
Montrose,CO,Denver,CO,604,559.0,-5.0,12.0,611.0,61,59.0,41.0,196,652.0,6.0,705,658.0,-7.0,0,0,,,,2015-8-23,Skywest Airlines Inc.
Los Angeles,CA,Boston,MA,1635,1635.0,0.0,15.0,1650.0,334,299.0,277.0,2611,27.0,7.0,109,34.0,-35.0,0,0,,,,2015-11-1,American Airlines Inc.
Dallas-Fort Worth,TX,Waco,TX,2200,2152.0,-8.0,15.0,2207.0,43,42.0,22.0,89,2229.0,5.0,2243,2234.0,-9.0,0,0,,,,2015-9-30,Atlantic Southeast Airlines
Minneapolis,MN,Aberdeen,SD,2200,2154.0,-6.0,20.0,2214.0,72,74.0,50.0,257,2304.0,4.0,2312,2308.0,-4.0,0,0,,,,2015-6-19,Skywest Airlines Inc.
Boston,MA,Chicago,IL,900,854.0,-6.0,14.0,908.0,174,159.0,131.0,867,1019.0,14.0,1054,1033.0,-21.0,0,0,,,,2015-9-12,American Airlines Inc.
Rapid City,SD,Chicago,IL,1250,1307.0,17.0,18.0,1325.0,135,128.0,96.0,779,1601.0,14.0,1605,1615.0,10.0,0,0,,,,2015-5-21,Atlantic Southeast Airlines
Houston,TX,Shreveport,LA,1744,1747.0,3.0,21.0,1808.0,59,61.0,34.0,192,1842.0,6.0,1843,1848.0,5.0,0,0,,,,2015-9-27,Atlantic Southeast Airlines
Atlanta,GA,Orlando,FL,1955,1952.0,-3.0,13.0,2005.0,89,80.0,60.0,404,2105.0,7.0,2124,2112.0,-12.0,0,0,,,,2015-4-27,Delta Air Lines Inc.
Cleveland,OH,Dallas-Fort Worth,TX,651,,,,,194,,,1021,,,905,,,0,1,,,,2015-2-16,Atlantic Southeast Airlines
Dallas,TX,Oakland,CA,2105,2155.0,50.0,20.0,2215.0,230,230.0,204.0,1468,2339.0,6.0,2255,2345.0,50.0,0,0,0.0,0.0,0.0,2015-11-17,Southwest Airlines Co.
New Orleans,LA,Milwaukee,WI,1600,1609.0,9.0,9.0,1618.0,140,138.0,123.0,903,1821.0,6.0,1820,1827.0,7.0,0,0,,,,2015-3-29,Southwest Airlines Co.
Dallas-Fort Worth,TX,Portland,OR,1705,1658.0,-7.0,23.0,1721.0,244,241.0,215.0,1616,1856.0,3.0,1909,1859.0,-10.0,0,0,,,,2015-8-31,American Airlines Inc.
Atlanta,GA,Arlington,VA,1520,1534.0,14.0,16.0,1550.0,113,95.0,72.0,547,1702.0,7.0,1713,1709.0,-4.0,0,0,,,,2015-3-11,Delta Air Lines Inc.
Grand Forks,ND,Minneapolis,MN,1714,1754.0,40.0,9.0,1803.0,70,65.0,52.0,284,1855.0,4.0,1824,1859.0,35.0,0,0,0.0,0.0,0.0,2015-9-28,Skywest Airlines Inc.
Austin,TX,Houston,TX,1404,1351.0,-13.0,14.0,1405.0,61,60.0,33.0,140,1438.0,13.0,1505,1451.0,-14.0,0,0,,,,2015-6-2,Skywest Airlines Inc.
Wichita,KS,Chicago,IL,1112,1107.0,-5.0,10.0,1117.0,113,125.0,108.0,588,1305.0,7.0,1305,1312.0,7.0,0,0,,,,2015-4-30,Atlantic Southeast Airlines
Ft. Lauderdale,FL,Dallas,TX,1840,2005.0,85.0,15.0,2020.0,190,201.0,159.0,1108,2159.0,27.0,2050,2226.0,96.0,0,0,11.0,0.0,0.0,2015-11-11,Southwest Airlines Co.
Charlotte,NC,Chicago,IL,1145,1144.0,-1.0,15.0,1159.0,134,115.0,87.0,599,1226.0,13.0,1259,1239.0,-20.0,0,0,,,,2015-7-9,American Airlines Inc.
Orlando,FL,Baltimore,MD,725,727.0,2.0,15.0,742.0,130,128.0,106.0,787,928.0,7.0,935,935.0,0.0,0,0,,,,2015-12-11,Southwest Airlines Co.
Rhinelander,WI,Minneapolis,MN,1543,1543.0,0.0,11.0,1554.0,63,53.0,36.0,190,1630.0,6.0,1646,1636.0,-10.0,0,0,,,,2015-4-29,Skywest Airlines Inc.
Grand Rapids,MI,Atlanta,GA,615,603.0,-12.0,18.0,621.0,127,114.0,90.0,640,751.0,6.0,822,757.0,-25.0,0,0,,,,2015-4-28,Delta Air Lines Inc.
Atlanta,GA,Charlotte,NC,1355,1349.0,-6.0,23.0,1412.0,80,73.0,41.0,226,1453.0,9.0,1515,1502.0,-13.0,0,0,,,,2015-8-4,American Airlines Inc.
Denver,CO,Laramie,WY,2000,1954.0,-6.0,22.0,2016.0,53,62.0,26.0,113,2042.0,14.0,2053,2056.0,3.0,0,0,,,,2015-12-16,Skywest Airlines Inc.
Tampa,FL,Miami,FL,735,730.0,-5.0,12.0,742.0,60,59.0,41.0,204,823.0,6.0,835,829.0,-6.0,0,0,,,,2015-1-25,American Airlines Inc.
Dallas-Fort Worth,TX,Orlando,FL,700,655.0,-5.0,14.0,709.0,149,146.0,127.0,985,1016.0,5.0,1029,1021.0,-8.0,0,0,,,,2015-1-9,American Airlines Inc.
Salt Lake City,UT,Medford,OR,1105,1103.0,-2.0,20.0,1123.0,123,123.0,99.0,575,1202.0,4.0,1208,1206.0,-2.0,0,0,,,,2015-12-19,Skywest Airlines Inc.
Denver,CO,Milwaukee,WI,2045,2136.0,51.0,13.0,2149.0,130,117.0,101.0,896,30.0,3.0,2355,33.0,38.0,0,0,0.0,0.0,0.0,2015-8-7,Southwest Airlines Co.
Phoenix,AZ,Las Vegas,NV,940,938.0,-2.0,10.0,948.0,65,55.0,40.0,255,1028.0,5.0,1045,1033.0,-12.0,0,0,,,,2015-5-3,Southwest Airlines Co.
San Antonio,TX,Denver,CO,1405,1420.0,15.0,14.0,1434.0,135,133.0,111.0,794,1525.0,8.0,1520,1533.0,13.0,0,0,,,,2015-7-2,Southwest Airlines Co.
Austin,TX,Dallas-Fort Worth,TX,846,837.0,-9.0,8.0,845.0,69,73.0,36.0,190,921.0,29.0,955,950.0,-5.0,0,0,,,,2015-12-14,American Airlines Inc.
Houston,TX,Dallas-Fort Worth,TX,2115,2251.0,96.0,12.0,2303.0,68,58.0,40.0,224,2343.0,6.0,2223,2349.0,86.0,0,0,0.0,0.0,0.0,2015-11-24,United Air Lines Inc.
Houston,TX,Miami,FL,500,504.0,4.0,12.0,516.0,151,144.0,129.0,964,825.0,3.0,831,828.0,-3.0,0,0,,,,2015-7-2,American Airlines Inc.
Milwaukee,WI,Chicago,IL,650,636.0,-14.0,14.0,650.0,68,45.0,24.0,67,714.0,7.0,758,721.0,-37.0,0,0,,,,2015-12-7,Skywest Airlines Inc.
Nashville,TN,Phoenix,AZ,1600,1602.0,2.0,10.0,1612.0,235,216.0,198.0,1449,1830.0,8.0,1855,1838.0,-17.0,0,0,,,,2015-1-26,Southwest Airlines Co.
Atlanta,GA,Philadelphia,PA,1245,1238.0,-7.0,19.0,1257.0,126,117.0,94.0,666,1431.0,4.0,1451,1435.0,-16.0,0,0,,,,2015-7-22,American Airlines Inc.
Milwaukee,WI,Newark,NJ,2019,2217.0,118.0,15.0,2232.0,130,136.0,106.0,725,118.0,15.0,2329,133.0,124.0,0,0,6.0,0.0,0.0,2015-6-1,Atlantic Southeast Airlines
Raleigh,NC,Baltimore,MD,1420,1442.0,22.0,11.0,1453.0,60,58.0,43.0,255,1536.0,4.0,1520,1540.0,20.0,0,0,0.0,0.0,0.0,2015-12-10,Southwest Airlines Co.
Chicago,IL,Baltimore,MD,618,620.0,2.0,14.0,634.0,120,125.0,105.0,622,919.0,6.0,918,925.0,7.0,0,0,,,,2015-9-4,United Air Lines Inc.
Daytona Beach,FL,Atlanta,GA,1131,1126.0,-5.0,12.0,1138.0,88,81.0,59.0,366,1237.0,10.0,1259,1247.0,-12.0,0,0,,,,2015-1-2,Delta Air Lines Inc.
Oakland,CA,Boise,ID,855,921.0,26.0,8.0,929.0,90,86.0,75.0,511,1144.0,3.0,1125,1147.0,22.0,0,0,0.0,0.0,0.0,2015-1-2,Southwest Airlines Co.
Phoenix,AZ,Minneapolis,MN,1000,958.0,-2.0,28.0,1026.0,193,165.0,135.0,1276,1341.0,2.0,1413,1343.0,-30.0,0,0,,,,2015-11-4,Delta Air Lines Inc.
Idaho Falls,ID,Salt Lake City,UT,1824,1815.0,-9.0,24.0,1839.0,59,86.0,57.0,188,1936.0,5.0,1923,1941.0,18.0,0,0,18.0,0.0,0.0,2015-11-16,Skywest Airlines Inc.
San Diego,CA,Chicago,IL,1025,1021.0,-4.0,22.0,1043.0,249,290.0,207.0,1723,1610.0,61.0,1634,1711.0,37.0,0,0,37.0,0.0,0.0,2015-8-2,American Airlines Inc.
Dallas-Fort Worth,TX,Detroit,MI,1240,1303.0,23.0,14.0,1317.0,166,151.0,128.0,986,1625.0,9.0,1626,1634.0,8.0,0,0,,,,2015-8-29,American Airlines Inc.
Santa Ana,CA,San Francisco,CA,2115,2108.0,-7.0,7.0,2115.0,80,73.0,60.0,372,2215.0,6.0,2235,2221.0,-14.0,0,0,,,,2015-11-28,Southwest Airlines Co.
Chicago,IL,Atlanta,GA,2055,2051.0,-4.0,15.0,2106.0,124,108.0,87.0,606,2333.0,6.0,2359,2339.0,-20.0,0,0,,,,2015-4-20,Skywest Airlines Inc.
Chicago,IL,Milwaukee,WI,1757,1752.0,-5.0,16.0,1808.0,49,44.0,22.0,67,1830.0,6.0,1846,1836.0,-10.0,0,0,,,,2015-11-26,Skywest Airlines Inc.
San Diego,CA,San Francisco,CA,800,811.0,11.0,10.0,821.0,100,82.0,68.0,447,929.0,4.0,940,933.0,-7.0,0,0,,,,2015-2-10,Southwest Airlines Co.
Norfolk,VA,Atlanta,GA,525,523.0,-2.0,9.0,532.0,102,95.0,78.0,516,650.0,8.0,707,658.0,-9.0,0,0,,,,2015-5-18,Delta Air Lines Inc.
Los Angeles,CA,Phoenix,AZ,1430,1424.0,-6.0,20.0,1444.0,86,81.0,55.0,370,1639.0,6.0,1656,1645.0,-11.0,0,0,,,,2015-11-14,Skywest Airlines Inc.
Houston,TX,Lubbock,TX,2115,2113.0,-2.0,20.0,2133.0,99,97.0,72.0,458,2245.0,5.0,2254,2250.0,-4.0,0,0,,,,2015-12-15,Atlantic Southeast Airlines
Burbank,CA,San Jose,CA,1625,1623.0,-2.0,8.0,1631.0,65,58.0,46.0,296,1717.0,4.0,1730,1721.0,-9.0,0,0,,,,2015-1-27,Southwest Airlines Co.
Dallas,TX,St Louis,MO,1340,1353.0,13.0,11.0,1404.0,95,92.0,76.0,546,1520.0,5.0,1515,1525.0,10.0,0,0,,,,2015-5-19,Southwest Airlines Co.
Austin,TX,Las Vegas,NV,1950,2038.0,48.0,9.0,2047.0,180,168.0,154.0,1090,2121.0,5.0,2050,2126.0,36.0,0,0,0.0,0.0,0.0,2015-4-9,Southwest Airlines Co.
Chicago,IL,Ft. Lauderdale,FL,1945,2021.0,36.0,8.0,2029.0,175,165.0,152.0,1167,1.0,5.0,2340,6.0,26.0,0,0,0.0,0.0,0.0,2015-7-15,Southwest Airlines Co.
Milwaukee,WI,New York,NY,1120,1118.0,-2.0,8.0,1126.0,130,119.0,95.0,738,1401.0,16.0,1430,1417.0,-13.0,0,0,,,,2015-11-23,Southwest Airlines Co.
Kansas City,MO,Oakland,CA,1110,1157.0,47.0,9.0,1206.0,220,215.0,201.0,1489,1327.0,5.0,1250,1332.0,42.0,0,0,0.0,0.0,0.0,2015-7-13,Southwest Airlines Co.
Atlanta,GA,Los Angeles,CA,2046,2047.0,1.0,26.0,2113.0,289,300.0,248.0,1947,2221.0,26.0,2235,2247.0,12.0,0,0,,,,2015-8-3,Delta Air Lines Inc.
Los Angeles,CA,Phoenix,AZ,2140,2137.0,-3.0,11.0,2148.0,75,72.0,54.0,370,2242.0,7.0,2255,2249.0,-6.0,0,0,,,,2015-8-31,Southwest Airlines Co.
Dallas,TX,Arlington,VA,2005,2002.0,-3.0,8.0,2010.0,170,157.0,144.0,1184,2334.0,5.0,2355,2339.0,-16.0,0,0,,,,2015-9-14,Southwest Airlines Co.
Baltimore,MD,Detroit,MI,1727,1827.0,60.0,21.0,1848.0,95,162.0,131.0,409,2059.0,10.0,1902,2109.0,127.0,0,0,67.0,0.0,0.0,2015-7-14,Delta Air Lines Inc.
Chicago,IL,Sarasota,FL,730,723.0,-7.0,19.0,742.0,165,165.0,143.0,1050,1105.0,3.0,1115,1108.0,-7.0,0,0,,,,2015-3-10,United Air Lines Inc.
San Diego,CA,Dallas-Fort Worth,TX,910,909.0,-1.0,19.0,928.0,187,185.0,156.0,1171,1404.0,10.0,1417,1414.0,-3.0,0,0,,,,2015-8-14,American Airlines Inc.
San Diego,CA,San Jose,CA,1645,1645.0,0.0,10.0,1655.0,80,93.0,64.0,417,1759.0,19.0,1805,1818.0,13.0,0,0,,,,2015-12-2,Southwest Airlines Co.
Atlanta,GA,Fort Wayne,IN,1727,1725.0,-2.0,27.0,1752.0,98,113.0,75.0,508,1907.0,11.0,1905,1918.0,13.0,0,0,,,,2015-11-5,Atlantic Southeast Airlines
Tampa,FL,Chantilly,VA,1849,1836.0,-13.0,7.0,1843.0,136,115.0,105.0,811,2028.0,3.0,2105,2031.0,-34.0,0,0,,,,2015-1-1,United Air Lines Inc.
Atlanta,GA,Miami,FL,700,702.0,2.0,18.0,720.0,112,111.0,82.0,594,842.0,11.0,852,853.0,1.0,0,0,,,,2015-2-7,American Airlines Inc.
Denver,CO,Tulsa,OK,1015,1013.0,-2.0,22.0,1035.0,90,93.0,67.0,541,1242.0,4.0,1245,1246.0,1.0,0,0,,,,2015-9-8,Southwest Airlines Co.
San Antonio,TX,Minneapolis,MN,1805,1800.0,-5.0,16.0,1816.0,168,167.0,143.0,1097,2039.0,8.0,2053,2047.0,-6.0,0,0,,,,2015-5-7,Delta Air Lines Inc.
Denver,CO,Austin,TX,735,732.0,-3.0,10.0,742.0,120,123.0,107.0,775,1029.0,6.0,1035,1035.0,0.0,0,0,,,,2015-7-10,Southwest Airlines Co.
Newark,NJ,Orlando,FL,600,558.0,-2.0,16.0,614.0,170,159.0,136.0,937,830.0,7.0,850,837.0,-13.0,0,0,,,,2015-11-20,United Air Lines Inc.
Ft. Myers,FL,Dallas-Fort Worth,TX,1335,1334.0,-1.0,19.0,1353.0,182,185.0,162.0,1017,1535.0,4.0,1537,1539.0,2.0,0,0,,,,2015-2-18,American Airlines Inc.
Chicago,IL,Cleveland,OH,600,608.0,8.0,16.0,624.0,80,71.0,51.0,315,815.0,4.0,820,819.0,-1.0,0,0,,,,2015-3-24,United Air Lines Inc.
Denver,CO,Philadelphia,PA,45,105.0,20.0,16.0,121.0,208,202.0,180.0,1558,621.0,6.0,613,627.0,14.0,0,0,,,,2015-8-5,American Airlines Inc.
West Palm Beach,FL,Houston,TX,1720,1725.0,5.0,8.0,1733.0,161,136.0,123.0,956,1836.0,5.0,1901,1841.0,-20.0,0,0,,,,2015-6-21,United Air Lines Inc.
College Station,TX,Houston,TX,1415,1405.0,-10.0,12.0,1417.0,40,49.0,22.0,74,1439.0,15.0,1455,1454.0,-1.0,0,0,,,,2015-7-31,Atlantic Southeast Airlines
Honolulu,HI,Dallas-Fort Worth,TX,1930,1920.0,-10.0,22.0,1942.0,444,467.0,434.0,3784,656.0,11.0,654,707.0,13.0,0,0,,,,2015-2-25,American Airlines Inc.
Los Angeles,CA,San Francisco,CA,843,851.0,8.0,24.0,915.0,87,87.0,55.0,337,1010.0,8.0,1010,1018.0,8.0,0,0,,,,2015-6-15,United Air Lines Inc.
Denver,CO,Dallas-Fort Worth,TX,630,634.0,4.0,13.0,647.0,116,112.0,88.0,641,915.0,11.0,926,926.0,0.0,0,0,,,,2015-5-14,American Airlines Inc.
Akron,OH,Chicago,IL,1653,1700.0,7.0,10.0,1710.0,87,83.0,65.0,343,1715.0,8.0,1720,1723.0,3.0,0,0,,,,2015-11-12,Atlantic Southeast Airlines
Las Vegas,NV,Phoenix,AZ,1540,1625.0,45.0,11.0,1636.0,65,65.0,48.0,255,1724.0,6.0,1645,1730.0,45.0,0,0,0.0,0.0,0.0,2015-5-15,Southwest Airlines Co.
Houston,TX,Louisville,KY,1540,1538.0,-2.0,18.0,1556.0,135,141.0,115.0,788,1851.0,8.0,1855,1859.0,4.0,0,0,,,,2015-4-13,Atlantic Southeast Airlines
Denver,CO,Colorado Springs,CO,1657,1718.0,21.0,8.0,1726.0,43,27.0,14.0,73,1740.0,5.0,1740,1745.0,5.0,0,0,,,,2015-2-2,Skywest Airlines Inc.
Chicago,IL,Saginaw,MI,1032,1022.0,-10.0,20.0,1042.0,67,63.0,39.0,222,1221.0,4.0,1239,1225.0,-14.0,0,0,,,,2015-4-26,Skywest Airlines Inc.
Phoenix,AZ,Flagstaff,AZ,948,1043.0,55.0,16.0,1059.0,52,46.0,25.0,119,1124.0,5.0,1040,1129.0,49.0,0,0,0.0,0.0,0.0,2015-1-2,Skywest Airlines Inc.
San Francisco,CA,Seattle,WA,700,709.0,9.0,28.0,737.0,131,133.0,97.0,679,914.0,8.0,911,922.0,11.0,0,0,,,,2015-1-14,United Air Lines Inc.
Albuquerque,NM,Houston,TX,645,643.0,-2.0,8.0,651.0,120,115.0,100.0,759,931.0,7.0,945,938.0,-7.0,0,0,,,,2015-8-23,Southwest Airlines Co.
Wichita,KS,Las Vegas,NV,1215,1213.0,-2.0,19.0,1232.0,170,161.0,135.0,986,1247.0,7.0,1305,1254.0,-11.0,0,0,,,,2015-2-25,Southwest Airlines Co.
Las Vegas,NV,Houston,TX,30,24.0,-6.0,12.0,36.0,172,179.0,160.0,1222,516.0,7.0,522,523.0,1.0,0,0,,,,2015-5-24,United Air Lines Inc.
Los Angeles,CA,San Francisco,CA,1815,2026.0,131.0,14.0,2040.0,83,70.0,54.0,337,2134.0,2.0,1938,2136.0,118.0,0,0,71.0,0.0,0.0,2015-12-7,American Airlines Inc.
Oklahoma City,OK,Dallas-Fort Worth,TX,913,931.0,18.0,14.0,945.0,57,58.0,39.0,175,1024.0,5.0,1010,1029.0,19.0,0,0,1.0,0.0,0.0,2015-3-1,Atlantic Southeast Airlines
Chicago,IL,Houston,TX,1550,1618.0,28.0,21.0,1639.0,162,182.0,154.0,925,1913.0,7.0,1832,1920.0,48.0,0,0,20.0,0.0,0.0,2015-6-16,United Air Lines Inc.
Windsor Locks,CT,Baltimore,MD,1330,1330.0,0.0,11.0,1341.0,70,66.0,51.0,283,1432.0,4.0,1440,1436.0,-4.0,0,0,,,,2015-6-22,Southwest Airlines Co.
Denver,CO,Las Vegas,NV,1555,1552.0,-3.0,11.0,1603.0,117,108.0,90.0,628,1633.0,7.0,1652,1640.0,-12.0,0,0,,,,2015-1-12,United Air Lines Inc.
New York,NY,Cleveland,OH,1300,1253.0,-7.0,20.0,1313.0,108,98.0,73.0,419,1426.0,5.0,1448,1431.0,-17.0,0,0,,,,2015-11-30,Atlantic Southeast Airlines
South Bend,IN,Atlanta,GA,600,557.0,-3.0,17.0,614.0,110,109.0,85.0,566,739.0,7.0,750,746.0,-4.0,0,0,,,,2015-5-31,Skywest Airlines Inc.
Charlottesville,VA,Chicago,IL,840,835.0,-5.0,10.0,845.0,130,129.0,104.0,567,929.0,15.0,950,944.0,-6.0,0,0,,,,2015-1-10,Skywest Airlines Inc.
Houston,TX,Kansas City,MO,1440,1440.0,0.0,23.0,1503.0,126,140.0,96.0,643,1639.0,21.0,1646,1700.0,14.0,0,0,,,,2015-6-23,Atlantic Southeast Airlines
Asheville,NC,Atlanta,GA,1224,1218.0,-6.0,10.0,1228.0,70,49.0,33.0,164,1301.0,6.0,1334,1307.0,-27.0,0,0,,,,2015-5-9,Delta Air Lines Inc.
San Francisco,CA,Los Angeles,CA,1232,1240.0,8.0,22.0,1302.0,93,81.0,56.0,337,1358.0,3.0,1405,1401.0,-4.0,0,0,,,,2015-4-5,United Air Lines Inc.
Los Angeles,CA,San Antonio,TX,1530,1526.0,-4.0,16.0,1542.0,169,155.0,136.0,1211,1958.0,3.0,2019,2001.0,-18.0,0,0,,,,2015-2-21,Skywest Airlines Inc.
Denver,CO,San Diego,CA,2225,2227.0,2.0,8.0,2235.0,140,131.0,120.0,853,2335.0,3.0,2345,2338.0,-7.0,0,0,,,,2015-5-11,Southwest Airlines Co.
Denver,CO,San Diego,CA,1109,1133.0,24.0,14.0,1147.0,139,140.0,125.0,853,1252.0,1.0,1228,1253.0,25.0,0,0,1.0,0.0,0.0,2015-6-10,United Air Lines Inc.
Salt Lake City,UT,Indianapolis,IN,1705,1702.0,-3.0,8.0,1710.0,192,181.0,170.0,1355,2200.0,3.0,2217,2203.0,-14.0,0,0,,,,2015-8-29,Delta Air Lines Inc.
Kansas City,MO,Dallas,TX,805,756.0,-9.0,11.0,807.0,95,94.0,79.0,460,926.0,4.0,940,930.0,-10.0,0,0,,,,2015-1-1,Southwest Airlines Co.
Charlotte,NC,Chicago,IL,1026,1037.0,11.0,11.0,1048.0,123,99.0,84.0,599,1112.0,4.0,1129,1116.0,-13.0,0,0,,,,2015-9-10,United Air Lines Inc.
Cleveland,OH,Las Vegas,NV,650,644.0,-6.0,11.0,655.0,277,244.0,228.0,1824,743.0,5.0,827,748.0,-39.0,0,0,,,,2015-6-28,United Air Lines Inc.
Nashville,TN,Raleigh,NC,2055,,,,,80,,,442,,,2315,,,0,1,,,,2015-3-4,Southwest Airlines Co.
Dallas,TX,Las Vegas,NV,820,819.0,-1.0,12.0,831.0,170,158.0,141.0,1067,852.0,5.0,910,857.0,-13.0,0,0,,,,2015-9-6,Southwest Airlines Co.
Asheville,NC,Atlanta,GA,1628,1635.0,7.0,16.0,1651.0,59,54.0,31.0,164,1722.0,7.0,1727,1729.0,2.0,0,0,,,,2015-6-29,Atlantic Southeast Airlines
Las Vegas,NV,Salt Lake City,UT,1047,1100.0,13.0,18.0,1118.0,74,71.0,48.0,368,1306.0,5.0,1301,1311.0,10.0,0,0,,,,2015-5-7,Delta Air Lines Inc.
Sacramento,CA,Santa Ana,CA,1400,1401.0,1.0,11.0,1412.0,85,80.0,65.0,404,1517.0,4.0,1525,1521.0,-4.0,0,0,,,,2015-9-10,Southwest Airlines Co.
Denver,CO,Salt Lake City,UT,1610,1609.0,-1.0,12.0,1621.0,85,79.0,61.0,391,1722.0,6.0,1735,1728.0,-7.0,0,0,,,,2015-12-2,Southwest Airlines Co.
Newark,NJ,Omaha,NE,1400,1420.0,20.0,29.0,1449.0,197,,,1134,2008.0,4.0,1617,2012.0,,1,0,,,,2015-7-2,Atlantic Southeast Airlines
Minneapolis,MN,Dickinson,ND,1001,957.0,-4.0,15.0,1012.0,109,102.0,81.0,481,1033.0,6.0,1050,1039.0,-11.0,0,0,,,,2015-4-15,Skywest Airlines Inc.
Chicago,IL,Denver,CO,1930,2143.0,133.0,11.0,2154.0,167,139.0,123.0,888,2257.0,5.0,2117,2302.0,105.0,0,0,0.0,0.0,0.0,2015-7-15,United Air Lines Inc.
Arlington,VA,New Orleans,LA,1555,1549.0,-6.0,17.0,1606.0,180,169.0,149.0,969,1735.0,3.0,1755,1738.0,-17.0,0,0,,,,2015-11-1,Southwest Airlines Co.
Orlando,FL,Dallas-Fort Worth,TX,1602,1556.0,-6.0,11.0,1607.0,168,177.0,129.0,985,1716.0,37.0,1750,1753.0,3.0,0,0,,,,2015-7-10,American Airlines Inc.
Tampa,FL,Indianapolis,IN,910,903.0,-7.0,12.0,915.0,135,132.0,113.0,837,1108.0,7.0,1125,1115.0,-10.0,0,0,,,,2015-7-21,Southwest Airlines Co.
Baltimore,MD,Columbus,OH,2010,2029.0,19.0,12.0,2041.0,80,78.0,59.0,337,2140.0,7.0,2130,2147.0,17.0,0,0,0.0,0.0,0.0,2015-7-26,Southwest Airlines Co.
Sacramento,CA,Denver,CO,1756,1751.0,-5.0,8.0,1759.0,142,132.0,116.0,909,2055.0,8.0,2118,2103.0,-15.0,0,0,,,,2015-4-22,United Air Lines Inc.
Houston,TX,Birmingham,AL,907,901.0,-6.0,9.0,910.0,105,97.0,79.0,562,1029.0,9.0,1052,1038.0,-14.0,0,0,,,,2015-11-6,Atlantic Southeast Airlines
Salt Lake City,UT,Colorado Springs,CO,1400,1356.0,-4.0,24.0,1420.0,102,103.0,70.0,411,1530.0,9.0,1542,1539.0,-3.0,0,0,,,,2015-7-27,Skywest Airlines Inc.
Atlanta,GA,South Bend,IN,1755,1801.0,6.0,19.0,1820.0,111,102.0,78.0,566,1938.0,5.0,1946,1943.0,-3.0,0,0,,,,2015-12-27,Skywest Airlines Inc.
Las Vegas,NV,Salt Lake City,UT,1346,1409.0,23.0,11.0,1420.0,78,66.0,50.0,368,1610.0,5.0,1604,1615.0,11.0,0,0,,,,2015-6-3,Delta Air Lines Inc.
Phoenix,AZ,Portland,OR,2110,2112.0,2.0,11.0,2123.0,165,145.0,131.0,1009,2334.0,3.0,2355,2337.0,-18.0,0,0,,,,2015-5-7,Southwest Airlines Co.
Houston,TX,Boston,MA,1251,1255.0,4.0,20.0,1315.0,239,221.0,195.0,1597,1730.0,6.0,1750,1736.0,-14.0,0,0,,,,2015-6-21,United Air Lines Inc.
Atlanta,GA,Tallahassee,FL,1615,1614.0,-1.0,17.0,1631.0,63,59.0,39.0,223,1710.0,3.0,1718,1713.0,-5.0,0,0,,,,2015-11-16,Delta Air Lines Inc.
Atlanta,GA,Detroit,MI,1045,1044.0,-1.0,29.0,1113.0,120,119.0,85.0,594,1238.0,5.0,1245,1243.0,-2.0,0,0,,,,2015-3-20,Delta Air Lines Inc.
San Jose,CA,Los Angeles,CA,1945,,,,,93,,,308,,,2118,,,0,1,,,,2015-7-18,Skywest Airlines Inc.
Houston,TX,Panama City,FL,1110,1110.0,0.0,9.0,1119.0,95,101.0,89.0,571,1248.0,3.0,1245,1251.0,6.0,0,0,,,,2015-8-8,Southwest Airlines Co.
Dallas,TX,Atlanta,GA,1548,1543.0,-5.0,14.0,1557.0,117,117.0,95.0,721,1832.0,8.0,1845,1840.0,-5.0,0,0,,,,2015-1-4,Atlantic Southeast Airlines
Melbourne,FL,Atlanta,GA,600,559.0,-1.0,10.0,609.0,92,87.0,66.0,442,715.0,11.0,732,726.0,-6.0,0,0,,,,2015-8-6,Delta Air Lines Inc.
Dallas-Fort Worth,TX,El Paso,TX,1020,,,,,105,,,551,,,1105,,,0,1,,,,2015-7-15,American Airlines Inc.
New York,NY,Los Angeles,CA,1845,1842.0,-3.0,16.0,1858.0,386,383.0,349.0,2475,2147.0,18.0,2211,2205.0,-6.0,0,0,,,,2015-1-29,American Airlines Inc.
Charleston,SC,Atlanta,GA,1410,1408.0,-2.0,11.0,1419.0,84,70.0,52.0,259,1511.0,7.0,1534,1518.0,-16.0,0,0,,,,2015-9-5,Delta Air Lines Inc.
Denver,CO,Columbus,OH,1020,1017.0,-3.0,13.0,1030.0,165,155.0,137.0,1154,1447.0,5.0,1505,1452.0,-13.0,0,0,,,,2015-3-16,Southwest Airlines Co.
Chicago,IL,Atlanta,GA,1535,1536.0,1.0,11.0,1547.0,123,96.0,79.0,606,1806.0,6.0,1838,1812.0,-26.0,0,0,,,,2015-6-6,Delta Air Lines Inc.
Atlanta,GA,Houston,TX,1620,1623.0,3.0,14.0,1637.0,136,116.0,97.0,696,1714.0,5.0,1736,1719.0,-17.0,0,0,,,,2015-7-6,Delta Air Lines Inc.
Newark,NJ,San Diego,CA,902,855.0,-7.0,18.0,913.0,358,334.0,313.0,2425,1126.0,3.0,1200,1129.0,-31.0,0,0,,,,2015-5-17,United Air Lines Inc.
Minneapolis,MN,San Diego,CA,925,918.0,-7.0,21.0,939.0,220,227.0,202.0,1532,1101.0,4.0,1105,1105.0,0.0,0,0,,,,2015-8-8,Delta Air Lines Inc.
Charlotte,NC,Ft. Lauderdale,FL,950,944.0,-6.0,34.0,1018.0,125,124.0,87.0,632,1145.0,3.0,1155,1148.0,-7.0,0,0,,,,2015-7-3,American Airlines Inc.
St George,UT,Denver,CO,1321,1352.0,31.0,18.0,1410.0,98,99.0,74.0,517,1524.0,7.0,1459,1531.0,32.0,0,0,1.0,0.0,0.0,2015-2-26,Skywest Airlines Inc.
Nashville,TN,Houston,TX,1818,1855.0,37.0,12.0,1907.0,133,99.0,82.0,657,2029.0,5.0,2031,2034.0,3.0,0,0,,,,2015-9-7,United Air Lines Inc.
Phoenix,AZ,Ontario,CA,1945,1941.0,-4.0,11.0,1952.0,70,66.0,50.0,325,2042.0,5.0,2055,2047.0,-8.0,0,0,,,,2015-9-4,American Airlines Inc.
Las Vegas,NV,Tampa,FL,1400,1403.0,3.0,12.0,1415.0,265,252.0,235.0,1984,2110.0,5.0,2125,2115.0,-10.0,0,0,,,,2015-9-2,Southwest Airlines Co.
Boston,MA,Chicago,IL,800,800.0,0.0,23.0,823.0,165,152.0,119.0,867,922.0,10.0,945,932.0,-13.0,0,0,,,,2015-6-3,United Air Lines Inc.
Kansas City,MO,Portland,OR,1610,1623.0,13.0,12.0,1635.0,230,217.0,201.0,1482,1756.0,4.0,1800,1800.0,0.0,0,0,,,,2015-4-21,Southwest Airlines Co.
Phoenix,AZ,Dallas,TX,1810,1817.0,7.0,8.0,1825.0,135,129.0,114.0,879,2219.0,7.0,2225,2226.0,1.0,0,0,,,,2015-7-10,Southwest Airlines Co.
Atlanta,GA,New York,NY,745,745.0,0.0,17.0,802.0,129,118.0,94.0,762,936.0,7.0,954,943.0,-11.0,0,0,,,,2015-1-14,Delta Air Lines Inc.
Las Vegas,NV,Salt Lake City,UT,1855,1859.0,4.0,10.0,1909.0,75,70.0,56.0,368,2105.0,4.0,2110,2109.0,-1.0,0,0,,,,2015-5-8,Southwest Airlines Co.
Orlando,FL,Buffalo,NY,2210,2205.0,-5.0,12.0,2217.0,155,143.0,126.0,1011,23.0,5.0,45,28.0,-17.0,0,0,,,,2015-3-30,Southwest Airlines Co.
New York,NY,Los Angeles,CA,1100,1054.0,-6.0,17.0,1111.0,367,342.0,314.0,2475,1325.0,11.0,1407,1336.0,-31.0,0,0,,,,2015-8-28,American Airlines Inc.
Chicago,IL,Dallas-Fort Worth,TX,2215,15.0,120.0,13.0,28.0,152,138.0,118.0,802,226.0,7.0,47,233.0,106.0,0,0,0.0,0.0,0.0,2015-8-10,American Airlines Inc.
Baltimore,MD,Ft. Lauderdale,FL,650,709.0,19.0,14.0,723.0,155,146.0,129.0,925,932.0,3.0,925,935.0,10.0,0,0,,,,2015-5-4,Southwest Airlines Co.
Dallas-Fort Worth,TX,Knoxville,TN,1015,1027.0,12.0,31.0,1058.0,124,128.0,93.0,772,1331.0,4.0,1319,1335.0,16.0,0,0,4.0,0.0,0.0,2015-4-5,Atlantic Southeast Airlines
Charlotte,NC,Detroit,MI,2215,2215.0,0.0,27.0,2242.0,104,108.0,72.0,500,2354.0,9.0,2359,3.0,4.0,0,0,,,,2015-11-17,American Airlines Inc.
Indianapolis,IN,Detroit,MI,1730,1727.0,-3.0,8.0,1735.0,72,58.0,39.0,231,1814.0,11.0,1842,1825.0,-17.0,0,0,,,,2015-1-30,Delta Air Lines Inc.
Windsor Locks,CT,Dallas-Fort Worth,TX,700,700.0,0.0,13.0,713.0,228,227.0,201.0,1471,934.0,13.0,948,947.0,-1.0,0,0,,,,2015-7-20,American Airlines Inc.
Reno,NV,Denver,CO,600,557.0,-3.0,11.0,608.0,136,126.0,109.0,804,857.0,6.0,916,903.0,-13.0,0,0,,,,2015-2-15,United Air Lines Inc.
Minneapolis,MN,Salt Lake City,UT,858,848.0,-10.0,23.0,911.0,161,169.0,142.0,991,1033.0,4.0,1039,1037.0,-2.0,0,0,,,,2015-8-8,Delta Air Lines Inc.
Detroit,MI,Charlotte,NC,1925,1922.0,-3.0,13.0,1935.0,104,111.0,86.0,500,2101.0,12.0,2109,2113.0,4.0,0,0,,,,2015-9-21,American Airlines Inc.
Atlanta,GA,Melbourne,FL,1540,1537.0,-3.0,12.0,1549.0,96,82.0,66.0,442,1655.0,4.0,1716,1659.0,-17.0,0,0,,,,2015-5-5,Delta Air Lines Inc.
Dallas-Fort Worth,TX,Lubbock,TX,1840,1837.0,-3.0,18.0,1855.0,73,65.0,44.0,282,1939.0,3.0,1953,1942.0,-11.0,0,0,,,,2015-11-3,American Airlines Inc.
Newark,NJ,Chicago,IL,1635,1639.0,4.0,20.0,1659.0,140,140.0,115.0,711,1754.0,5.0,1755,1759.0,4.0,0,0,,,,2015-4-3,Southwest Airlines Co.
Seattle,WA,Chicago,IL,1420,1417.0,-3.0,15.0,1432.0,240,241.0,220.0,1733,2012.0,6.0,2020,2018.0,-2.0,0,0,,,,2015-4-20,Southwest Airlines Co.
San Diego,CA,Phoenix,AZ,1240,1239.0,-1.0,9.0,1248.0,70,62.0,48.0,304,1336.0,5.0,1350,1341.0,-9.0,0,0,,,,2015-4-10,Southwest Airlines Co.
Atlanta,GA,Orlando,FL,1630,1626.0,-4.0,15.0,1641.0,95,85.0,63.0,404,1744.0,7.0,1805,1751.0,-14.0,0,0,,,,2015-5-24,Southwest Airlines Co.
San Antonio,TX,San Francisco,CA,1626,1625.0,-1.0,14.0,1639.0,251,233.0,210.0,1482,1809.0,9.0,1837,1818.0,-19.0,0,0,,,,2015-3-26,Skywest Airlines Inc.
Seattle,WA,Detroit,MI,933,933.0,0.0,12.0,945.0,252,238.0,219.0,1927,1624.0,7.0,1645,1631.0,-14.0,0,0,,,,2015-6-14,Delta Air Lines Inc.
New York,NY,Chicago,IL,1415,1413.0,-2.0,24.0,1437.0,161,157.0,117.0,733,1534.0,16.0,1556,1550.0,-6.0,0,0,,,,2015-8-3,American Airlines Inc.
Chicago,IL,Phoenix,AZ,810,805.0,-5.0,21.0,826.0,232,235.0,209.0,1440,1055.0,5.0,1102,1100.0,-2.0,0,0,,,,2015-1-21,American Airlines Inc.
Philadelphia,PA,Las Vegas,NV,1120,1112.0,-8.0,11.0,1123.0,312,318.0,301.0,2176,1324.0,6.0,1332,1330.0,-2.0,0,0,,,,2015-7-21,American Airlines Inc.
Duluth,MN,Minneapolis,MN,1429,1420.0,-9.0,33.0,1453.0,61,70.0,32.0,144,1525.0,5.0,1530,1530.0,0.0,0,0,,,,2015-4-29,Skywest Airlines Inc.
Albany,NY,Baltimore,MD,1535,1609.0,34.0,7.0,1616.0,80,70.0,59.0,289,1715.0,4.0,1655,1719.0,24.0,0,0,0.0,0.0,0.0,2015-3-22,Southwest Airlines Co.
Chicago,IL,Los Angeles,CA,1935,2000.0,25.0,19.0,2019.0,275,243.0,214.0,1750,2153.0,10.0,2210,2203.0,-7.0,0,0,,,,2015-3-27,Southwest Airlines Co.
New York,NY,Atlanta,GA,1155,1153.0,-2.0,21.0,1214.0,165,132.0,102.0,762,1356.0,9.0,1440,1405.0,-35.0,0,0,,,,2015-1-28,Southwest Airlines Co.
Las Vegas,NV,Los Angeles,CA,1615,1604.0,-11.0,20.0,1624.0,75,71.0,44.0,236,1708.0,7.0,1730,1715.0,-15.0,0,0,,,,2015-8-30,Skywest Airlines Inc.
Las Vegas,NV,San Jose,CA,2135,2257.0,82.0,11.0,2308.0,80,67.0,53.0,386,1.0,3.0,2255,4.0,69.0,0,0,0.0,0.0,0.0,2015-6-30,Southwest Airlines Co.
New York,NY,Las Vegas,NV,1507,1514.0,7.0,56.0,1610.0,353,357.0,293.0,2248,1803.0,8.0,1800,1811.0,11.0,0,0,,,,2015-7-7,Delta Air Lines Inc.
Atlanta,GA,Pensacola,FL,1950,1942.0,-8.0,13.0,1955.0,77,58.0,41.0,271,1936.0,4.0,2007,1940.0,-27.0,0,0,,,,2015-1-28,Delta Air Lines Inc.
Salt Lake City,UT,Chicago,IL,805,812.0,7.0,50.0,902.0,190,199.0,144.0,1259,1226.0,5.0,1215,1231.0,16.0,0,0,9.0,0.0,0.0,2015-12-25,Southwest Airlines Co.
Salt Lake City,UT,Seattle,WA,835,849.0,14.0,17.0,906.0,118,122.0,100.0,689,946.0,5.0,933,951.0,18.0,0,0,4.0,0.0,0.0,2015-8-3,Delta Air Lines Inc.
Atlanta,GA,Boston,MA,1115,1111.0,-4.0,20.0,1131.0,160,152.0,120.0,946,1331.0,12.0,1355,1343.0,-12.0,0,0,,,,2015-6-14,Delta Air Lines Inc.
Nashville,TN,Minneapolis,MN,800,758.0,-2.0,18.0,816.0,134,124.0,103.0,695,959.0,3.0,1014,1002.0,-12.0,0,0,,,,2015-7-27,Skywest Airlines Inc.
Baltimore,MD,Windsor Locks,CT,2205,2228.0,23.0,16.0,2244.0,70,73.0,51.0,283,2335.0,6.0,2315,2341.0,26.0,0,0,3.0,0.0,0.0,2015-2-10,Southwest Airlines Co.
Atlanta,GA,Detroit,MI,1045,1041.0,-4.0,11.0,1052.0,120,117.0,93.0,594,1225.0,13.0,1245,1238.0,-7.0,0,0,,,,2015-3-29,Delta Air Lines Inc.
Atlanta,GA,Knoxville,TN,815,926.0,71.0,10.0,936.0,49,41.0,28.0,152,1004.0,3.0,904,1007.0,63.0,0,0,0.0,0.0,0.0,2015-1-10,Atlantic Southeast Airlines
Chicago,IL,Detroit,MI,700,651.0,-9.0,16.0,707.0,69,64.0,41.0,228,848.0,7.0,909,855.0,-14.0,0,0,,,,2015-1-28,Atlantic Southeast Airlines
Boston,MA,Minneapolis,MN,830,829.0,-1.0,14.0,843.0,189,180.0,157.0,1124,1020.0,9.0,1039,1029.0,-10.0,0,0,,,,2015-9-28,Delta Air Lines Inc.
Birmingham,AL,Houston,TX,635,634.0,-1.0,10.0,644.0,110,105.0,89.0,570,813.0,6.0,825,819.0,-6.0,0,0,,,,2015-6-1,Southwest Airlines Co.
Phoenix,AZ,Minneapolis,MN,920,922.0,2.0,18.0,940.0,190,189.0,163.0,1276,1423.0,8.0,1430,1431.0,1.0,0,0,,,,2015-4-1,Delta Air Lines Inc.
Denver,CO,San Jose,CA,1225,1240.0,15.0,10.0,1250.0,160,137.0,124.0,948,1354.0,3.0,1405,1357.0,-8.0,0,0,,,,2015-11-17,Southwest Airlines Co.
Atlanta,GA,Dallas-Fort Worth,TX,1730,1726.0,-4.0,11.0,1737.0,147,146.0,108.0,731,1825.0,27.0,1857,1852.0,-5.0,0,0,,,,2015-5-15,Delta Air Lines Inc.
Salt Lake City,UT,Denver,CO,1308,1304.0,-4.0,17.0,1321.0,87,80.0,57.0,391,1418.0,6.0,1435,1424.0,-11.0,0,0,,,,2015-12-3,Skywest Airlines Inc.
Newark,NJ,Houston,TX,1700,1659.0,-1.0,18.0,1717.0,240,197.0,174.0,1411,1911.0,5.0,2000,1916.0,-44.0,0,0,,,,2015-7-24,Southwest Airlines Co.
Atlanta,GA,Melbourne,FL,1544,1540.0,-4.0,14.0,1554.0,84,86.0,69.0,442,1703.0,3.0,1708,1706.0,-2.0,0,0,,,,2015-4-12,Delta Air Lines Inc.
Chicago,IL,Dallas-Fort Worth,TX,1626,1744.0,78.0,12.0,1756.0,154,147.0,129.0,802,2005.0,6.0,1900,2011.0,71.0,0,0,0.0,0.0,0.0,2015-2-26,American Airlines Inc.
Detroit,MI,Madison,WI,1530,1549.0,19.0,15.0,1604.0,78,71.0,54.0,311,1558.0,2.0,1548,1600.0,12.0,0,0,,,,2015-12-9,Delta Air Lines Inc.
Little Rock,AR,Houston,TX,1456,1448.0,-8.0,18.0,1506.0,93,94.0,71.0,374,1617.0,5.0,1629,1622.0,-7.0,0,0,,,,2015-12-2,Atlantic Southeast Airlines
Arlington,VA,Los Angeles,CA,835,832.0,-3.0,19.0,851.0,358,341.0,311.0,2311,1102.0,11.0,1133,1113.0,-20.0,0,0,,,,2015-9-11,American Airlines Inc.
Dallas-Fort Worth,TX,Indianapolis,IN,1305,1400.0,55.0,13.0,1413.0,119,115.0,98.0,761,1651.0,4.0,1604,1655.0,51.0,0,0,0.0,0.0,0.0,2015-1-10,American Airlines Inc.
Sacramento,CA,San Diego,CA,1145,1145.0,0.0,10.0,1155.0,85,75.0,62.0,480,1257.0,3.0,1310,1300.0,-10.0,0,0,,,,2015-12-25,Southwest Airlines Co.
Seattle,WA,Las Vegas,NV,540,537.0,-3.0,16.0,553.0,145,138.0,116.0,867,749.0,6.0,805,755.0,-10.0,0,0,,,,2015-7-25,Southwest Airlines Co.
Seattle,WA,Chantilly,VA,810,806.0,-4.0,14.0,820.0,303,290.0,268.0,2306,1548.0,8.0,1613,1556.0,-17.0,0,0,,,,2015-7-5,United Air Lines Inc.
San Diego,CA,Los Angeles,CA,630,619.0,-11.0,13.0,632.0,51,43.0,23.0,109,655.0,7.0,721,702.0,-19.0,0,0,,,,2015-2-7,Skywest Airlines Inc.
Chicago,IL,Dallas-Fort Worth,TX,1020,1017.0,-3.0,25.0,1042.0,152,159.0,121.0,802,1243.0,13.0,1252,1256.0,4.0,0,0,,,,2015-6-14,American Airlines Inc.
Houston,TX,Orlando,FL,1550,1750.0,120.0,15.0,1805.0,150,144.0,124.0,854,2109.0,5.0,1920,2114.0,114.0,0,0,0.0,0.0,0.0,2015-6-11,United Air Lines Inc.
San Diego,CA,Las Vegas,NV,740,739.0,-1.0,13.0,752.0,75,71.0,52.0,258,844.0,6.0,855,850.0,-5.0,0,0,,,,2015-8-16,Southwest Airlines Co.
Huntsville,AL,Atlanta,GA,1412,1409.0,-3.0,15.0,1424.0,57,56.0,35.0,151,1559.0,6.0,1609,1605.0,-4.0,0,0,,,,2015-6-15,Atlantic Southeast Airlines
Savannah,GA,Atlanta,GA,730,728.0,-2.0,10.0,738.0,73,58.0,40.0,214,818.0,8.0,843,826.0,-17.0,0,0,,,,2015-8-2,Delta Air Lines Inc.
Phoenix,AZ,Ft. Lauderdale,FL,1605,1607.0,2.0,9.0,1616.0,269,262.0,249.0,1972,2325.0,4.0,2334,2329.0,-5.0,0,0,,,,2015-7-15,American Airlines Inc.
Tampa,FL,New York,NY,1857,2134.0,157.0,25.0,2159.0,184,164.0,130.0,1005,9.0,9.0,2201,18.0,137.0,0,0,137.0,0.0,0.0,2015-6-21,Delta Air Lines Inc.
San Antonio,TX,Denver,CO,908,858.0,-10.0,10.0,908.0,136,140.0,120.0,794,1008.0,10.0,1024,1018.0,-6.0,0,0,,,,2015-8-10,United Air Lines Inc.
Houston,TX,Omaha,NE,845,849.0,4.0,13.0,902.0,134,134.0,106.0,781,1048.0,15.0,1059,1103.0,4.0,0,0,,,,2015-3-22,Atlantic Southeast Airlines
Santa Ana,CA,Dallas-Fort Worth,TX,645,642.0,-3.0,21.0,703.0,193,191.0,156.0,1205,1139.0,14.0,1158,1153.0,-5.0,0,0,,,,2015-7-1,American Airlines Inc.
Omaha,NE,Atlanta,GA,655,656.0,1.0,11.0,707.0,134,125.0,106.0,821,953.0,8.0,1009,1001.0,-8.0,0,0,,,,2015-11-12,Delta Air Lines Inc.
Key West,FL,Atlanta,GA,1746,1750.0,4.0,7.0,1757.0,123,115.0,97.0,646,1934.0,11.0,1949,1945.0,-4.0,0,0,,,,2015-2-10,Delta Air Lines Inc.
Las Vegas,NV,Dallas,TX,600,556.0,-4.0,31.0,627.0,155,169.0,135.0,1067,1042.0,3.0,1035,1045.0,10.0,0,0,,,,2015-3-19,Southwest Airlines Co.
Baltimore,MD,Phoenix,AZ,1725,1721.0,-4.0,10.0,1731.0,320,283.0,268.0,1999,1959.0,5.0,2045,2004.0,-41.0,0,0,,,,2015-1-24,Southwest Airlines Co.
Atlanta,GA,Norfolk,VA,1414,1700.0,166.0,15.0,1715.0,92,95.0,76.0,516,1831.0,4.0,1546,1835.0,169.0,0,0,3.0,0.0,166.0,2015-12-24,Delta Air Lines Inc.
New York,NY,Charlotte,NC,1705,1828.0,83.0,33.0,1901.0,129,165.0,122.0,541,2103.0,10.0,1914,2113.0,119.0,0,0,36.0,0.0,0.0,2015-12-25,American Airlines Inc.
Medford,OR,Denver,CO,530,553.0,23.0,41.0,634.0,158,170.0,122.0,964,936.0,7.0,908,943.0,35.0,0,0,12.0,0.0,23.0,2015-12-28,Skywest Airlines Inc.
Minneapolis,MN,San Francisco,CA,1928,1924.0,-4.0,15.0,1939.0,260,287.0,232.0,1589,2131.0,40.0,2148,2211.0,23.0,0,0,23.0,0.0,0.0,2015-11-2,Delta Air Lines Inc.
Miami,FL,Las Vegas,NV,700,654.0,-6.0,17.0,711.0,308,304.0,280.0,2174,851.0,7.0,908,858.0,-10.0,0,0,,,,2015-6-10,American Airlines Inc.
Brunswick,GA,Atlanta,GA,1626,1621.0,-5.0,,,78,,,238,,,1744,,,0,1,,,,2015-3-2,Atlantic Southeast Airlines
Denver,CO,Seattle,WA,1555,1552.0,-3.0,13.0,1605.0,170,165.0,133.0,1024,1718.0,19.0,1745,1737.0,-8.0,0,0,,,,2015-9-12,Southwest Airlines Co.
Phoenix,AZ,Detroit,MI,1940,1935.0,-5.0,14.0,1949.0,226,218.0,195.0,1671,104.0,9.0,126,113.0,-13.0,0,0,,,,2015-2-16,American Airlines Inc.
San Luis Obispo,CA,San Francisco,CA,620,612.0,-8.0,11.0,623.0,63,49.0,33.0,190,656.0,5.0,723,701.0,-22.0,0,0,,,,2015-7-5,Skywest Airlines Inc.
Salt Lake City,UT,Dallas-Fort Worth,TX,2016,2011.0,-5.0,20.0,2031.0,154,153.0,128.0,989,2339.0,5.0,2350,2344.0,-6.0,0,0,,,,2015-7-26,Delta Air Lines Inc.
Atlanta,GA,Dallas-Fort Worth,TX,1740,1736.0,-4.0,9.0,1745.0,152,138.0,118.0,731,1843.0,11.0,1912,1854.0,-18.0,0,0,,,,2015-4-17,American Airlines Inc.
Butte,MT,Salt Lake City,UT,635,856.0,141.0,34.0,930.0,82,93.0,56.0,358,1026.0,3.0,757,1029.0,152.0,0,0,11.0,0.0,0.0,2015-11-25,Skywest Airlines Inc.
Atlanta,GA,Asheville,NC,1501,1455.0,-6.0,15.0,1510.0,62,51.0,34.0,164,1544.0,2.0,1603,1546.0,-17.0,0,0,,,,2015-6-5,Atlantic Southeast Airlines
Los Angeles,CA,San Francisco,CA,1900,1909.0,9.0,17.0,1926.0,85,77.0,55.0,337,2021.0,5.0,2025,2026.0,1.0,0,0,,,,2015-11-29,Delta Air Lines Inc.
Boston,MA,Baltimore,MD,2040,2031.0,-9.0,13.0,2044.0,100,90.0,61.0,369,2145.0,16.0,2220,2201.0,-19.0,0,0,,,,2015-9-22,Southwest Airlines Co.
Chicago,IL,Arlington,VA,1100,1115.0,15.0,13.0,1128.0,116,108.0,89.0,612,1357.0,6.0,1356,1403.0,7.0,0,0,,,,2015-8-16,Skywest Airlines Inc.
Chicago,IL,Phoenix,AZ,915,915.0,0.0,50.0,1005.0,228,238.0,184.0,1440,1109.0,4.0,1103,1113.0,10.0,0,0,,,,2015-8-13,American Airlines Inc.
Chicago,IL,Buffalo,NY,945,951.0,6.0,9.0,1000.0,85,79.0,66.0,468,1206.0,4.0,1210,1210.0,0.0,0,0,,,,2015-5-9,Southwest Airlines Co.
Los Angeles,CA,Dallas-Fort Worth,TX,1805,1801.0,-4.0,14.0,1815.0,184,174.0,156.0,1235,2251.0,4.0,2309,2255.0,-14.0,0,0,,,,2015-9-26,American Airlines Inc.
Denver,CO,Bozeman,MT,1450,1451.0,1.0,13.0,1504.0,108,104.0,87.0,524,1631.0,4.0,1638,1635.0,-3.0,0,0,,,,2015-9-16,Skywest Airlines Inc.
Salt Lake City,UT,Seattle,WA,1100,1058.0,-2.0,16.0,1114.0,122,128.0,96.0,689,1150.0,16.0,1202,1206.0,4.0,0,0,,,,2015-3-13,Delta Air Lines Inc.
Baltimore,MD,Tampa,FL,1215,1211.0,-4.0,8.0,1219.0,140,131.0,118.0,842,1417.0,5.0,1435,1422.0,-13.0,0,0,,,,2015-5-17,Southwest Airlines Co.
Newark,NJ,Charlotte,NC,810,806.0,-4.0,12.0,818.0,118,110.0,85.0,529,943.0,13.0,1008,956.0,-12.0,0,0,,,,2015-9-21,American Airlines Inc.
Chicago,IL,Dallas-Fort Worth,TX,1702,1703.0,1.0,22.0,1725.0,163,130.0,100.0,802,1905.0,8.0,1945,1913.0,-32.0,0,0,,,,2015-9-6,American Airlines Inc.
Los Angeles,CA,Salt Lake City,UT,850,849.0,-1.0,14.0,903.0,111,117.0,89.0,590,1132.0,14.0,1141,1146.0,5.0,0,0,,,,2015-2-4,Skywest Airlines Inc.
Boston,MA,Chicago,IL,1248,1248.0,0.0,13.0,1301.0,162,173.0,145.0,867,1426.0,15.0,1430,1441.0,11.0,0,0,,,,2015-5-20,American Airlines Inc.
Dallas-Fort Worth,TX,San Francisco,CA,1150,1146.0,-4.0,23.0,1209.0,230,232.0,205.0,1464,1334.0,4.0,1340,1338.0,-2.0,0,0,,,,2015-3-7,American Airlines Inc.
El Paso,TX,Dallas-Fort Worth,TX,1004,959.0,-5.0,9.0,1008.0,108,102.0,80.0,551,1228.0,13.0,1252,1241.0,-11.0,0,0,,,,2015-4-11,American Airlines Inc.
Columbia,SC,Chicago,IL,620,615.0,-5.0,11.0,626.0,130,136.0,100.0,667,706.0,25.0,730,731.0,1.0,0,0,,,,2015-5-10,Atlantic Southeast Airlines
Ft. Myers,FL,Atlanta,GA,1021,1017.0,-4.0,10.0,1027.0,100,94.0,79.0,515,1146.0,5.0,1201,1151.0,-10.0,0,0,,,,2015-8-10,Delta Air Lines Inc.
Newark,NJ,West Palm Beach,FL,600,558.0,-2.0,12.0,610.0,176,144.0,129.0,1023,819.0,3.0,856,822.0,-34.0,0,0,,,,2015-11-5,United Air Lines Inc.
Austin,TX,Las Vegas,NV,1445,1442.0,-3.0,9.0,1451.0,180,175.0,161.0,1090,1532.0,5.0,1545,1537.0,-8.0,0,0,,,,2015-11-20,Southwest Airlines Co.
Midland,TX,Houston,TX,800,745.0,-15.0,18.0,803.0,90,101.0,67.0,429,910.0,16.0,930,926.0,-4.0,0,0,,,,2015-11-4,Atlantic Southeast Airlines
Los Angeles,CA,San Francisco,CA,1205,1159.0,-6.0,27.0,1226.0,88,81.0,50.0,337,1316.0,4.0,1333,1320.0,-13.0,0,0,,,,2015-8-23,American Airlines Inc.
Valparaiso,FL,Atlanta,GA,525,520.0,-5.0,19.0,539.0,69,68.0,44.0,250,723.0,5.0,734,728.0,-6.0,0,0,,,,2015-8-14,Delta Air Lines Inc.
West Palm Beach,FL,Atlanta,GA,815,811.0,-4.0,14.0,825.0,113,111.0,81.0,545,946.0,16.0,1008,1002.0,-6.0,0,0,,,,2015-12-23,Delta Air Lines Inc.
Newark,NJ,Dallas-Fort Worth,TX,1844,,,,,250,,,1372,,,2154,,,0,1,,,,2015-1-26,American Airlines Inc.
Houston,TX,Denver,CO,1445,1449.0,4.0,16.0,1505.0,153,158.0,135.0,862,1620.0,7.0,1618,1627.0,9.0,0,0,,,,2015-5-16,United Air Lines Inc.
Philadelphia,PA,Orlando,FL,2050,15.0,205.0,14.0,29.0,154,128.0,108.0,861,217.0,6.0,2324,223.0,179.0,0,0,0.0,0.0,0.0,2015-8-14,American Airlines Inc.
Baltimore,MD,Columbus,OH,705,700.0,-5.0,14.0,714.0,80,72.0,54.0,337,808.0,4.0,825,812.0,-13.0,0,0,,,,2015-6-4,Southwest Airlines Co.
Tucson,AZ,Salt Lake City,UT,715,707.0,-8.0,12.0,719.0,111,111.0,90.0,601,949.0,9.0,1006,958.0,-8.0,0,0,,,,2015-6-23,Skywest Airlines Inc.
Atlanta,GA,Indianapolis,IN,2220,2219.0,-1.0,13.0,2232.0,95,83.0,65.0,432,2337.0,5.0,2355,2342.0,-13.0,0,0,,,,2015-7-31,Delta Air Lines Inc.
Pittsburgh,PA,Baltimore,MD,1805,1817.0,12.0,8.0,1825.0,75,52.0,41.0,210,1906.0,3.0,1920,1909.0,-11.0,0,0,,,,2015-11-23,Southwest Airlines Co.
Ft. Lauderdale,FL,New Orleans,LA,1045,1038.0,-7.0,9.0,1047.0,125,108.0,95.0,674,1122.0,4.0,1150,1126.0,-24.0,0,0,,,,2015-8-31,Southwest Airlines Co.
Houston,TX,Lexington,KY,1027,1024.0,-3.0,15.0,1039.0,135,135.0,115.0,828,1334.0,5.0,1342,1339.0,-3.0,0,0,,,,2015-9-13,Atlantic Southeast Airlines
Nashville,TN,New Orleans,LA,820,928.0,68.0,6.0,934.0,95,91.0,71.0,471,1045.0,14.0,955,1059.0,64.0,0,0,0.0,0.0,0.0,2015-1-6,Southwest Airlines Co.
Las Vegas,NV,Dallas-Fort Worth,TX,810,802.0,-8.0,16.0,818.0,156,145.0,117.0,1055,1215.0,12.0,1246,1227.0,-19.0,0,0,,,,2015-2-8,American Airlines Inc.
Dallas,TX,St Louis,MO,1650,1651.0,1.0,7.0,1658.0,100,89.0,77.0,546,1815.0,5.0,1830,1820.0,-10.0,0,0,,,,2015-9-1,Southwest Airlines Co.
Minneapolis,MN,Dallas-Fort Worth,TX,1340,1340.0,0.0,12.0,1352.0,148,144.0,117.0,852,1549.0,15.0,1608,1604.0,-4.0,0,0,,,,2015-6-9,American Airlines Inc.
Sacramento,CA,Seattle,WA,1125,1123.0,-2.0,10.0,1133.0,110,99.0,81.0,605,1254.0,8.0,1315,1302.0,-13.0,0,0,,,,2015-9-14,Southwest Airlines Co.
Charlotte,NC,Philadelphia,PA,2005,2001.0,-4.0,15.0,2016.0,96,89.0,70.0,449,2126.0,4.0,2141,2130.0,-11.0,0,0,,,,2015-11-3,American Airlines Inc.
Chantilly,VA,Raleigh,NC,1805,1810.0,5.0,10.0,1820.0,70,54.0,40.0,224,1900.0,4.0,1915,1904.0,-11.0,0,0,,,,2015-8-9,United Air Lines Inc.
Las Vegas,NV,New Orleans,LA,900,901.0,1.0,14.0,915.0,200,196.0,170.0,1500,1405.0,12.0,1420,1417.0,-3.0,0,0,,,,2015-12-22,Southwest Airlines Co.
Dallas-Fort Worth,TX,Nashville,TN,2025,2023.0,-2.0,12.0,2035.0,101,105.0,84.0,631,2159.0,9.0,2206,2208.0,2.0,0,0,,,,2015-1-15,American Airlines Inc.
Las Vegas,NV,San Diego,CA,1510,1512.0,2.0,10.0,1522.0,65,57.0,44.0,258,1606.0,3.0,1615,1609.0,-6.0,0,0,,,,2015-2-11,Southwest Airlines Co.
Covington,KY,Chicago,IL,2007,2005.0,-2.0,13.0,2018.0,75,76.0,57.0,265,2015.0,6.0,2022,2021.0,-1.0,0,0,,,,2015-5-6,Skywest Airlines Inc.
Boston,MA,Atlanta,GA,940,934.0,-6.0,14.0,948.0,179,158.0,138.0,946,1206.0,6.0,1239,1212.0,-27.0,0,0,,,,2015-11-17,Delta Air Lines Inc.
Atlanta,GA,Minneapolis,MN,1340,1959.0,379.0,22.0,2021.0,165,147.0,120.0,907,2121.0,5.0,1525,2126.0,361.0,0,0,0.0,0.0,0.0,2015-6-26,Southwest Airlines Co.
Portland,OR,Las Vegas,NV,2135,2152.0,17.0,8.0,2200.0,120,113.0,99.0,763,2339.0,6.0,2335,2345.0,10.0,0,0,,,,2015-12-27,Southwest Airlines Co.
Chicago,IL,Manchester,NH,1750,1740.0,-10.0,17.0,1757.0,134,137.0,115.0,843,2052.0,5.0,2104,2057.0,-7.0,0,0,,,,2015-4-11,Atlantic Southeast Airlines
Denver,CO,Austin,TX,2005,2214.0,129.0,12.0,2226.0,123,115.0,97.0,775,103.0,6.0,2308,109.0,121.0,0,0,0.0,0.0,0.0,2015-1-3,United Air Lines Inc.
San Antonio,TX,Salt Lake City,UT,1409,1421.0,12.0,18.0,1439.0,184,177.0,152.0,1087,1611.0,7.0,1613,1618.0,5.0,0,0,,,,2015-1-19,Skywest Airlines Inc.
Dallas-Fort Worth,TX,New York,NY,1000,957.0,-3.0,15.0,1012.0,208,197.0,174.0,1389,1406.0,8.0,1428,1414.0,-14.0,0,0,,,,2015-7-2,American Airlines Inc.
Burbank,CA,Las Vegas,NV,1730,1729.0,-1.0,18.0,1747.0,60,64.0,38.0,223,1825.0,8.0,1830,1833.0,3.0,0,0,,,,2015-4-21,Southwest Airlines Co.
Chicago,IL,San Diego,CA,825,826.0,1.0,25.0,851.0,265,263.0,226.0,1728,1037.0,12.0,1050,1049.0,-1.0,0,0,,,,2015-9-11,Southwest Airlines Co.
Austin,TX,Houston,TX,814,810.0,-4.0,12.0,822.0,60,57.0,36.0,140,858.0,9.0,914,907.0,-7.0,0,0,,,,2015-6-30,United Air Lines Inc.
San Francisco,CA,Denver,CO,1416,1416.0,0.0,33.0,1449.0,155,168.0,127.0,967,1756.0,8.0,1751,1804.0,13.0,0,0,,,,2015-2-16,United Air Lines Inc.
Chicago,IL,Columbus,OH,808,805.0,-3.0,9.0,814.0,77,63.0,51.0,296,1005.0,3.0,1025,1008.0,-17.0,0,0,,,,2015-9-28,Skywest Airlines Inc.
Minneapolis,MN,Chantilly,VA,1510,1534.0,24.0,12.0,1546.0,145,137.0,120.0,908,1846.0,5.0,1835,1851.0,16.0,0,0,0.0,0.0,0.0,2015-5-16,Atlantic Southeast Airlines
San Jose,CA,Santa Ana,CA,850,849.0,-1.0,9.0,858.0,75,65.0,54.0,342,952.0,2.0,1005,954.0,-11.0,0,0,,,,2015-11-17,Southwest Airlines Co.
Atlanta,GA,Huntsville,AL,835,833.0,-2.0,19.0,852.0,59,54.0,31.0,151,823.0,4.0,834,827.0,-7.0,0,0,,,,2015-2-10,Delta Air Lines Inc.
Madison,WI,Minneapolis,MN,930,926.0,-4.0,15.0,941.0,71,62.0,42.0,228,1023.0,5.0,1041,1028.0,-13.0,0,0,,,,2015-7-17,Skywest Airlines Inc.
Denver,CO,Santa Ana,CA,1904,1900.0,-4.0,14.0,1914.0,148,141.0,123.0,846,2017.0,4.0,2032,2021.0,-11.0,0,0,,,,2015-4-10,United Air Lines Inc.
Orlando,FL,Pittsburgh,PA,1625,1707.0,42.0,7.0,1714.0,135,123.0,111.0,834,1905.0,5.0,1840,1910.0,30.0,0,0,0.0,0.0,0.0,2015-6-18,Southwest Airlines Co.
San Jose,CA,Phoenix,AZ,1917,2033.0,76.0,9.0,2042.0,103,102.0,78.0,621,2300.0,15.0,2200,2315.0,75.0,0,0,0.0,0.0,0.0,2015-12-20,American Airlines Inc.
Los Angeles,CA,Columbus,OH,2210,2207.0,-3.0,14.0,2221.0,252,239.0,221.0,1995,502.0,4.0,522,506.0,-16.0,0,0,,,,2015-11-8,Delta Air Lines Inc.
Atlanta,GA,Los Angeles,CA,815,813.0,-2.0,16.0,829.0,315,298.0,271.0,1947,1000.0,11.0,1030,1011.0,-19.0,0,0,,,,2015-12-13,Southwest Airlines Co.
Oklahoma City,OK,Minneapolis,MN,1626,1719.0,53.0,13.0,1732.0,122,137.0,113.0,694,1925.0,11.0,1828,1936.0,68.0,0,0,15.0,0.0,0.0,2015-5-14,Skywest Airlines Inc.
Phoenix,AZ,Los Angeles,CA,735,728.0,-7.0,16.0,744.0,92,86.0,60.0,370,844.0,10.0,907,854.0,-13.0,0,0,,,,2015-9-14,American Airlines Inc.
Reno,NV,Los Angeles,CA,1535,1531.0,-4.0,30.0,1601.0,95,111.0,72.0,391,1713.0,9.0,1710,1722.0,12.0,0,0,,,,2015-8-21,Skywest Airlines Inc.
Tucson,AZ,Los Angeles,CA,1737,1739.0,2.0,55.0,1834.0,98,130.0,69.0,451,1943.0,6.0,1915,1949.0,34.0,0,0,34.0,0.0,0.0,2015-8-21,Skywest Airlines Inc.
Atlanta,GA,Orlando,FL,825,823.0,-2.0,13.0,836.0,90,86.0,64.0,404,940.0,9.0,955,949.0,-6.0,0,0,,,,2015-4-28,Southwest Airlines Co.
Philadelphia,PA,Ft. Myers,FL,950,953.0,3.0,30.0,1023.0,187,,,993,1535.0,3.0,1257,1538.0,,1,0,,,,2015-11-7,American Airlines Inc.
Santa Ana,CA,Chicago,IL,855,857.0,2.0,30.0,927.0,241,250.0,207.0,1726,1454.0,13.0,1456,1507.0,11.0,0,0,,,,2015-9-3,American Airlines Inc.
Chicago,IL,Charlottesville,VA,1850,1918.0,28.0,18.0,1936.0,123,101.0,79.0,567,2155.0,4.0,2153,2159.0,6.0,0,0,,,,2015-5-20,Skywest Airlines Inc.
Portland,OR,Houston,TX,600,556.0,-4.0,11.0,607.0,238,239.0,219.0,1825,1146.0,9.0,1158,1155.0,-3.0,0,0,,,,2015-4-1,United Air Lines Inc.
Denver,CO,Chantilly,VA,830,826.0,-4.0,14.0,840.0,193,174.0,156.0,1452,1316.0,4.0,1343,1320.0,-23.0,0,0,,,,2015-2-10,United Air Lines Inc.
Atlanta,GA,Asheville,NC,1140,1138.0,-2.0,14.0,1152.0,53,52.0,34.0,164,1226.0,4.0,1233,1230.0,-3.0,0,0,,,,2015-4-7,Delta Air Lines Inc.
San Francisco,CA,Kailua/Kona,HI,1722,1743.0,21.0,36.0,1819.0,336,355.0,314.0,2367,2133.0,5.0,2058,2138.0,40.0,0,0,19.0,0.0,0.0,2015-2-3,United Air Lines Inc.
Austin,TX,San Jose,CA,1040,1038.0,-2.0,9.0,1047.0,230,208.0,195.0,1476,1202.0,4.0,1230,1206.0,-24.0,0,0,,,,2015-4-29,Southwest Airlines Co.
Ft. Myers,FL,Dallas-Fort Worth,TX,1500,1455.0,-5.0,10.0,1505.0,186,164.0,149.0,1017,1634.0,5.0,1706,1639.0,-27.0,0,0,,,,2015-11-8,American Airlines Inc.
Arlington,VA,St Louis,MO,740,733.0,-7.0,14.0,747.0,130,127.0,98.0,719,825.0,15.0,850,840.0,-10.0,0,0,,,,2015-5-18,Southwest Airlines Co.
Atlanta,GA,Moline,IL,2116,2200.0,44.0,19.0,2219.0,112,121.0,92.0,633,2251.0,10.0,2208,2301.0,53.0,0,0,9.0,0.0,0.0,2015-5-25,Atlantic Southeast Airlines
Denver,CO,Montrose,CO,1850,2246.0,236.0,8.0,2254.0,59,48.0,36.0,196,2330.0,4.0,1949,2334.0,225.0,0,0,0.0,0.0,0.0,2015-11-18,Skywest Airlines Inc.
St Louis,MO,Nashville,TN,935,932.0,-3.0,16.0,948.0,65,65.0,45.0,272,1033.0,4.0,1040,1037.0,-3.0,0,0,,,,2015-1-26,Southwest Airlines Co.
Chicago,IL,Phoenix,AZ,2005,2003.0,-2.0,8.0,2011.0,222,200.0,186.0,1440,2117.0,6.0,2147,2123.0,-24.0,0,0,,,,2015-7-21,American Airlines Inc.
Dallas-Fort Worth,TX,Gunnison,CO,1300,1253.0,-7.0,16.0,1309.0,128,132.0,112.0,678,1401.0,4.0,1408,1405.0,-3.0,0,0,,,,2015-1-17,American Airlines Inc.
Houston,TX,Atlanta,GA,1345,1422.0,37.0,108.0,1610.0,134,205.0,91.0,689,1841.0,6.0,1659,1847.0,108.0,0,0,75.0,0.0,0.0,2015-6-30,Delta Air Lines Inc.
Baltimore,MD,San Antonio,TX,755,754.0,-1.0,15.0,809.0,215,207.0,185.0,1407,1014.0,7.0,1030,1021.0,-9.0,0,0,,,,2015-7-31,Southwest Airlines Co.
Dallas-Fort Worth,TX,Seattle,WA,1540,1541.0,1.0,23.0,1604.0,255,251.0,221.0,1660,1745.0,7.0,1755,1752.0,-3.0,0,0,,,,2015-7-3,American Airlines Inc.
Ft. Myers,FL,Atlanta,GA,1340,1336.0,-4.0,16.0,1352.0,113,110.0,82.0,515,1514.0,12.0,1533,1526.0,-7.0,0,0,,,,2015-2-5,Delta Air Lines Inc.
Boston,MA,Miami,FL,1350,1344.0,-6.0,12.0,1356.0,207,186.0,166.0,1258,1642.0,8.0,1717,1650.0,-27.0,0,0,,,,2015-9-1,American Airlines Inc.
Buffalo,NY,Tampa,FL,1650,1646.0,-4.0,9.0,1655.0,180,162.0,147.0,1053,1922.0,6.0,1950,1928.0,-22.0,0,0,,,,2015-3-4,Southwest Airlines Co.
Dallas-Fort Worth,TX,Boston,MA,1510,1508.0,-2.0,13.0,1521.0,230,211.0,194.0,1562,1935.0,4.0,2000,1939.0,-21.0,0,0,,,,2015-8-27,American Airlines Inc.
Chicago,IL,Las Vegas,NV,810,832.0,22.0,21.0,853.0,241,262.0,232.0,1514,1045.0,9.0,1011,1054.0,43.0,0,0,21.0,0.0,22.0,2015-3-3,United Air Lines Inc.
Phoenix,AZ,Oklahoma City,OK,1020,1014.0,-6.0,16.0,1030.0,130,126.0,105.0,833,1415.0,5.0,1430,1420.0,-10.0,0,0,,,,2015-7-14,Southwest Airlines Co.
Denver,CO,Cleveland,OH,1424,1420.0,-4.0,11.0,1431.0,176,172.0,153.0,1201,1904.0,8.0,1920,1912.0,-8.0,0,0,,,,2015-2-11,Atlantic Southeast Airlines
Atlanta,GA,Valparaiso,FL,1640,1645.0,5.0,19.0,1704.0,78,68.0,42.0,250,1646.0,7.0,1658,1653.0,-5.0,0,0,,,,2015-6-8,Delta Air Lines Inc.
San Francisco,CA,Minneapolis,MN,800,758.0,-2.0,19.0,817.0,221,203.0,179.0,1589,1316.0,5.0,1341,1321.0,-20.0,0,0,,,,2015-12-11,Delta Air Lines Inc.
Indianapolis,IN,Arlington,VA,1700,1703.0,3.0,11.0,1714.0,95,84.0,68.0,500,1822.0,5.0,1835,1827.0,-8.0,0,0,,,,2015-2-23,Southwest Airlines Co.
Baltimore,MD,Orlando,FL,1705,1703.0,-2.0,11.0,1714.0,145,124.0,106.0,787,1900.0,7.0,1930,1907.0,-23.0,0,0,,,,2015-11-25,Southwest Airlines Co.
Atlanta,GA,Tampa,FL,1530,1530.0,0.0,16.0,1546.0,95,87.0,67.0,406,1653.0,4.0,1705,1657.0,-8.0,0,0,,,,2015-7-17,Delta Air Lines Inc.
Philadelphia,PA,San Francisco,CA,1805,1802.0,-3.0,25.0,1827.0,387,358.0,327.0,2521,2054.0,6.0,2132,2100.0,-32.0,0,0,,,,2015-3-28,United Air Lines Inc.
Denver,CO,Montrose,CO,1905,1901.0,-4.0,33.0,1934.0,58,70.0,32.0,196,2006.0,5.0,2003,2011.0,8.0,0,0,,,,2015-1-13,Atlantic Southeast Airlines
Phoenix,AZ,Denver,CO,1455,1459.0,4.0,10.0,1509.0,100,107.0,78.0,602,1727.0,19.0,1735,1746.0,11.0,0,0,,,,2015-9-30,Southwest Airlines Co.
Chicago,IL,Atlanta,GA,700,700.0,0.0,24.0,724.0,116,119.0,84.0,606,948.0,11.0,956,959.0,3.0,0,0,,,,2015-8-31,Delta Air Lines Inc.
Houston,TX,Lexington,KY,1027,1024.0,-3.0,18.0,1042.0,129,125.0,103.0,828,1325.0,4.0,1336,1329.0,-7.0,0,0,,,,2015-3-22,Atlantic Southeast Airlines
Chicago,IL,Minneapolis,MN,2140,2144.0,4.0,12.0,2156.0,85,78.0,61.0,349,2257.0,5.0,2305,2302.0,-3.0,0,0,,,,2015-4-21,Southwest Airlines Co.
Spokane,WA,Seattle,WA,1959,1942.0,-17.0,10.0,1952.0,64,60.0,45.0,224,2037.0,5.0,2103,2042.0,-21.0,0,0,,,,2015-4-23,Skywest Airlines Inc.
San Francisco,CA,San Diego,CA,1446,1508.0,22.0,16.0,1524.0,101,95.0,75.0,447,1639.0,4.0,1627,1643.0,16.0,0,0,0.0,0.0,0.0,2015-7-2,Skywest Airlines Inc.
Cedar Rapids,IA,Denver,CO,2020,2109.0,49.0,15.0,2124.0,126,136.0,108.0,692,2212.0,13.0,2126,2225.0,59.0,0,0,10.0,0.0,0.0,2015-6-25,Skywest Airlines Inc.
Chicago,IL,Boston,MA,1810,1810.0,0.0,7.0,1817.0,135,116.0,103.0,861,2100.0,6.0,2125,2106.0,-19.0,0,0,,,,2015-6-29,Southwest Airlines Co.
Denver,CO,Los Angeles,CA,1520,1646.0,86.0,11.0,1657.0,156,134.0,115.0,862,1752.0,8.0,1656,1800.0,64.0,0,0,0.0,0.0,0.0,2015-12-14,United Air Lines Inc.
Flagstaff,AZ,Phoenix,AZ,700,,,,,55,,,119,,,755,,,0,1,,,,2015-9-24,Skywest Airlines Inc.
Atlanta,GA,Houston,TX,1205,1201.0,-4.0,12.0,1213.0,135,124.0,105.0,689,1258.0,7.0,1320,1305.0,-15.0,0,0,,,,2015-4-22,Delta Air Lines Inc.
Las Vegas,NV,Phoenix,AZ,1005,1004.0,-1.0,18.0,1022.0,71,68.0,45.0,255,1207.0,5.0,1216,1212.0,-4.0,0,0,,,,2015-11-17,American Airlines Inc.
Dallas,TX,Tampa,FL,935,953.0,18.0,8.0,1001.0,130,120.0,108.0,917,1249.0,4.0,1245,1253.0,8.0,0,0,,,,2015-1-13,Southwest Airlines Co.
Orlando,FL,Chicago,IL,1100,1101.0,1.0,14.0,1115.0,170,154.0,131.0,990,1226.0,9.0,1250,1235.0,-15.0,0,0,,,,2015-1-12,Southwest Airlines Co.
Boston,MA,Newark,NJ,1105,1101.0,-4.0,11.0,1112.0,86,63.0,46.0,200,1158.0,6.0,1231,1204.0,-27.0,0,0,,,,2015-6-7,United Air Lines Inc.
Newark,NJ,Phoenix,AZ,1250,1323.0,33.0,12.0,1335.0,315,289.0,269.0,2133,1504.0,8.0,1505,1512.0,7.0,0,0,,,,2015-6-22,Southwest Airlines Co.
Atlanta,GA,Tampa,FL,1355,1354.0,-1.0,31.0,1425.0,90,98.0,60.0,406,1525.0,7.0,1525,1532.0,7.0,0,0,,,,2015-8-6,Southwest Airlines Co.
Chicago,IL,Lincoln,NE,2005,2032.0,27.0,11.0,2043.0,100,90.0,75.0,466,2158.0,4.0,2145,2202.0,17.0,0,0,0.0,0.0,0.0,2015-1-9,Atlantic Southeast Airlines
Denver,CO,Burbank,CA,1850,1903.0,13.0,17.0,1920.0,158,154.0,134.0,850,2034.0,3.0,2028,2037.0,9.0,0,0,,,,2015-12-19,Skywest Airlines Inc.
Baton Rouge,LA,Atlanta,GA,1206,1201.0,-5.0,10.0,1211.0,89,86.0,65.0,448,1416.0,11.0,1435,1427.0,-8.0,0,0,,,,2015-4-1,Atlantic Southeast Airlines
New York,NY,Boston,MA,1700,1655.0,-5.0,22.0,1717.0,85,68.0,34.0,184,1751.0,12.0,1825,1803.0,-22.0,0,0,,,,2015-12-10,American Airlines Inc.
Atlanta,GA,Indianapolis,IN,939,936.0,-3.0,21.0,957.0,95,92.0,65.0,432,1102.0,6.0,1114,1108.0,-6.0,0,0,,,,2015-1-13,Delta Air Lines Inc.
Raleigh,NC,Detroit,MI,600,558.0,-2.0,18.0,616.0,105,110.0,84.0,501,740.0,8.0,745,748.0,3.0,0,0,,,,2015-5-21,Delta Air Lines Inc.
Cleveland,OH,Atlanta,GA,1849,1848.0,-1.0,15.0,1903.0,112,99.0,79.0,554,2022.0,5.0,2041,2027.0,-14.0,0,0,,,,2015-6-14,Delta Air Lines Inc.
Orlando,FL,Albany,NY,2020,2141.0,81.0,11.0,2152.0,160,159.0,146.0,1073,18.0,2.0,2300,20.0,80.0,0,0,57.0,0.0,0.0,2015-6-18,Southwest Airlines Co.
White Plains,NY,Chicago,IL,1715,1744.0,29.0,9.0,1753.0,151,147.0,122.0,738,1855.0,16.0,1846,1911.0,25.0,0,0,0.0,0.0,2.0,2015-2-8,Atlantic Southeast Airlines
Dallas,TX,Las Vegas,NV,2010,2153.0,103.0,16.0,2209.0,180,169.0,149.0,1067,2238.0,4.0,2110,2242.0,92.0,0,0,0.0,0.0,0.0,2015-11-17,Southwest Airlines Co.
Elmira,NY,Detroit,MI,1727,1723.0,-4.0,16.0,1739.0,82,78.0,56.0,332,1835.0,6.0,1849,1841.0,-8.0,0,0,,,,2015-8-17,Atlantic Southeast Airlines
Chicago,IL,Detroit,MI,1115,1111.0,-4.0,9.0,1120.0,65,59.0,42.0,228,1302.0,8.0,1320,1310.0,-10.0,0,0,,,,2015-11-8,Southwest Airlines Co.
Boise,ID,Seattle,WA,1940,1931.0,-9.0,10.0,1941.0,93,90.0,63.0,399,1944.0,17.0,2013,2001.0,-12.0,0,0,,,,2015-11-8,Skywest Airlines Inc.
Dallas-Fort Worth,TX,Nashville,TN,1830,1825.0,-5.0,13.0,1838.0,99,97.0,78.0,631,1956.0,6.0,2009,2002.0,-7.0,0,0,,,,2015-2-3,American Airlines Inc.
Portland,ME,Chicago,IL,943,932.0,-11.0,9.0,941.0,162,147.0,128.0,900,1049.0,10.0,1125,1059.0,-26.0,0,0,,,,2015-7-3,Atlantic Southeast Airlines
Kansas City,MO,Atlanta,GA,615,612.0,-3.0,10.0,622.0,120,109.0,92.0,692,854.0,7.0,915,901.0,-14.0,0,0,,,,2015-9-20,Southwest Airlines Co.
Detroit,MI,Manchester,NH,1017,1023.0,6.0,18.0,1041.0,103,107.0,85.0,610,1206.0,4.0,1200,1210.0,10.0,0,0,,,,2015-4-15,Atlantic Southeast Airlines
Des Moines,IA,Denver,CO,1328,1320.0,-8.0,14.0,1334.0,117,109.0,88.0,589,1402.0,7.0,1425,1409.0,-16.0,0,0,,,,2015-2-13,Skywest Airlines Inc.
Denver,CO,Phoenix,AZ,2115,2206.0,51.0,9.0,2215.0,110,98.0,84.0,602,2239.0,5.0,2205,2244.0,39.0,0,0,0.0,0.0,0.0,2015-8-3,Southwest Airlines Co.
Aspen,CO,Chicago,IL,1038,1036.0,-2.0,10.0,1046.0,164,152.0,129.0,1013,1355.0,13.0,1422,1408.0,-14.0,0,0,,,,2015-2-16,Skywest Airlines Inc.
Burbank,CA,Oakland,CA,1225,1222.0,-3.0,10.0,1232.0,70,63.0,48.0,325,1320.0,5.0,1335,1325.0,-10.0,0,0,,,,2015-4-30,Southwest Airlines Co.
Chicago,IL,Denver,CO,1225,1226.0,1.0,9.0,1235.0,155,141.0,127.0,895,1342.0,5.0,1400,1347.0,-13.0,0,0,,,,2015-9-6,Southwest Airlines Co.
Chicago,IL,San Francisco,CA,1815,1837.0,22.0,13.0,1850.0,285,275.0,253.0,1846,2103.0,9.0,2100,2112.0,12.0,0,0,,,,2015-2-27,American Airlines Inc.
Tampa,FL,Windsor Locks,CT,1845,,,,,160,,,1111,,,2125,,,0,1,,,,2015-3-1,Southwest Airlines Co.
Nashville,TN,Arlington,VA,715,711.0,-4.0,11.0,722.0,100,90.0,74.0,562,936.0,5.0,955,941.0,-14.0,0,0,,,,2015-8-12,Southwest Airlines Co.
Birmingham,AL,Las Vegas,NV,1245,1238.0,-7.0,7.0,1245.0,260,241.0,230.0,1618,1435.0,4.0,1505,1439.0,-26.0,0,0,,,,2015-2-9,Southwest Airlines Co.
Boston,MA,New York,NY,800,901.0,61.0,47.0,948.0,78,101.0,45.0,184,1033.0,9.0,918,1042.0,84.0,0,0,23.0,0.0,61.0,2015-2-22,Delta Air Lines Inc.
Houston,TX,San Antonio,TX,1940,1949.0,9.0,8.0,1957.0,50,53.0,41.0,192,2038.0,4.0,2030,2042.0,12.0,0,0,,,,2015-3-18,Southwest Airlines Co.
Honolulu,HI,Agana,GU,1420,1433.0,13.0,24.0,1457.0,460,457.0,428.0,3801,1805.0,5.0,1800,1810.0,10.0,0,0,,,,2015-6-4,United Air Lines Inc.
San Francisco,CA,Chicago,IL,1835,1829.0,-6.0,11.0,1840.0,250,239.0,222.0,1846,22.0,6.0,45,28.0,-17.0,0,0,,,,2015-9-20,United Air Lines Inc.
Chicago,IL,Charlotte Amalie,VI,847,854.0,7.0,20.0,914.0,290,265.0,240.0,2116,1514.0,5.0,1537,1519.0,-18.0,0,0,,,,2015-2-8,United Air Lines Inc.
Ft. Myers,FL,Chicago,IL,1237,1224.0,-13.0,13.0,1237.0,184,176.0,151.0,1120,1408.0,12.0,1441,1420.0,-21.0,0,0,,,,2015-6-27,United Air Lines Inc.
Seattle,WA,San Jose,CA,1915,1920.0,5.0,13.0,1933.0,127,119.0,103.0,697,2116.0,3.0,2122,2119.0,-3.0,0,0,,,,2015-6-7,Skywest Airlines Inc.
Newark,NJ,Orlando,FL,1300,1255.0,-5.0,10.0,1305.0,174,130.0,115.0,937,1500.0,5.0,1554,1505.0,-49.0,0,0,,,,2015-3-16,United Air Lines Inc.
Cleveland,OH,Las Vegas,NV,700,659.0,-1.0,11.0,710.0,272,253.0,235.0,1824,805.0,7.0,832,812.0,-20.0,0,0,,,,2015-9-24,United Air Lines Inc.
State College,PA,Chicago,IL,702,653.0,-9.0,11.0,704.0,113,94.0,79.0,528,723.0,4.0,755,727.0,-28.0,0,0,,,,2015-9-21,Atlantic Southeast Airlines
Chicago,IL,Des Moines,IA,2155,2151.0,-4.0,10.0,2201.0,75,61.0,45.0,306,2246.0,6.0,2310,2252.0,-18.0,0,0,,,,2015-8-31,Southwest Airlines Co.
Houston,TX,Atlanta,GA,1035,1031.0,-4.0,11.0,1042.0,120,108.0,92.0,696,1314.0,5.0,1335,1319.0,-16.0,0,0,,,,2015-6-5,Southwest Airlines Co.
Chicago,IL,Minneapolis,MN,1230,1224.0,-6.0,15.0,1239.0,80,81.0,62.0,349,1341.0,4.0,1350,1345.0,-5.0,0,0,,,,2015-4-26,Southwest Airlines Co.
Indianapolis,IN,Minneapolis,MN,1315,1310.0,-5.0,9.0,1319.0,109,98.0,85.0,503,1344.0,4.0,1404,1348.0,-16.0,0,0,,,,2015-11-20,Delta Air Lines Inc.
Ft. Lauderdale,FL,Atlanta,GA,1415,1419.0,4.0,17.0,1436.0,114,102.0,80.0,581,1556.0,5.0,1609,1601.0,-8.0,0,0,,,,2015-11-14,Delta Air Lines Inc.
Columbus,OH,Atlanta,GA,1511,1511.0,0.0,10.0,1521.0,99,93.0,74.0,447,1635.0,9.0,1650,1644.0,-6.0,0,0,,,,2015-4-18,Delta Air Lines Inc.
Arlington,VA,Dallas-Fort Worth,TX,659,703.0,4.0,11.0,714.0,193,198.0,166.0,1192,900.0,21.0,912,921.0,9.0,0,0,,,,2015-6-20,American Airlines Inc.
New York,NY,Atlanta,GA,2000,1957.0,-3.0,25.0,2022.0,158,144.0,111.0,762,2213.0,8.0,2238,2221.0,-17.0,0,0,,,,2015-5-14,Delta Air Lines Inc.
Chicago,IL,Houston,TX,1106,1104.0,-2.0,16.0,1120.0,164,167.0,137.0,925,1337.0,14.0,1350,1351.0,1.0,0,0,,,,2015-4-28,United Air Lines Inc.
Miami,FL,Houston,TX,835,830.0,-5.0,13.0,843.0,169,146.0,128.0,964,951.0,5.0,1024,956.0,-28.0,0,0,,,,2015-8-23,United Air Lines Inc.
Orlando,FL,Miami,FL,1630,1755.0,85.0,13.0,1808.0,70,68.0,46.0,192,1854.0,9.0,1740,1903.0,83.0,0,0,0.0,0.0,31.0,2015-8-17,American Airlines Inc.
Phoenix,AZ,Las Vegas,NV,1825,1824.0,-1.0,5.0,1829.0,60,48.0,40.0,255,1809.0,3.0,1825,1812.0,-13.0,0,0,,,,2015-3-7,Southwest Airlines Co.
Gainesville,FL,Atlanta,GA,1659,1702.0,3.0,20.0,1722.0,76,88.0,64.0,300,1826.0,4.0,1815,1830.0,15.0,0,0,12.0,0.0,0.0,2015-3-13,Atlantic Southeast Airlines
Atlanta,GA,Shreveport,LA,1211,1204.0,-7.0,13.0,1217.0,109,109.0,93.0,551,1250.0,3.0,1300,1253.0,-7.0,0,0,,,,2015-4-23,Atlantic Southeast Airlines
Chicago,IL,Dallas-Fort Worth,TX,1702,1730.0,28.0,13.0,1743.0,163,127.0,107.0,802,1930.0,7.0,1945,1937.0,-8.0,0,0,,,,2015-8-1,American Airlines Inc.
Grand Rapids,MI,Minneapolis,MN,2020,2006.0,-14.0,15.0,2021.0,91,89.0,67.0,408,2028.0,7.0,2051,2035.0,-16.0,0,0,,,,2015-9-29,Skywest Airlines Inc.
Harrisburg,PA,Atlanta,GA,630,625.0,-5.0,23.0,648.0,145,135.0,104.0,620,832.0,8.0,855,840.0,-15.0,0,0,,,,2015-3-1,Delta Air Lines Inc.
Chicago,IL,Newark,NJ,1405,1410.0,5.0,19.0,1429.0,141,127.0,101.0,719,1710.0,7.0,1726,1717.0,-9.0,0,0,,,,2015-6-3,United Air Lines Inc.
Minneapolis,MN,Chicago,IL,1201,1308.0,67.0,18.0,1326.0,89,88.0,56.0,334,1422.0,14.0,1330,1436.0,66.0,0,0,16.0,0.0,0.0,2015-2-26,American Airlines Inc.
Eugene,OR,San Francisco,CA,1251,1405.0,74.0,8.0,1413.0,95,88.0,78.0,451,1531.0,2.0,1426,1533.0,67.0,0,0,0.0,0.0,0.0,2015-4-7,Skywest Airlines Inc.
Salt Lake City,UT,Cody,WY,1112,1112.0,0.0,15.0,1127.0,75,72.0,52.0,298,1219.0,5.0,1227,1224.0,-3.0,0,0,,,,2015-4-9,Skywest Airlines Inc.
Fresno,CA,Los Angeles,CA,1119,1119.0,0.0,19.0,1138.0,71,68.0,42.0,209,1220.0,7.0,1230,1227.0,-3.0,0,0,,,,2015-9-24,Skywest Airlines Inc.
West Palm Beach,FL,Baltimore,MD,1825,1901.0,36.0,9.0,1910.0,150,140.0,124.0,883,2114.0,7.0,2055,2121.0,26.0,0,0,0.0,0.0,0.0,2015-6-2,Southwest Airlines Co.
New York,NY,Ft. Lauderdale,FL,1454,1453.0,-1.0,42.0,1535.0,199,219.0,174.0,1076,1829.0,3.0,1813,1832.0,19.0,0,0,19.0,0.0,0.0,2015-4-28,Delta Air Lines Inc.
Fort Wayne,IN,Atlanta,GA,1116,1114.0,-2.0,15.0,1129.0,108,103.0,82.0,508,1251.0,6.0,1304,1257.0,-7.0,0,0,,,,2015-11-27,Skywest Airlines Inc.
Baltimore,MD,Portland,ME,2205,,,,,80,,,452,,,2325,,,0,1,,,,2015-2-1,Southwest Airlines Co.
Chicago,IL,Lincoln,NE,1226,1228.0,2.0,30.0,1258.0,97,108.0,74.0,466,1412.0,4.0,1403,1416.0,13.0,0,0,,,,2015-6-7,Atlantic Southeast Airlines
Charlotte,NC,Miami,FL,1320,1330.0,10.0,12.0,1342.0,125,105.0,88.0,650,1510.0,5.0,1525,1515.0,-10.0,0,0,,,,2015-8-19,American Airlines Inc.
Denver,CO,Kansas City,MO,1535,1535.0,0.0,17.0,1552.0,95,92.0,71.0,533,1803.0,4.0,1810,1807.0,-3.0,0,0,,,,2015-5-27,Southwest Airlines Co.
Columbus,OH,Orlando,FL,1000,1117.0,77.0,23.0,1140.0,130,,,802,1535.0,9.0,1210,1544.0,,1,0,,,,2015-8-1,Southwest Airlines Co.
Seattle,WA,Atlanta,GA,620,617.0,-3.0,11.0,628.0,277,277.0,257.0,2182,1345.0,9.0,1357,1354.0,-3.0,0,0,,,,2015-1-12,Delta Air Lines Inc.
Dallas-Fort Worth,TX,Austin,TX,1005,1002.0,-3.0,13.0,1015.0,57,52.0,34.0,190,1049.0,5.0,1102,1054.0,-8.0,0,0,,,,2015-4-15,American Airlines Inc.
Newark,NJ,Charlotte Amalie,VI,850,1006.0,76.0,25.0,1031.0,250,235.0,204.0,1634,1455.0,6.0,1400,1501.0,61.0,0,0,0.0,0.0,0.0,2015-1-8,United Air Lines Inc.
Phoenix,AZ,Palm Springs,CA,1330,1330.0,0.0,24.0,1354.0,70,85.0,56.0,261,1350.0,5.0,1340,1355.0,15.0,0,0,15.0,0.0,0.0,2015-1-19,Skywest Airlines Inc.
Denver,CO,Dallas-Fort Worth,TX,1435,1457.0,22.0,13.0,1510.0,121,111.0,87.0,641,1737.0,11.0,1736,1748.0,12.0,0,0,,,,2015-4-1,American Airlines Inc.
Charlotte,NC,Ft. Myers,FL,955,958.0,3.0,45.0,1043.0,122,135.0,86.0,600,1209.0,4.0,1157,1213.0,16.0,0,0,13.0,0.0,0.0,2015-9-29,American Airlines Inc.
Chicago,IL,Wichita,KS,951,949.0,-2.0,32.0,1021.0,113,125.0,87.0,588,1148.0,6.0,1144,1154.0,10.0,0,0,,,,2015-7-2,Skywest Airlines Inc.
Chicago,IL,Tulsa,OK,910,906.0,-4.0,12.0,918.0,123,118.0,97.0,585,1055.0,9.0,1113,1104.0,-9.0,0,0,,,,2015-3-13,Atlantic Southeast Airlines
Akron,OH,Tampa,FL,655,654.0,-1.0,17.0,711.0,165,144.0,122.0,894,913.0,5.0,940,918.0,-22.0,0,0,,,,2015-1-17,Southwest Airlines Co.
Tucson,AZ,Los Angeles,CA,1130,1129.0,-1.0,6.0,1135.0,90,96.0,82.0,451,1157.0,8.0,1200,1205.0,5.0,0,0,,,,2015-1-20,Southwest Airlines Co.
Austin,TX,Dallas-Fort Worth,TX,1045,1039.0,-6.0,13.0,1052.0,69,61.0,38.0,190,1130.0,10.0,1154,1140.0,-14.0,0,0,,,,2015-6-27,American Airlines Inc.
Cleveland,OH,Chantilly,VA,1451,1444.0,-7.0,14.0,1458.0,84,84.0,50.0,288,1548.0,20.0,1615,1608.0,-7.0,0,0,,,,2015-2-23,Atlantic Southeast Airlines
Portland,OR,Sacramento,CA,620,626.0,6.0,9.0,635.0,85,86.0,72.0,479,747.0,5.0,745,752.0,7.0,0,0,,,,2015-12-27,Southwest Airlines Co.
Burbank,CA,San Francisco,CA,1933,1923.0,-10.0,18.0,1941.0,80,74.0,52.0,326,2033.0,4.0,2053,2037.0,-16.0,0,0,,,,2015-1-28,Skywest Airlines Inc.
Miami,FL,Houston,TX,710,702.0,-8.0,25.0,727.0,163,175.0,142.0,964,849.0,8.0,853,857.0,4.0,0,0,,,,2015-6-11,American Airlines Inc.
Boise,ID,Denver,CO,640,640.0,0.0,33.0,713.0,112,126.0,86.0,649,839.0,7.0,832,846.0,14.0,0,0,,,,2015-12-31,United Air Lines Inc.
Miami,FL,Dallas-Fort Worth,TX,900,856.0,-4.0,11.0,907.0,201,184.0,163.0,1121,1050.0,10.0,1121,1100.0,-21.0,0,0,,,,2015-11-26,American Airlines Inc.
Albuquerque,NM,Los Angeles,CA,1100,1057.0,-3.0,12.0,1109.0,120,125.0,97.0,677,1146.0,16.0,1200,1202.0,2.0,0,0,,,,2015-9-2,Southwest Airlines Co.
San Diego,CA,San Jose,CA,1700,1655.0,-5.0,10.0,1705.0,80,76.0,62.0,417,1807.0,4.0,1820,1811.0,-9.0,0,0,,,,2015-2-28,Southwest Airlines Co.
Dallas,TX,Midland,TX,2140,2135.0,-5.0,10.0,2145.0,70,64.0,51.0,319,2236.0,3.0,2250,2239.0,-11.0,0,0,,,,2015-9-9,Southwest Airlines Co.
Phoenix,AZ,San Francisco,CA,1555,1555.0,0.0,9.0,1604.0,110,108.0,96.0,651,1740.0,3.0,1745,1743.0,-2.0,0,0,,,,2015-6-14,Southwest Airlines Co.
Dallas,TX,New York,NY,1715,1755.0,40.0,12.0,1807.0,190,181.0,160.0,1381,2147.0,9.0,2125,2156.0,31.0,0,0,0.0,0.0,0.0,2015-11-28,Southwest Airlines Co.
New York,NY,Arlington,VA,1400,1356.0,-4.0,28.0,1424.0,81,79.0,43.0,214,1507.0,8.0,1521,1515.0,-6.0,0,0,,,,2015-8-14,American Airlines Inc.
Dallas-Fort Worth,TX,Monroe,LA,2020,2007.0,-13.0,10.0,2017.0,75,55.0,42.0,293,2059.0,3.0,2135,2102.0,-33.0,0,0,,,,2015-4-22,Atlantic Southeast Airlines
Nashville,TN,Chicago,IL,932,926.0,-6.0,20.0,946.0,103,105.0,69.0,409,1055.0,16.0,1115,1111.0,-4.0,0,0,,,,2015-1-12,Atlantic Southeast Airlines
Denver,CO,Honolulu,HI,1130,1137.0,7.0,17.0,1154.0,444,449.0,419.0,3365,1553.0,13.0,1554,1606.0,12.0,0,0,,,,2015-2-19,United Air Lines Inc.
Chicago,IL,Indianapolis,IN,1044,1048.0,4.0,20.0,1108.0,60,58.0,32.0,177,1240.0,6.0,1244,1246.0,2.0,0,0,,,,2015-8-3,Atlantic Southeast Airlines
Austin,TX,Dallas,TX,530,532.0,2.0,8.0,540.0,60,51.0,38.0,189,618.0,5.0,630,623.0,-7.0,0,0,,,,2015-5-14,Southwest Airlines Co.
Montgomery,AL,Atlanta,GA,933,928.0,-5.0,11.0,939.0,56,48.0,30.0,147,1109.0,7.0,1129,1116.0,-13.0,0,0,,,,2015-8-25,Atlantic Southeast Airlines
Detroit,MI,Grand Rapids,MI,845,841.0,-4.0,31.0,912.0,56,63.0,27.0,120,939.0,5.0,941,944.0,3.0,0,0,,,,2015-9-29,Skywest Airlines Inc.
Denver,CO,Salt Lake City,UT,2215,2220.0,5.0,12.0,2232.0,90,78.0,63.0,391,2335.0,3.0,2345,2338.0,-7.0,0,0,,,,2015-4-10,Southwest Airlines Co.
Boston,MA,Baltimore,MD,1745,1802.0,17.0,20.0,1822.0,100,84.0,59.0,369,1921.0,5.0,1925,1926.0,1.0,0,0,,,,2015-7-10,Southwest Airlines Co.
Denver,CO,Portland,OR,756,751.0,-5.0,12.0,803.0,169,147.0,132.0,991,915.0,3.0,945,918.0,-27.0,0,0,,,,2015-5-31,United Air Lines Inc.
Reno,NV,Las Vegas,NV,1410,1406.0,-4.0,10.0,1416.0,75,75.0,57.0,345,1513.0,8.0,1525,1521.0,-4.0,0,0,,,,2015-6-10,Southwest Airlines Co.
Ft. Lauderdale,FL,Austin,TX,1410,1404.0,-6.0,12.0,1416.0,200,202.0,186.0,1105,1622.0,4.0,1630,1626.0,-4.0,0,0,,,,2015-2-20,Southwest Airlines Co.
New York,NY,Austin,TX,825,819.0,-6.0,35.0,854.0,251,232.0,191.0,1521,1105.0,6.0,1136,1111.0,-25.0,0,0,,,,2015-9-18,Delta Air Lines Inc.
Helena,MT,Salt Lake City,UT,1300,1325.0,25.0,9.0,1334.0,86,79.0,66.0,402,1440.0,4.0,1426,1444.0,18.0,0,0,0.0,0.0,0.0,2015-7-17,Skywest Airlines Inc.
Las Vegas,NV,Nashville,TN,900,859.0,-1.0,17.0,916.0,210,205.0,183.0,1587,1419.0,5.0,1430,1424.0,-6.0,0,0,,,,2015-12-13,Southwest Airlines Co.
Philadelphia,PA,San Francisco,CA,1800,1830.0,30.0,33.0,1903.0,376,363.0,320.0,2521,2123.0,10.0,2116,2133.0,17.0,0,0,0.0,0.0,0.0,2015-7-16,American Airlines Inc.
Oakland,CA,Burbank,CA,945,945.0,0.0,9.0,954.0,65,58.0,47.0,325,1041.0,2.0,1050,1043.0,-7.0,0,0,,,,2015-11-3,Southwest Airlines Co.
Atlanta,GA,Miami,FL,1117,1138.0,21.0,21.0,1159.0,121,120.0,90.0,594,1329.0,9.0,1318,1338.0,20.0,0,0,20.0,0.0,0.0,2015-1-4,Delta Air Lines Inc.
Las Vegas,NV,Chicago,IL,1036,1035.0,-1.0,14.0,1049.0,224,217.0,179.0,1514,1548.0,24.0,1620,1612.0,-8.0,0,0,,,,2015-4-13,United Air Lines Inc.
Billings,MT,Denver,CO,1320,1441.0,81.0,14.0,1455.0,90,129.0,109.0,455,1644.0,6.0,1450,1650.0,120.0,0,0,120.0,0.0,0.0,2015-5-23,United Air Lines Inc.
Miami,FL,Atlanta,GA,1915,2006.0,51.0,21.0,2027.0,120,112.0,82.0,594,2149.0,9.0,2115,2158.0,43.0,0,0,0.0,0.0,0.0,2015-12-17,American Airlines Inc.
Detroit,MI,Madison,WI,1532,1529.0,-3.0,12.0,1541.0,78,63.0,49.0,311,1530.0,2.0,1550,1532.0,-18.0,0,0,,,,2015-9-2,Delta Air Lines Inc.
Billings,MT,Salt Lake City,UT,625,620.0,-5.0,11.0,631.0,78,73.0,56.0,387,727.0,6.0,743,733.0,-10.0,0,0,,,,2015-8-25,Delta Air Lines Inc.
Wilkes-Barre/Scranton,PA,Atlanta,GA,630,921.0,171.0,33.0,954.0,148,149.0,109.0,714,1143.0,7.0,858,1150.0,172.0,0,0,1.0,0.0,0.0,2015-2-3,Atlantic Southeast Airlines
Sacramento,CA,San Diego,CA,1830,1903.0,33.0,10.0,1913.0,85,88.0,74.0,480,2027.0,4.0,1955,2031.0,36.0,0,0,3.0,0.0,0.0,2015-1-5,Southwest Airlines Co.
Madison,WI,Atlanta,GA,600,554.0,-6.0,12.0,606.0,130,109.0,91.0,707,837.0,6.0,910,843.0,-27.0,0,0,,,,2015-2-13,Delta Air Lines Inc.
Baltimore,MD,Albany,NY,1350,1346.0,-4.0,8.0,1354.0,70,63.0,52.0,289,1446.0,3.0,1500,1449.0,-11.0,0,0,,,,2015-4-15,Southwest Airlines Co.
Chicago,IL,Minneapolis,MN,1359,1352.0,-7.0,16.0,1408.0,93,78.0,57.0,334,1505.0,5.0,1532,1510.0,-22.0,0,0,,,,2015-7-29,American Airlines Inc.
Los Angeles,CA,Honolulu,HI,1330,1324.0,-6.0,15.0,1339.0,357,352.0,326.0,2556,1605.0,11.0,1627,1616.0,-11.0,0,0,,,,2015-7-19,American Airlines Inc.
Panama City,FL,Atlanta,GA,715,708.0,-7.0,20.0,728.0,72,74.0,46.0,240,914.0,8.0,927,922.0,-5.0,0,0,,,,2015-8-7,Delta Air Lines Inc.
Sacramento,CA,Santa Ana,CA,925,922.0,-3.0,9.0,931.0,85,84.0,70.0,404,1041.0,5.0,1050,1046.0,-4.0,0,0,,,,2015-4-28,Southwest Airlines Co.
Chicago,IL,Minneapolis,MN,1212,1210.0,-2.0,19.0,1229.0,86,82.0,60.0,334,1329.0,3.0,1338,1332.0,-6.0,0,0,,,,2015-4-30,Delta Air Lines Inc.
Salt Lake City,UT,Bozeman,MT,2210,2201.0,-9.0,14.0,2215.0,76,68.0,51.0,347,2306.0,3.0,2326,2309.0,-17.0,0,0,,,,2015-7-29,Delta Air Lines Inc.
Orlando,FL,Chicago,IL,1705,1707.0,2.0,13.0,1720.0,175,252.0,138.0,990,1838.0,101.0,1900,2019.0,79.0,0,0,79.0,0.0,0.0,2015-2-26,Southwest Airlines Co.
New York,NY,Chicago,IL,800,805.0,5.0,110.0,955.0,162,278.0,147.0,733,1122.0,21.0,942,1143.0,121.0,0,0,121.0,0.0,0.0,2015-3-23,United Air Lines Inc.
Baltimore,MD,Windsor Locks,CT,625,622.0,-3.0,12.0,634.0,70,63.0,44.0,283,718.0,7.0,735,725.0,-10.0,0,0,,,,2015-6-18,Southwest Airlines Co.
Palm Springs,CA,Phoenix,AZ,1025,1023.0,-2.0,14.0,1037.0,63,60.0,40.0,261,1217.0,6.0,1228,1223.0,-5.0,0,0,,,,2015-2-26,Skywest Airlines Inc.
Mobile,AL,Houston,TX,625,625.0,0.0,11.0,636.0,98,89.0,70.0,427,746.0,8.0,803,754.0,-9.0,0,0,,,,2015-3-28,Atlantic Southeast Airlines
Denver,CO,Burbank,CA,1155,1236.0,41.0,11.0,1247.0,150,124.0,110.0,850,1337.0,3.0,1325,1340.0,15.0,0,0,0.0,0.0,0.0,2015-3-26,Southwest Airlines Co.
Houston,TX,Orlando,FL,2010,2107.0,57.0,8.0,2115.0,135,134.0,117.0,849,12.0,9.0,2325,21.0,56.0,0,0,0.0,0.0,0.0,2015-7-21,Southwest Airlines Co.
Salt Lake City,UT,Casper,WY,2200,2151.0,-9.0,13.0,2204.0,75,60.0,42.0,320,2246.0,5.0,2315,2251.0,-24.0,0,0,,,,2015-3-28,Skywest Airlines Inc.
Atlanta,GA,Houston,TX,1905,1931.0,26.0,17.0,1948.0,137,138.0,117.0,689,2045.0,4.0,2022,2049.0,27.0,0,0,1.0,0.0,0.0,2015-2-27,Skywest Airlines Inc.
Atlanta,GA,New York,NY,1735,1735.0,0.0,16.0,1751.0,145,135.0,107.0,760,1938.0,12.0,2000,1950.0,-10.0,0,0,,,,2015-2-22,Delta Air Lines Inc.
Chantilly,VA,Las Vegas,NV,805,1014.0,129.0,18.0,1032.0,304,284.0,258.0,2065,1150.0,8.0,1009,1158.0,109.0,0,0,0.0,0.0,0.0,2015-7-8,United Air Lines Inc.
Sacramento,CA,Salt Lake City,UT,1025,1011.0,-14.0,14.0,1025.0,100,102.0,82.0,532,1247.0,6.0,1305,1253.0,-12.0,0,0,,,,2015-4-17,Skywest Airlines Inc.
Denver,CO,Los Angeles,CA,1524,1533.0,9.0,14.0,1547.0,150,150.0,124.0,862,1651.0,12.0,1654,1703.0,9.0,0,0,,,,2015-5-14,United Air Lines Inc.
Los Angeles,CA,Las Vegas,NV,850,900.0,10.0,12.0,912.0,65,68.0,46.0,236,958.0,10.0,955,1008.0,13.0,0,0,,,,2015-9-16,Southwest Airlines Co.
Los Angeles,CA,Santa Barbara,CA,1131,1123.0,-8.0,24.0,1147.0,49,48.0,18.0,89,1205.0,6.0,1220,1211.0,-9.0,0,0,,,,2015-8-31,Skywest Airlines Inc.
Denver,CO,Laramie,WY,2058,2050.0,-8.0,18.0,2108.0,53,46.0,22.0,113,2130.0,6.0,2151,2136.0,-15.0,0,0,,,,2015-12-20,Skywest Airlines Inc.
San Diego,CA,Houston,TX,1314,1313.0,-1.0,16.0,1329.0,188,183.0,153.0,1303,1802.0,14.0,1822,1816.0,-6.0,0,0,,,,2015-11-6,United Air Lines Inc.
New York,NY,Chicago,IL,1331,1325.0,-6.0,49.0,1414.0,164,203.0,141.0,733,1535.0,13.0,1515,1548.0,33.0,0,0,33.0,0.0,0.0,2015-6-25,American Airlines Inc.
Newark,NJ,St Louis,MO,2022,2203.0,101.0,15.0,2218.0,157,150.0,126.0,872,2324.0,9.0,2159,2333.0,94.0,0,0,0.0,0.0,0.0,2015-6-30,Atlantic Southeast Airlines
Denver,CO,Detroit,MI,1600,1609.0,9.0,26.0,1635.0,167,175.0,142.0,1123,2057.0,7.0,2047,2104.0,17.0,0,0,8.0,0.0,0.0,2015-4-16,Delta Air Lines Inc.
Salt Lake City,UT,Phoenix,AZ,1440,1511.0,31.0,10.0,1521.0,95,83.0,68.0,507,1629.0,5.0,1615,1634.0,19.0,0,0,0.0,0.0,0.0,2015-2-16,Southwest Airlines Co.
Philadelphia,PA,San Francisco,CA,631,642.0,11.0,13.0,655.0,394,376.0,358.0,2521,953.0,5.0,1005,958.0,-7.0,0,0,,,,2015-1-29,United Air Lines Inc.
Omaha,NE,Houston,TX,1819,1842.0,23.0,4.0,1846.0,131,122.0,108.0,781,2034.0,10.0,2030,2044.0,14.0,0,0,,,,2015-8-16,Skywest Airlines Inc.
College Station,TX,Houston,TX,1904,1857.0,-7.0,7.0,1904.0,42,40.0,26.0,74,1930.0,7.0,1946,1937.0,-9.0,0,0,,,,2015-4-2,Atlantic Southeast Airlines
Rochester,MN,Atlanta,GA,1450,1446.0,-4.0,10.0,1456.0,136,170.0,140.0,831,1816.0,20.0,1806,1836.0,30.0,0,0,30.0,0.0,0.0,2015-8-10,Atlantic Southeast Airlines
Houston,TX,Arlington,VA,2000,2040.0,40.0,9.0,2049.0,175,172.0,159.0,1218,28.0,4.0,2355,32.0,37.0,0,0,0.0,0.0,0.0,2015-5-11,Southwest Airlines Co.
Portland,OR,San Francisco,CA,1700,1737.0,37.0,13.0,1750.0,105,103.0,86.0,550,1916.0,4.0,1845,1920.0,35.0,0,0,0.0,0.0,0.0,2015-12-10,Skywest Airlines Inc.
New York,NY,San Juan,PR,2005,2005.0,0.0,40.0,2045.0,252,248.0,203.0,1598,8.0,5.0,17,13.0,-4.0,0,0,,,,2015-6-4,American Airlines Inc.
Tucson,AZ,Houston,TX,1250,1246.0,-4.0,9.0,1255.0,144,135.0,121.0,936,1656.0,5.0,1714,1701.0,-13.0,0,0,,,,2015-8-23,Skywest Airlines Inc.
Los Angeles,CA,Las Vegas,NV,1325,1332.0,7.0,20.0,1352.0,77,73.0,41.0,236,1433.0,12.0,1442,1445.0,3.0,0,0,,,,2015-1-2,United Air Lines Inc.
Cleveland,OH,Minneapolis,MN,722,716.0,-6.0,17.0,733.0,128,126.0,107.0,622,820.0,2.0,830,822.0,-8.0,0,0,,,,2015-4-9,Atlantic Southeast Airlines
Chattanooga,TN,Atlanta,GA,1202,1204.0,2.0,22.0,1226.0,53,53.0,25.0,106,1251.0,6.0,1255,1257.0,2.0,0,0,,,,2015-7-26,Atlantic Southeast Airlines
Detroit,MI,New York,NY,2140,2137.0,-3.0,20.0,2157.0,108,100.0,73.0,502,2310.0,7.0,2328,2317.0,-11.0,0,0,,,,2015-11-2,Delta Air Lines Inc.
Dallas,TX,Austin,TX,855,853.0,-2.0,9.0,902.0,55,47.0,33.0,189,935.0,5.0,950,940.0,-10.0,0,0,,,,2015-12-22,Southwest Airlines Co.
Minneapolis,MN,Philadelphia,PA,709,708.0,-1.0,23.0,731.0,158,149.0,123.0,980,1034.0,3.0,1047,1037.0,-10.0,0,0,,,,2015-6-9,Delta Air Lines Inc.
San Francisco,CA,New York,NY,2115,2111.0,-4.0,35.0,2146.0,314,343.0,287.0,2586,533.0,21.0,529,554.0,25.0,0,0,25.0,0.0,0.0,2015-2-17,Delta Air Lines Inc.
Minneapolis,MN,Los Angeles,CA,1415,1414.0,-1.0,20.0,1434.0,240,273.0,226.0,1535,1620.0,27.0,1615,1647.0,32.0,0,0,32.0,0.0,0.0,2015-12-26,Delta Air Lines Inc.
New York,NY,Dallas-Fort Worth,TX,1450,1445.0,-5.0,18.0,1503.0,238,245.0,212.0,1389,1735.0,15.0,1748,1750.0,2.0,0,0,,,,2015-7-3,American Airlines Inc.
Providence,RI,Philadelphia,PA,1128,1122.0,-6.0,19.0,1141.0,76,79.0,55.0,237,1236.0,5.0,1244,1241.0,-3.0,0,0,,,,2015-9-22,American Airlines Inc.
Newark,NJ,Dallas-Fort Worth,TX,500,,,,,223,,,1372,,,743,,,0,1,,,,2015-7-25,American Airlines Inc.
El Paso,TX,Houston,TX,1805,1808.0,3.0,12.0,1820.0,110,109.0,92.0,677,2052.0,5.0,2055,2057.0,2.0,0,0,,,,2015-6-4,Southwest Airlines Co.
Denver,CO,Madison,WI,1228,1229.0,1.0,13.0,1242.0,126,113.0,97.0,826,1519.0,3.0,1534,1522.0,-12.0,0,0,,,,2015-11-22,United Air Lines Inc.
Newark,NJ,Los Angeles,CA,1430,1512.0,42.0,13.0,1525.0,384,349.0,322.0,2454,1747.0,14.0,1754,1801.0,7.0,0,0,,,,2015-1-15,United Air Lines Inc.
Chicago,IL,West Palm Beach,FL,1900,1902.0,2.0,11.0,1913.0,170,174.0,158.0,1144,2251.0,5.0,2250,2256.0,6.0,0,0,,,,2015-1-2,American Airlines Inc.
Tulsa,OK,Houston,TX,1615,1705.0,50.0,10.0,1715.0,95,89.0,73.0,453,1828.0,6.0,1750,1834.0,44.0,0,0,0.0,0.0,0.0,2015-11-23,Southwest Airlines Co.
Ft. Myers,FL,Detroit,MI,1516,1511.0,-5.0,12.0,1523.0,175,154.0,135.0,1084,1738.0,7.0,1811,1745.0,-26.0,0,0,,,,2015-1-13,Delta Air Lines Inc.
Orlando,FL,Atlanta,GA,1830,1830.0,0.0,18.0,1848.0,109,91.0,63.0,404,1951.0,10.0,2019,2001.0,-18.0,0,0,,,,2015-3-18,Delta Air Lines Inc.
Minneapolis,MN,Chicago,IL,1721,1720.0,-1.0,10.0,1730.0,90,91.0,58.0,334,1828.0,23.0,1851,1851.0,0.0,0,0,,,,2015-6-4,Delta Air Lines Inc.
Dallas-Fort Worth,TX,Indianapolis,IN,2015,2217.0,122.0,16.0,2233.0,135,131.0,111.0,761,124.0,4.0,2330,128.0,118.0,0,0,0.0,0.0,0.0,2015-7-6,American Airlines Inc.
Omaha,NE,Chicago,IL,630,628.0,-2.0,9.0,637.0,90,76.0,61.0,423,738.0,6.0,800,744.0,-16.0,0,0,,,,2015-9-21,Southwest Airlines Co.
Santa Ana,CA,Las Vegas,NV,745,905.0,80.0,11.0,916.0,70,63.0,47.0,226,1003.0,5.0,855,1008.0,73.0,0,0,0.0,0.0,0.0,2015-7-3,Southwest Airlines Co.
Minneapolis,MN,Boise,ID,907,1129.0,142.0,29.0,1158.0,188,182.0,149.0,1142,1327.0,4.0,1115,1331.0,136.0,0,0,0.0,0.0,0.0,2015-9-4,Skywest Airlines Inc.
Atlanta,GA,Moline,IL,1526,1600.0,34.0,12.0,1612.0,115,109.0,94.0,633,1646.0,3.0,1621,1649.0,28.0,0,0,0.0,0.0,0.0,2015-6-8,Atlantic Southeast Airlines
Peoria,IL,Atlanta,GA,600,559.0,-1.0,8.0,607.0,106,91.0,77.0,565,824.0,6.0,846,830.0,-16.0,0,0,,,,2015-7-17,Atlantic Southeast Airlines
Seattle,WA,Newark,NJ,740,744.0,4.0,17.0,801.0,313,308.0,284.0,2402,1545.0,7.0,1553,1552.0,-1.0,0,0,,,,2015-1-30,United Air Lines Inc.
Los Angeles,CA,Cleveland,OH,1310,1300.0,-10.0,25.0,1325.0,269,269.0,240.0,2052,2025.0,4.0,2039,2029.0,-10.0,0,0,,,,2015-1-12,United Air Lines Inc.
Dallas-Fort Worth,TX,Chicago,IL,1725,1727.0,2.0,17.0,1744.0,150,185.0,153.0,802,2017.0,15.0,1955,2032.0,37.0,0,0,37.0,0.0,0.0,2015-9-18,American Airlines Inc.
Houston,TX,Indianapolis,IN,1257,1314.0,17.0,31.0,1345.0,137,131.0,96.0,844,1621.0,4.0,1614,1625.0,11.0,0,0,,,,2015-1-22,United Air Lines Inc.
Phoenix,AZ,Chicago,IL,1110,1107.0,-3.0,9.0,1116.0,200,197.0,182.0,1444,1618.0,6.0,1630,1624.0,-6.0,0,0,,,,2015-9-26,Southwest Airlines Co.
Savannah,GA,Atlanta,GA,1700,1652.0,-8.0,37.0,1729.0,77,86.0,39.0,214,1808.0,10.0,1817,1818.0,1.0,0,0,,,,2015-1-14,Delta Air Lines Inc.
Seattle,WA,Salt Lake City,UT,725,734.0,9.0,18.0,752.0,120,112.0,90.0,689,1022.0,4.0,1025,1026.0,1.0,0,0,,,,2015-1-27,Delta Air Lines Inc.
Indianapolis,IN,Newark,NJ,1125,1119.0,-6.0,16.0,1135.0,125,129.0,105.0,645,1320.0,8.0,1330,1328.0,-2.0,0,0,,,,2015-8-13,Atlantic Southeast Airlines
Orlando,FL,Philadelphia,PA,1200,1201.0,1.0,11.0,1212.0,150,179.0,164.0,861,1456.0,4.0,1430,1500.0,30.0,0,0,30.0,0.0,0.0,2015-8-15,American Airlines Inc.
Minneapolis,MN,Denver,CO,907,912.0,5.0,27.0,939.0,124,128.0,95.0,680,1014.0,6.0,1011,1020.0,9.0,0,0,,,,2015-4-20,Delta Air Lines Inc.
Denver,CO,Sacramento,CA,1215,1227.0,12.0,13.0,1240.0,155,143.0,126.0,909,1346.0,4.0,1350,1350.0,0.0,0,0,,,,2015-5-17,Southwest Airlines Co.
Houston,TX,Austin,TX,1920,2142.0,142.0,14.0,2156.0,55,49.0,25.0,140,2221.0,10.0,2015,2231.0,136.0,0,0,0.0,0.0,0.0,2015-8-1,United Air Lines Inc.
Columbus,OH,Atlanta,GA,1120,1141.0,21.0,12.0,1153.0,95,90.0,70.0,447,1303.0,8.0,1255,1311.0,16.0,0,0,0.0,0.0,0.0,2015-12-29,Southwest Airlines Co.
Philadelphia,PA,Dallas-Fort Worth,TX,1520,1520.0,0.0,18.0,1538.0,225,212.0,181.0,1303,1739.0,13.0,1805,1752.0,-13.0,0,0,,,,2015-5-29,American Airlines Inc.
Albany,NY,Orlando,FL,1505,1504.0,-1.0,8.0,1512.0,195,162.0,148.0,1073,1740.0,6.0,1820,1746.0,-34.0,0,0,,,,2015-2-6,Southwest Airlines Co.
Minneapolis,MN,Atlanta,GA,600,555.0,-5.0,14.0,609.0,150,140.0,117.0,907,906.0,9.0,930,915.0,-15.0,0,0,,,,2015-4-29,Southwest Airlines Co.
Dallas-Fort Worth,TX,Seattle,WA,2000,2020.0,20.0,25.0,2045.0,269,262.0,228.0,1660,2233.0,9.0,2229,2242.0,13.0,0,0,,,,2015-3-2,American Airlines Inc.
Houston,TX,Ft. Myers,FL,1335,1334.0,-1.0,16.0,1350.0,139,130.0,109.0,861,1639.0,5.0,1654,1644.0,-10.0,0,0,,,,2015-12-24,United Air Lines Inc.
Phoenix,AZ,Los Angeles,CA,1200,1211.0,11.0,10.0,1221.0,95,78.0,61.0,370,1222.0,7.0,1235,1229.0,-6.0,0,0,,,,2015-1-16,Southwest Airlines Co.
West Palm Beach,FL,Islip,NY,1150,1145.0,-5.0,15.0,1200.0,155,159.0,139.0,1052,1419.0,5.0,1425,1424.0,-1.0,0,0,,,,2015-2-3,Southwest Airlines Co.
Dayton,OH,Atlanta,GA,650,645.0,-5.0,13.0,658.0,119,91.0,73.0,432,811.0,5.0,849,816.0,-33.0,0,0,,,,2015-1-21,Delta Air Lines Inc.
Dallas-Fort Worth,TX,Santa Ana,CA,855,852.0,-3.0,28.0,920.0,188,188.0,152.0,1205,952.0,8.0,1003,1000.0,-3.0,0,0,,,,2015-7-25,American Airlines Inc.
Atlanta,GA,Mobile,AL,1859,1955.0,56.0,14.0,2009.0,82,71.0,52.0,302,2001.0,5.0,1921,2006.0,45.0,0,0,0.0,0.0,0.0,2015-2-23,Atlantic Southeast Airlines
San Jose,CA,Las Vegas,NV,1000,959.0,-1.0,11.0,1010.0,80,79.0,60.0,386,1110.0,8.0,1120,1118.0,-2.0,0,0,,,,2015-3-30,Southwest Airlines Co.
Las Vegas,NV,San Diego,CA,955,957.0,2.0,12.0,1009.0,65,59.0,44.0,258,1053.0,3.0,1100,1056.0,-4.0,0,0,,,,2015-6-1,Southwest Airlines Co.
Atlanta,GA,Las Vegas,NV,1102,1102.0,0.0,26.0,1128.0,283,278.0,245.0,1747,1233.0,7.0,1245,1240.0,-5.0,0,0,,,,2015-1-4,Delta Air Lines Inc.
San Jose,CA,Los Angeles,CA,1705,1751.0,46.0,17.0,1808.0,80,72.0,44.0,308,1852.0,11.0,1825,1903.0,38.0,0,0,0.0,0.0,0.0,2015-4-25,Skywest Airlines Inc.
Atlanta,GA,Chicago,IL,1630,1625.0,-5.0,8.0,1633.0,120,93.0,81.0,591,1654.0,4.0,1730,1658.0,-32.0,0,0,,,,2015-5-16,Southwest Airlines Co.
Killeen,TX,Dallas-Fort Worth,TX,1330,1320.0,-10.0,12.0,1332.0,60,50.0,33.0,134,1405.0,5.0,1430,1410.0,-20.0,0,0,,,,2015-12-17,Atlantic Southeast Airlines
Newark,NJ,Houston,TX,1055,1058.0,3.0,31.0,1129.0,218,214.0,178.0,1400,1327.0,5.0,1333,1332.0,-1.0,0,0,,,,2015-7-18,United Air Lines Inc.
Redmond,OR,Salt Lake City,UT,625,611.0,-14.0,14.0,625.0,94,93.0,72.0,525,837.0,7.0,859,844.0,-15.0,0,0,,,,2015-11-7,Skywest Airlines Inc.
Los Angeles,CA,San Jose,CA,1950,1944.0,-6.0,5.0,1949.0,70,61.0,51.0,308,2040.0,5.0,2100,2045.0,-15.0,0,0,,,,2015-2-7,Southwest Airlines Co.
Chicago,IL,Minneapolis,MN,710,705.0,-5.0,13.0,718.0,92,72.0,56.0,334,814.0,3.0,842,817.0,-25.0,0,0,,,,2015-7-9,American Airlines Inc.
Denver,CO,Oakland,CA,1635,1649.0,14.0,9.0,1658.0,160,142.0,127.0,957,1805.0,6.0,1815,1811.0,-4.0,0,0,,,,2015-11-4,Southwest Airlines Co.
New York,NY,Las Vegas,NV,1959,2029.0,30.0,28.0,2057.0,350,327.0,289.0,2248,2246.0,10.0,2249,2256.0,7.0,0,0,,,,2015-8-9,Delta Air Lines Inc.
Salt Lake City,UT,Phoenix,AZ,545,539.0,-6.0,8.0,547.0,95,86.0,73.0,507,600.0,5.0,620,605.0,-15.0,0,0,,,,2015-4-22,Southwest Airlines Co.
Phoenix,AZ,Grand Junction,CO,1500,1459.0,-1.0,13.0,1512.0,85,76.0,59.0,438,1711.0,4.0,1725,1715.0,-10.0,0,0,,,,2015-5-20,Skywest Airlines Inc.
San Diego,CA,Los Angeles,CA,1647,1643.0,-4.0,14.0,1657.0,52,42.0,25.0,109,1722.0,3.0,1739,1725.0,-14.0,0,0,,,,2015-3-18,Skywest Airlines Inc.
Los Angeles,CA,Denver,CO,1305,1255.0,-10.0,14.0,1309.0,139,128.0,109.0,862,1558.0,5.0,1624,1603.0,-21.0,0,0,,,,2015-11-4,United Air Lines Inc.
Raleigh,NC,Atlanta,GA,635,634.0,-1.0,12.0,646.0,90,82.0,60.0,356,746.0,10.0,805,756.0,-9.0,0,0,,,,2015-2-19,Southwest Airlines Co.
Newark,NJ,Milwaukee,WI,1541,1537.0,-4.0,28.0,1605.0,145,165.0,133.0,725,1718.0,4.0,1706,1722.0,16.0,0,0,16.0,0.0,0.0,2015-12-15,Atlantic Southeast Airlines
San Francisco,CA,Atlanta,GA,2253,2258.0,5.0,29.0,2327.0,277,267.0,230.0,2139,617.0,8.0,630,625.0,-5.0,0,0,,,,2015-3-23,United Air Lines Inc.
Windsor Locks,CT,Charlotte,NC,1700,1702.0,2.0,13.0,1715.0,131,143.0,124.0,644,1919.0,6.0,1911,1925.0,14.0,0,0,,,,2015-12-17,American Airlines Inc.
Atlanta,GA,Lafayette,LA,939,935.0,-4.0,23.0,958.0,108,104.0,75.0,503,1013.0,6.0,1027,1019.0,-8.0,0,0,,,,2015-5-20,Atlantic Southeast Airlines
Chicago,IL,New Orleans,LA,1950,2040.0,50.0,14.0,2054.0,142,132.0,113.0,837,2247.0,5.0,2212,2252.0,40.0,0,0,0.0,0.0,0.0,2015-4-26,Skywest Airlines Inc.
Minneapolis,MN,Cedar Rapids,IA,1300,1257.0,-3.0,23.0,1320.0,72,72.0,41.0,220,1401.0,8.0,1412,1409.0,-3.0,0,0,,,,2015-12-4,Skywest Airlines Inc.
Atlanta,GA,Minneapolis,MN,1657,1657.0,0.0,21.0,1718.0,165,165.0,141.0,907,1839.0,3.0,1842,1842.0,0.0,0,0,,,,2015-2-27,Delta Air Lines Inc.
Milwaukee,WI,New York,NY,750,749.0,-1.0,28.0,817.0,125,139.0,106.0,738,1103.0,5.0,1055,1108.0,13.0,0,0,,,,2015-9-28,Southwest Airlines Co.
West Palm Beach,FL,Chicago,IL,1700,1653.0,-7.0,11.0,1704.0,196,195.0,168.0,1144,1852.0,16.0,1916,1908.0,-8.0,0,0,,,,2015-3-31,American Airlines Inc.
Baltimore,MD,Charlotte,NC,840,833.0,-7.0,18.0,851.0,101,90.0,65.0,361,956.0,7.0,1021,1003.0,-18.0,0,0,,,,2015-11-14,American Airlines Inc.
Chicago,IL,Des Moines,IA,2115,2323.0,128.0,8.0,2331.0,80,75.0,62.0,306,33.0,5.0,2235,38.0,123.0,0,0,0.0,0.0,0.0,2015-1-6,Southwest Airlines Co.
Dallas-Fort Worth,TX,Phoenix,AZ,855,928.0,33.0,15.0,943.0,154,132.0,113.0,868,936.0,4.0,929,940.0,11.0,0,0,,,,2015-8-1,American Airlines Inc.
Atlanta,GA,Mobile,AL,1910,2023.0,73.0,11.0,2034.0,84,65.0,50.0,302,2024.0,4.0,1934,2028.0,54.0,0,0,0.0,0.0,0.0,2015-12-18,Atlantic Southeast Airlines
Baltimore,MD,Jacksonville,FL,830,831.0,1.0,11.0,842.0,130,128.0,112.0,663,1034.0,5.0,1040,1039.0,-1.0,0,0,,,,2015-1-5,Southwest Airlines Co.
Minneapolis,MN,Chicago,IL,1050,1046.0,-4.0,10.0,1056.0,90,81.0,68.0,349,1204.0,3.0,1220,1207.0,-13.0,0,0,,,,2015-5-30,Southwest Airlines Co.
Los Angeles,CA,Houston,TX,1125,1143.0,18.0,14.0,1157.0,196,182.0,157.0,1379,1634.0,11.0,1641,1645.0,4.0,0,0,,,,2015-1-15,United Air Lines Inc.
Minneapolis,MN,Boise,ID,2156,2154.0,-2.0,10.0,2204.0,181,178.0,166.0,1142,2350.0,2.0,2357,2352.0,-5.0,0,0,,,,2015-5-4,Delta Air Lines Inc.
Newark,NJ,Phoenix,AZ,1850,1938.0,48.0,20.0,1958.0,332,324.0,296.0,2133,2154.0,8.0,2122,2202.0,40.0,0,0,0.0,0.0,0.0,2015-5-21,United Air Lines Inc.
Phoenix,AZ,Atlanta,GA,720,717.0,-3.0,20.0,737.0,227,215.0,189.0,1587,1346.0,6.0,1407,1352.0,-15.0,0,0,,,,2015-7-18,Delta Air Lines Inc.
Houston,TX,Atlanta,GA,2010,2021.0,11.0,10.0,2031.0,115,117.0,97.0,696,2308.0,10.0,2305,2318.0,13.0,0,0,,,,2015-7-23,Southwest Airlines Co.
Detroit,MI,White Plains,NY,1741,,,,,102,,,505,,,1923,,,0,1,,,,2015-1-26,Atlantic Southeast Airlines
Chicago,IL,New York,NY,715,718.0,3.0,11.0,729.0,133,121.0,98.0,733,1007.0,12.0,1028,1019.0,-9.0,0,0,,,,2015-8-2,American Airlines Inc.
Houston,TX,Los Angeles,CA,1140,1153.0,13.0,9.0,1202.0,205,207.0,180.0,1390,1302.0,18.0,1305,1320.0,15.0,0,0,2.0,0.0,0.0,2015-6-19,Southwest Airlines Co.
St Louis,MO,Arlington,VA,840,830.0,-10.0,11.0,841.0,115,103.0,87.0,719,1108.0,5.0,1135,1113.0,-22.0,0,0,,,,2015-5-24,Southwest Airlines Co.
Melbourne,FL,Atlanta,GA,1412,1436.0,24.0,24.0,1500.0,104,92.0,64.0,442,1604.0,4.0,1556,1608.0,12.0,0,0,,,,2015-9-12,Delta Air Lines Inc.
Miami,FL,Arlington,VA,1115,1112.0,-3.0,16.0,1128.0,156,142.0,123.0,919,1331.0,3.0,1351,1334.0,-17.0,0,0,,,,2015-6-26,American Airlines Inc.
Atlanta,GA,Windsor Locks,CT,1755,1809.0,14.0,22.0,1831.0,153,145.0,118.0,859,2029.0,5.0,2028,2034.0,6.0,0,0,,,,2015-7-29,Delta Air Lines Inc.
Reno,NV,Salt Lake City,UT,1207,1155.0,-12.0,39.0,1234.0,79,101.0,58.0,422,1432.0,4.0,1426,1436.0,10.0,0,0,,,,2015-1-7,Delta Air Lines Inc.
Chicago,IL,Milwaukee,WI,735,735.0,0.0,33.0,808.0,47,55.0,18.0,67,826.0,4.0,822,830.0,8.0,0,0,,,,2015-9-20,Skywest Airlines Inc.
St Louis,MO,Los Angeles,CA,1210,1216.0,6.0,11.0,1227.0,262,225.0,200.0,1592,1347.0,14.0,1432,1401.0,-31.0,0,0,,,,2015-3-26,American Airlines Inc.
Palm Springs,CA,Phoenix,AZ,1025,1319.0,174.0,13.0,1332.0,66,68.0,48.0,261,1420.0,7.0,1131,1427.0,176.0,0,0,2.0,0.0,0.0,2015-7-15,Skywest Airlines Inc.
Ontario,CA,Oakland,CA,2025,2051.0,26.0,6.0,2057.0,75,69.0,58.0,362,2155.0,5.0,2140,2200.0,20.0,0,0,0.0,0.0,0.0,2015-2-26,Southwest Airlines Co.
Ft. Lauderdale,FL,Chicago,IL,815,811.0,-4.0,14.0,825.0,201,193.0,171.0,1182,1016.0,8.0,1036,1024.0,-12.0,0,0,,,,2015-1-19,American Airlines Inc.
Birmingham,AL,Chicago,IL,930,955.0,25.0,6.0,1001.0,110,97.0,85.0,570,1126.0,6.0,1120,1132.0,12.0,0,0,,,,2015-8-5,Southwest Airlines Co.
Minneapolis,MN,Denver,CO,1915,1939.0,24.0,10.0,1949.0,135,112.0,96.0,680,2025.0,6.0,2030,2031.0,1.0,0,0,,,,2015-2-24,Southwest Airlines Co.
Miami,FL,Arlington,VA,2015,2009.0,-6.0,13.0,2022.0,155,143.0,123.0,919,2225.0,7.0,2250,2232.0,-18.0,0,0,,,,2015-9-19,American Airlines Inc.
Nashville,TN,Newark,NJ,600,651.0,51.0,,,133,,,748,,,913,,,0,1,,,,2015-2-16,Atlantic Southeast Airlines
Chicago,IL,Atlanta,GA,1835,1833.0,-2.0,11.0,1844.0,121,96.0,78.0,606,2102.0,7.0,2136,2109.0,-27.0,0,0,,,,2015-11-13,American Airlines Inc.
Houston,TX,Bakersfield,CA,911,925.0,14.0,26.0,951.0,238,255.0,225.0,1428,1136.0,4.0,1109,1140.0,31.0,0,0,17.0,0.0,0.0,2015-2-27,Skywest Airlines Inc.
Spokane,WA,Las Vegas,NV,1625,1618.0,-7.0,8.0,1626.0,135,135.0,121.0,806,1827.0,6.0,1840,1833.0,-7.0,0,0,,,,2015-6-1,Southwest Airlines Co.
Des Moines,IA,Minneapolis,MN,1930,1918.0,-12.0,12.0,1930.0,62,58.0,40.0,232,2010.0,6.0,2032,2016.0,-16.0,0,0,,,,2015-7-19,Skywest Airlines Inc.
Colorado Springs,CO,Los Angeles,CA,634,631.0,-3.0,24.0,655.0,156,175.0,124.0,833,759.0,27.0,810,826.0,16.0,0,0,16.0,0.0,0.0,2015-8-8,Skywest Airlines Inc.
Boston,MA,Baltimore,MD,910,910.0,0.0,16.0,926.0,100,83.0,62.0,369,1028.0,5.0,1050,1033.0,-17.0,0,0,,,,2015-5-15,Southwest Airlines Co.
Baltimore,MD,Louisville,KY,835,,,,,115,,,495,,,1030,,,0,1,,,,2015-2-2,Southwest Airlines Co.
Denver,CO,Dallas-Fort Worth,TX,625,625.0,0.0,20.0,645.0,120,119.0,84.0,641,909.0,15.0,925,924.0,-1.0,0,0,,,,2015-7-14,American Airlines Inc.
New York,NY,San Diego,CA,1925,1919.0,-6.0,16.0,1935.0,382,371.0,349.0,2446,2224.0,6.0,2247,2230.0,-17.0,0,0,,,,2015-11-29,Delta Air Lines Inc.
Philadelphia,PA,Atlanta,GA,1645,1642.0,-3.0,23.0,1705.0,142,126.0,97.0,666,1842.0,6.0,1907,1848.0,-19.0,0,0,,,,2015-9-7,Delta Air Lines Inc.
Baltimore,MD,Atlanta,GA,1715,1708.0,-7.0,13.0,1721.0,120,105.0,84.0,577,1845.0,8.0,1915,1853.0,-22.0,0,0,,,,2015-9-15,Southwest Airlines Co.
Atlanta,GA,Montgomery,AL,818,815.0,-3.0,18.0,833.0,58,57.0,35.0,147,808.0,4.0,816,812.0,-4.0,0,0,,,,2015-12-18,Atlantic Southeast Airlines
Atlanta,GA,Des Moines,IA,2045,2044.0,-1.0,24.0,2108.0,141,130.0,100.0,743,2148.0,6.0,2206,2154.0,-12.0,0,0,,,,2015-3-10,Delta Air Lines Inc.
Philadelphia,PA,Ft. Myers,FL,1810,1845.0,35.0,49.0,1934.0,185,180.0,128.0,993,2142.0,3.0,2115,2145.0,30.0,0,0,0.0,0.0,19.0,2015-7-14,American Airlines Inc.
Los Angeles,CA,Tucson,AZ,1950,1953.0,3.0,19.0,2012.0,93,88.0,65.0,451,2117.0,4.0,2123,2121.0,-2.0,0,0,,,,2015-9-2,Skywest Airlines Inc.
Orlando,FL,Islip,NY,2045,2146.0,61.0,13.0,2159.0,150,146.0,127.0,971,6.0,6.0,2315,12.0,57.0,0,0,0.0,0.0,0.0,2015-8-11,Southwest Airlines Co.
Joplin,MO,Dallas-Fort Worth,TX,1440,1446.0,6.0,15.0,1501.0,82,86.0,62.0,327,1603.0,9.0,1602,1612.0,10.0,0,0,,,,2015-8-20,Atlantic Southeast Airlines
Pittsburgh,PA,Ft. Lauderdale,FL,745,740.0,-5.0,11.0,751.0,155,146.0,132.0,994,1003.0,3.0,1020,1006.0,-14.0,0,0,,,,2015-7-21,Southwest Airlines Co.
Atlanta,GA,Augusta,GA,2256,2255.0,-1.0,16.0,2311.0,51,49.0,29.0,143,2340.0,4.0,2347,2344.0,-3.0,0,0,,,,2015-5-4,Delta Air Lines Inc.
Phoenix,AZ,San Diego,CA,1540,1540.0,0.0,7.0,1547.0,65,61.0,50.0,304,1637.0,4.0,1645,1641.0,-4.0,0,0,,,,2015-9-11,Southwest Airlines Co.
Newark,NJ,Dallas-Fort Worth,TX,1515,1521.0,6.0,14.0,1535.0,239,227.0,196.0,1372,1751.0,17.0,1814,1808.0,-6.0,0,0,,,,2015-11-2,American Airlines Inc.
Indianapolis,IN,Newark,NJ,1611,1857.0,166.0,8.0,1905.0,125,108.0,93.0,645,2038.0,7.0,1816,2045.0,149.0,0,0,0.0,0.0,0.0,2015-7-28,Atlantic Southeast Airlines
New Orleans,LA,New York,NY,600,601.0,1.0,12.0,613.0,175,150.0,132.0,1183,925.0,6.0,955,931.0,-24.0,0,0,,,,2015-12-29,Delta Air Lines Inc.
Raleigh,NC,Cleveland,OH,1914,1912.0,-2.0,15.0,1927.0,98,88.0,65.0,416,2032.0,8.0,2052,2040.0,-12.0,0,0,,,,2015-12-2,Atlantic Southeast Airlines
Dallas-Fort Worth,TX,Des Moines,IA,1230,1223.0,-7.0,18.0,1241.0,118,113.0,85.0,624,1406.0,10.0,1428,1416.0,-12.0,0,0,,,,2015-5-18,American Airlines Inc.
New Orleans,LA,Atlanta,GA,1315,1309.0,-6.0,9.0,1318.0,90,78.0,61.0,425,1519.0,8.0,1545,1527.0,-18.0,0,0,,,,2015-5-20,Delta Air Lines Inc.
Seattle,WA,San Francisco,CA,1418,1413.0,-5.0,22.0,1435.0,131,133.0,106.0,679,1621.0,5.0,1629,1626.0,-3.0,0,0,,,,2015-7-24,Skywest Airlines Inc.
Dallas,TX,Phoenix,AZ,1330,1340.0,10.0,7.0,1347.0,160,153.0,139.0,879,1506.0,7.0,1510,1513.0,3.0,0,0,,,,2015-2-26,Southwest Airlines Co.
Houston,TX,Jackson,MS,1311,1308.0,-3.0,22.0,1330.0,80,84.0,55.0,351,1425.0,7.0,1431,1432.0,1.0,0,0,,,,2015-9-9,Atlantic Southeast Airlines
Nashville,TN,Atlanta,GA,1841,1840.0,-1.0,12.0,1852.0,78,61.0,36.0,214,2028.0,13.0,2059,2041.0,-18.0,0,0,,,,2015-6-17,Delta Air Lines Inc.
Cleveland,OH,Phoenix,AZ,1630,1642.0,12.0,12.0,1654.0,260,250.0,231.0,1737,1745.0,7.0,1750,1752.0,2.0,0,0,,,,2015-9-9,Southwest Airlines Co.
Birmingham,AL,Houston,TX,1802,1937.0,95.0,10.0,1947.0,117,104.0,83.0,562,2110.0,11.0,1959,2121.0,82.0,0,0,0.0,0.0,82.0,2015-5-30,Atlantic Southeast Airlines
San Francisco,CA,Newark,NJ,1630,1629.0,-1.0,18.0,1647.0,337,313.0,285.0,2565,32.0,10.0,107,42.0,-25.0,0,0,,,,2015-6-22,United Air Lines Inc.
Las Vegas,NV,Chicago,IL,1040,1225.0,105.0,18.0,1243.0,219,253.0,175.0,1514,1738.0,60.0,1619,1838.0,139.0,0,0,139.0,0.0,0.0,2015-3-23,United Air Lines Inc.
Seattle,WA,Spokane,WA,1110,1107.0,-3.0,14.0,1121.0,62,58.0,41.0,224,1202.0,3.0,1212,1205.0,-7.0,0,0,,,,2015-3-9,Skywest Airlines Inc.
Kalispell,MT,Minneapolis,MN,1430,1429.0,-1.0,12.0,1441.0,152,145.0,127.0,1026,1748.0,6.0,1802,1754.0,-8.0,0,0,,,,2015-9-29,Delta Air Lines Inc.
San Antonio,TX,Dallas,TX,1650,1650.0,0.0,12.0,1702.0,60,64.0,47.0,248,1749.0,5.0,1750,1754.0,4.0,0,0,,,,2015-12-10,Southwest Airlines Co.
Denver,CO,San Jose,CA,2110,2323.0,133.0,10.0,2333.0,150,143.0,128.0,948,41.0,5.0,2240,46.0,126.0,0,0,0.0,0.0,0.0,2015-4-10,Southwest Airlines Co.
Atlanta,GA,New York,NY,745,742.0,-3.0,13.0,755.0,129,119.0,98.0,762,933.0,8.0,954,941.0,-13.0,0,0,,,,2015-1-12,Delta Air Lines Inc.
Miami,FL,Charlotte Amalie,VI,1915,1910.0,-5.0,12.0,1922.0,164,151.0,135.0,1107,2137.0,4.0,2159,2141.0,-18.0,0,0,,,,2015-9-8,American Airlines Inc.
Chicago,IL,Arlington,VA,1400,1426.0,26.0,15.0,1441.0,113,95.0,76.0,612,1657.0,4.0,1653,1701.0,8.0,0,0,,,,2015-3-24,United Air Lines Inc.
Raleigh,NC,Tampa,FL,700,655.0,-5.0,8.0,703.0,105,95.0,82.0,587,825.0,5.0,845,830.0,-15.0,0,0,,,,2015-7-24,Southwest Airlines Co.
Chicago,IL,Detroit,MI,2200,2158.0,-2.0,13.0,2211.0,65,52.0,34.0,228,2345.0,5.0,5,2350.0,-15.0,0,0,,,,2015-11-6,Southwest Airlines Co.
Phoenix,AZ,Philadelphia,PA,35,32.0,-3.0,12.0,44.0,270,257.0,241.0,2075,745.0,4.0,805,749.0,-16.0,0,0,,,,2015-8-9,American Airlines Inc.
Birmingham,AL,Baltimore,MD,1810,1805.0,-5.0,12.0,1817.0,120,128.0,99.0,682,2056.0,17.0,2110,2113.0,3.0,0,0,,,,2015-5-3,Southwest Airlines Co.
Louisville,KY,Baltimore,MD,1555,1602.0,7.0,13.0,1615.0,90,89.0,71.0,495,1726.0,5.0,1725,1731.0,6.0,0,0,,,,2015-11-19,Southwest Airlines Co.
Chicago,IL,Orlando,FL,1217,1223.0,6.0,18.0,1241.0,168,159.0,131.0,1005,1552.0,10.0,1605,1602.0,-3.0,0,0,,,,2015-8-24,American Airlines Inc.
Las Vegas,NV,San Jose,CA,2115,2116.0,1.0,10.0,2126.0,80,85.0,58.0,386,2224.0,17.0,2235,2241.0,6.0,0,0,,,,2015-4-16,Southwest Airlines Co.
New Orleans,LA,Houston,TX,755,752.0,-3.0,10.0,802.0,80,69.0,56.0,302,858.0,3.0,915,901.0,-14.0,0,0,,,,2015-1-11,Southwest Airlines Co.
Las Vegas,NV,Reno,NV,1755,1751.0,-4.0,13.0,1804.0,75,80.0,64.0,345,1908.0,3.0,1910,1911.0,1.0,0,0,,,,2015-4-15,Southwest Airlines Co.
New Orleans,LA,Dallas,TX,700,655.0,-5.0,9.0,704.0,90,82.0,68.0,436,812.0,5.0,830,817.0,-13.0,0,0,,,,2015-3-4,Southwest Airlines Co.
Minneapolis,MN,Chicago,IL,1716,1715.0,-1.0,12.0,1727.0,83,73.0,52.0,334,1819.0,9.0,1839,1828.0,-11.0,0,0,,,,2015-3-13,Delta Air Lines Inc.
Boston,MA,Charlotte,NC,1910,2149.0,159.0,15.0,2204.0,144,132.0,112.0,728,2356.0,5.0,2134,1.0,147.0,0,0,0.0,0.0,0.0,2015-8-20,American Airlines Inc.
Atlanta,GA,St Louis,MO,1139,1202.0,23.0,10.0,1212.0,96,90.0,76.0,484,1228.0,4.0,1215,1232.0,17.0,0,0,0.0,0.0,0.0,2015-3-30,Delta Air Lines Inc.
Tampa,FL,Atlanta,GA,730,723.0,-7.0,27.0,750.0,95,96.0,57.0,406,847.0,12.0,905,859.0,-6.0,0,0,,,,2015-9-24,Delta Air Lines Inc.
Baltimore,MD,Little Rock,AR,810,806.0,-4.0,7.0,813.0,170,160.0,149.0,912,942.0,4.0,1000,946.0,-14.0,0,0,,,,2015-2-3,Southwest Airlines Co.
Austin,TX,Dallas,TX,1935,2009.0,34.0,11.0,2020.0,55,49.0,34.0,189,2054.0,4.0,2030,2058.0,28.0,0,0,0.0,0.0,0.0,2015-1-14,Southwest Airlines Co.
Las Vegas,NV,St Louis,MO,1935,2005.0,30.0,11.0,2016.0,185,171.0,155.0,1371,51.0,5.0,40,56.0,16.0,0,0,0.0,0.0,0.0,2015-8-6,Southwest Airlines Co.
Dallas,TX,Wichita,KS,1205,1202.0,-3.0,9.0,1211.0,70,65.0,51.0,333,1302.0,5.0,1315,1307.0,-8.0,0,0,,,,2015-11-8,Southwest Airlines Co.
Dallas,TX,San Antonio,TX,2140,2149.0,9.0,9.0,2158.0,60,58.0,44.0,248,2242.0,5.0,2240,2247.0,7.0,0,0,,,,2015-6-7,Southwest Airlines Co.
Atlanta,GA,Albany,NY,1950,1945.0,-5.0,21.0,2006.0,146,134.0,109.0,853,2155.0,4.0,2216,2159.0,-17.0,0,0,,,,2015-6-7,Delta Air Lines Inc.
Atlanta,GA,Dallas-Fort Worth,TX,740,746.0,6.0,28.0,814.0,153,148.0,115.0,731,909.0,5.0,913,914.0,1.0,0,0,,,,2015-12-30,American Airlines Inc.
New York,NY,Chicago,IL,1055,1050.0,-5.0,22.0,1112.0,164,150.0,111.0,733,1203.0,17.0,1239,1220.0,-19.0,0,0,,,,2015-6-6,American Airlines Inc.
Chantilly,VA,Boston,MA,1718,1722.0,4.0,16.0,1738.0,95,83.0,61.0,413,1839.0,6.0,1853,1845.0,-8.0,0,0,,,,2015-7-13,United Air Lines Inc.
Arlington,VA,Dallas-Fort Worth,TX,600,558.0,-2.0,14.0,612.0,217,198.0,167.0,1192,759.0,17.0,837,816.0,-21.0,0,0,,,,2015-1-17,American Airlines Inc.
Cleveland,OH,Denver,CO,1658,1659.0,1.0,12.0,1711.0,193,186.0,166.0,1201,1757.0,8.0,1811,1805.0,-6.0,0,0,,,,2015-7-11,United Air Lines Inc.
Newark,NJ,Manchester,NH,1434,1424.0,-10.0,16.0,1440.0,71,60.0,40.0,209,1520.0,4.0,1545,1524.0,-21.0,0,0,,,,2015-3-25,Atlantic Southeast Airlines
Ontario,CA,Oakland,CA,845,842.0,-3.0,8.0,850.0,70,67.0,53.0,362,943.0,6.0,955,949.0,-6.0,0,0,,,,2015-7-28,Southwest Airlines Co.
Midland,TX,Dallas,TX,1810,,,,,65,,,319,,,1915,,,0,1,,,,2015-3-4,Southwest Airlines Co.
St Louis,MO,Minneapolis,MN,1926,1916.0,-10.0,7.0,1923.0,94,90.0,75.0,448,2038.0,8.0,2100,2046.0,-14.0,0,0,,,,2015-1-6,Skywest Airlines Inc.
Anchorage,AK,Minneapolis,MN,2140,2138.0,-2.0,17.0,2155.0,310,298.0,275.0,2519,530.0,6.0,550,536.0,-14.0,0,0,,,,2015-9-25,Delta Air Lines Inc.
Orlando,FL,Atlanta,GA,520,518.0,-2.0,14.0,532.0,79,76.0,56.0,404,628.0,6.0,639,634.0,-5.0,0,0,,,,2015-8-22,Delta Air Lines Inc.
New York,NY,Dallas-Fort Worth,TX,1535,1535.0,0.0,13.0,1548.0,245,212.0,189.0,1389,1757.0,10.0,1840,1807.0,-33.0,0,0,,,,2015-9-1,American Airlines Inc.
San Francisco,CA,Eugene,OR,830,823.0,-7.0,17.0,840.0,97,92.0,72.0,451,952.0,3.0,1007,955.0,-12.0,0,0,,,,2015-5-9,Skywest Airlines Inc.
San Francisco,CA,Chicago,IL,2301,2307.0,6.0,15.0,2322.0,252,237.0,218.0,1846,500.0,4.0,513,504.0,-9.0,0,0,,,,2015-5-12,United Air Lines Inc.
San Francisco,CA,Austin,TX,1825,1824.0,-1.0,13.0,1837.0,206,197.0,179.0,1504,2336.0,5.0,2351,2341.0,-10.0,0,0,,,,2015-3-6,United Air Lines Inc.
Lafayette,LA,Atlanta,GA,1124,1213.0,49.0,15.0,1228.0,108,97.0,68.0,503,1436.0,14.0,1412,1450.0,38.0,0,0,0.0,0.0,0.0,2015-8-30,Atlantic Southeast Airlines
Austin,TX,San Francisco,CA,600,559.0,-1.0,11.0,610.0,238,214.0,200.0,1504,730.0,3.0,758,733.0,-25.0,0,0,,,,2015-6-23,Skywest Airlines Inc.
Portland,ME,Atlanta,GA,700,655.0,-5.0,8.0,703.0,175,168.0,152.0,1027,935.0,8.0,955,943.0,-12.0,0,0,,,,2015-5-13,Delta Air Lines Inc.
Chicago,IL,Arlington,VA,1206,1214.0,8.0,14.0,1228.0,113,100.0,81.0,612,1449.0,5.0,1459,1454.0,-5.0,0,0,,,,2015-8-5,Skywest Airlines Inc.
Cleveland,OH,Arlington,VA,1712,1708.0,-4.0,13.0,1721.0,80,68.0,50.0,310,1811.0,5.0,1832,1816.0,-16.0,0,0,,,,2015-11-8,Atlantic Southeast Airlines
Chantilly,VA,Los Angeles,CA,929,923.0,-6.0,10.0,933.0,331,308.0,293.0,2288,1126.0,5.0,1200,1131.0,-29.0,0,0,,,,2015-8-27,United Air Lines Inc.
Cleveland,OH,Atlanta,GA,1454,1449.0,-5.0,8.0,1457.0,119,107.0,91.0,554,1628.0,8.0,1653,1636.0,-17.0,0,0,,,,2015-4-16,Delta Air Lines Inc.
New York,NY,West Palm Beach,FL,805,759.0,-6.0,26.0,825.0,184,186.0,154.0,1035,1059.0,6.0,1109,1105.0,-4.0,0,0,,,,2015-7-1,Delta Air Lines Inc.
Orlando,FL,Detroit,MI,1600,1555.0,-5.0,14.0,1609.0,161,156.0,135.0,957,1824.0,7.0,1841,1831.0,-10.0,0,0,,,,2015-1-18,Delta Air Lines Inc.
Philadelphia,PA,Chicago,IL,1759,1754.0,-5.0,31.0,1825.0,150,147.0,108.0,678,1913.0,8.0,1929,1921.0,-8.0,0,0,,,,2015-4-12,American Airlines Inc.
Memphis,TN,Chicago,IL,550,545.0,-5.0,12.0,557.0,95,85.0,67.0,480,704.0,6.0,725,710.0,-15.0,0,0,,,,2015-3-12,Southwest Airlines Co.
New York,NY,West Palm Beach,FL,1031,1049.0,18.0,28.0,1117.0,194,184.0,152.0,1035,1349.0,4.0,1345,1353.0,8.0,0,0,,,,2015-3-6,Delta Air Lines Inc.
Las Vegas,NV,Charlotte,NC,2255,2255.0,0.0,13.0,2308.0,254,239.0,221.0,1916,549.0,5.0,609,554.0,-15.0,0,0,,,,2015-7-16,American Airlines Inc.
Sacramento,CA,San Diego,CA,1710,1707.0,-3.0,8.0,1715.0,85,83.0,71.0,480,1826.0,4.0,1835,1830.0,-5.0,0,0,,,,2015-4-8,Southwest Airlines Co.
Las Vegas,NV,Newark,NJ,2341,108.0,87.0,10.0,118.0,290,258.0,238.0,2227,816.0,10.0,731,826.0,55.0,0,0,0.0,0.0,0.0,2015-7-21,United Air Lines Inc.
Houston,TX,Nashville,TN,1922,1915.0,-7.0,17.0,1932.0,124,117.0,92.0,657,2104.0,8.0,2126,2112.0,-14.0,0,0,,,,2015-6-7,Skywest Airlines Inc.
Bismarck,ND,Denver,CO,2033,2031.0,-2.0,8.0,2039.0,107,94.0,80.0,516,2059.0,6.0,2120,2105.0,-15.0,0,0,,,,2015-6-2,Skywest Airlines Inc.
Chicago,IL,Allentown,PA,805,801.0,-4.0,16.0,817.0,115,112.0,85.0,654,1042.0,11.0,1100,1053.0,-7.0,0,0,,,,2015-6-19,Atlantic Southeast Airlines
Pensacola,FL,Dallas-Fort Worth,TX,708,657.0,-11.0,5.0,702.0,126,137.0,95.0,604,837.0,37.0,914,914.0,0.0,0,0,,,,2015-3-8,American Airlines Inc.
Detroit,MI,Boston,MA,2145,2253.0,68.0,16.0,2309.0,107,101.0,78.0,632,27.0,7.0,2332,34.0,62.0,0,0,0.0,0.0,0.0,2015-3-20,Delta Air Lines Inc.
Charlotte,NC,Cleveland,OH,1310,1304.0,-6.0,30.0,1334.0,95,104.0,67.0,430,1441.0,7.0,1445,1448.0,3.0,0,0,,,,2015-7-7,American Airlines Inc.
Minneapolis,MN,Seattle,WA,2146,2143.0,-3.0,11.0,2154.0,215,223.0,175.0,1399,2249.0,37.0,2321,2326.0,5.0,0,0,,,,2015-9-11,Delta Air Lines Inc.
Las Vegas,NV,Oakland,CA,1225,1246.0,21.0,14.0,1300.0,85,85.0,64.0,407,1404.0,7.0,1350,1411.0,21.0,0,0,0.0,0.0,0.0,2015-6-22,Southwest Airlines Co.
Santa Ana,CA,Dallas-Fort Worth,TX,915,912.0,-3.0,8.0,920.0,173,165.0,143.0,1205,1343.0,14.0,1408,1357.0,-11.0,0,0,,,,2015-4-16,American Airlines Inc.
Oakland,CA,Burbank,CA,1815,1811.0,-4.0,12.0,1823.0,65,63.0,47.0,325,1910.0,4.0,1920,1914.0,-6.0,0,0,,,,2015-11-10,Southwest Airlines Co.
Baltimore,MD,Raleigh,NC,815,814.0,-1.0,23.0,837.0,70,71.0,43.0,255,920.0,5.0,925,925.0,0.0,0,0,,,,2015-7-28,Southwest Airlines Co.
Newark,NJ,Nashville,TN,1939,1950.0,11.0,17.0,2007.0,157,149.0,123.0,748,2110.0,9.0,2116,2119.0,3.0,0,0,,,,2015-3-10,Atlantic Southeast Airlines
Dallas-Fort Worth,TX,Columbia,SC,1825,2111.0,166.0,14.0,2125.0,148,125.0,107.0,922,12.0,4.0,2153,16.0,143.0,0,0,0.0,0.0,0.0,2015-4-25,Atlantic Southeast Airlines
Cleveland,OH,New York,NY,614,609.0,-5.0,39.0,648.0,96,112.0,66.0,419,754.0,7.0,750,801.0,11.0,0,0,,,,2015-11-30,Atlantic Southeast Airlines
Boston,MA,Dallas-Fort Worth,TX,1550,1629.0,39.0,30.0,1659.0,277,260.0,222.0,1562,1941.0,8.0,1927,1949.0,22.0,0,0,0.0,0.0,0.0,2015-12-12,American Airlines Inc.
Louisville,KY,Atlanta,GA,1232,1231.0,-1.0,19.0,1250.0,95,81.0,57.0,321,1347.0,5.0,1407,1352.0,-15.0,0,0,,,,2015-2-18,Delta Air Lines Inc.
Portland,ME,Atlanta,GA,620,,,,,195,,,1027,,,935,,,0,1,,,,2015-2-25,Delta Air Lines Inc.
San Francisco,CA,Newark,NJ,1030,1031.0,1.0,16.0,1047.0,336,332.0,307.0,2565,1854.0,9.0,1906,1903.0,-3.0,0,0,,,,2015-1-2,United Air Lines Inc.
Los Angeles,CA,Oakland,CA,2045,2304.0,139.0,26.0,2330.0,85,83.0,51.0,337,21.0,6.0,2210,27.0,137.0,0,0,0.0,0.0,0.0,2015-7-18,Skywest Airlines Inc.
Dallas,TX,Los Angeles,CA,1945,2011.0,26.0,10.0,2021.0,200,204.0,178.0,1246,2119.0,16.0,2105,2135.0,30.0,0,0,4.0,0.0,0.0,2015-4-19,Southwest Airlines Co.
Baltimore,MD,Tampa,FL,1605,1636.0,31.0,10.0,1646.0,145,143.0,129.0,842,1855.0,4.0,1830,1859.0,29.0,0,0,0.0,0.0,0.0,2015-4-16,Southwest Airlines Co.
Baton Rouge,LA,Houston,TX,1717,1708.0,-9.0,10.0,1718.0,69,60.0,44.0,253,1802.0,6.0,1826,1808.0,-18.0,0,0,,,,2015-7-27,Atlantic Southeast Airlines
Chicago,IL,Kansas City,MO,950,950.0,0.0,10.0,1000.0,90,76.0,63.0,405,1103.0,3.0,1120,1106.0,-14.0,0,0,,,,2015-11-25,Southwest Airlines Co.
Green Bay,WI,Chicago,IL,525,522.0,-3.0,15.0,537.0,59,62.0,37.0,173,614.0,10.0,624,624.0,0.0,0,0,,,,2015-3-22,Atlantic Southeast Airlines
Atlanta,GA,Austin,TX,2110,2236.0,86.0,15.0,2251.0,135,133.0,111.0,813,2342.0,7.0,2225,2349.0,84.0,0,0,0.0,0.0,0.0,2015-6-24,Southwest Airlines Co.
Lubbock,TX,Denver,CO,837,830.0,-7.0,16.0,846.0,101,90.0,68.0,456,854.0,6.0,918,900.0,-18.0,0,0,,,,2015-11-25,Skywest Airlines Inc.
Green Bay,WI,Chicago,IL,1717,1705.0,-12.0,4.0,1709.0,63,62.0,43.0,173,1752.0,15.0,1820,1807.0,-13.0,0,0,,,,2015-11-16,Atlantic Southeast Airlines
Phoenix,AZ,Houston,TX,1329,1331.0,2.0,10.0,1341.0,155,149.0,125.0,1009,1746.0,14.0,1804,1800.0,-4.0,0,0,,,,2015-4-2,United Air Lines Inc.
San Diego,CA,Houston,TX,1230,1239.0,9.0,14.0,1253.0,185,180.0,163.0,1313,1736.0,3.0,1735,1739.0,4.0,0,0,,,,2015-9-26,Southwest Airlines Co.
Baltimore,MD,Louisville,KY,1530,1525.0,-5.0,7.0,1532.0,110,100.0,87.0,495,1659.0,6.0,1720,1705.0,-15.0,0,0,,,,2015-1-25,Southwest Airlines Co.
Atlanta,GA,Madison,WI,1454,1501.0,7.0,14.0,1515.0,132,111.0,94.0,707,1549.0,3.0,1606,1552.0,-14.0,0,0,,,,2015-5-26,Delta Air Lines Inc.
Newark,NJ,Los Angeles,CA,826,853.0,27.0,41.0,934.0,381,364.0,306.0,2454,1140.0,17.0,1147,1157.0,10.0,0,0,,,,2015-5-1,United Air Lines Inc.
Dallas,TX,Philadelphia,PA,825,820.0,-5.0,12.0,832.0,185,182.0,152.0,1295,1204.0,18.0,1230,1222.0,-8.0,0,0,,,,2015-12-12,Southwest Airlines Co.
Jackson,WY,Denver,CO,1305,1257.0,-8.0,17.0,1314.0,84,93.0,59.0,406,1413.0,17.0,1429,1430.0,1.0,0,0,,,,2015-8-30,Skywest Airlines Inc.
Lexington,KY,Atlanta,GA,1351,1346.0,-5.0,12.0,1358.0,89,75.0,56.0,304,1454.0,7.0,1520,1501.0,-19.0,0,0,,,,2015-9-14,Delta Air Lines Inc.
Traverse City,MI,Detroit,MI,1021,1010.0,-11.0,18.0,1028.0,63,88.0,61.0,207,1129.0,9.0,1124,1138.0,14.0,0,0,,,,2015-6-13,Skywest Airlines Inc.
Phoenix,AZ,Los Angeles,CA,1956,1950.0,-6.0,16.0,2006.0,88,82.0,60.0,370,2006.0,6.0,2024,2012.0,-12.0,0,0,,,,2015-12-12,Skywest Airlines Inc.
Huntsville,AL,Atlanta,GA,650,650.0,0.0,20.0,710.0,68,61.0,36.0,151,846.0,5.0,858,851.0,-7.0,0,0,,,,2015-1-4,Delta Air Lines Inc.
Boston,MA,Newark,NJ,1558,1609.0,11.0,30.0,1639.0,90,97.0,50.0,200,1729.0,17.0,1728,1746.0,18.0,0,0,18.0,0.0,0.0,2015-6-6,United Air Lines Inc.
Burbank,CA,Las Vegas,NV,1705,1740.0,35.0,11.0,1751.0,65,57.0,42.0,223,1833.0,4.0,1810,1837.0,27.0,0,0,0.0,0.0,0.0,2015-9-17,Southwest Airlines Co.
Minneapolis,MN,Hibbing,MN,1952,1944.0,-8.0,73.0,2057.0,69,112.0,35.0,174,2132.0,4.0,2101,2136.0,35.0,0,0,35.0,0.0,0.0,2015-1-20,Skywest Airlines Inc.
Pittsburgh,PA,Atlanta,GA,700,657.0,-3.0,64.0,801.0,125,143.0,74.0,526,915.0,5.0,905,920.0,15.0,0,0,15.0,0.0,0.0,2015-2-15,Delta Air Lines Inc.
Chicago,IL,Houston,TX,1928,1938.0,10.0,18.0,1956.0,172,144.0,122.0,925,2158.0,4.0,2220,2202.0,-18.0,0,0,,,,2015-7-30,United Air Lines Inc.
Orlando,FL,Denver,CO,811,807.0,-4.0,10.0,817.0,250,243.0,220.0,1546,957.0,13.0,1021,1010.0,-11.0,0,0,,,,2015-11-13,United Air Lines Inc.
Ft. Lauderdale,FL,Atlanta,GA,1505,1706.0,121.0,14.0,1720.0,125,,,581,2147.0,9.0,1710,2156.0,,1,0,,,,2015-8-10,Southwest Airlines Co.
Dayton,OH,Baltimore,MD,605,601.0,-4.0,12.0,613.0,85,77.0,61.0,406,714.0,4.0,730,718.0,-12.0,0,0,,,,2015-2-28,Southwest Airlines Co.
Charlotte,NC,New York,NY,1825,1842.0,17.0,62.0,1944.0,114,146.0,78.0,544,2102.0,6.0,2019,2108.0,49.0,0,0,32.0,10.0,0.0,2015-7-16,American Airlines Inc.
New York,NY,Charlotte,NC,955,950.0,-5.0,18.0,1008.0,136,110.0,84.0,544,1132.0,8.0,1211,1140.0,-31.0,0,0,,,,2015-11-14,American Airlines Inc.
Baltimore,MD,Salt Lake City,UT,715,712.0,-3.0,14.0,726.0,298,306.0,284.0,1865,1010.0,8.0,1013,1018.0,5.0,0,0,,,,2015-1-9,Delta Air Lines Inc.
Chicago,IL,Tulsa,OK,2015,2015.0,0.0,11.0,2026.0,122,102.0,86.0,585,2152.0,5.0,2217,2157.0,-20.0,0,0,,,,2015-3-31,American Airlines Inc.
New Orleans,LA,Los Angeles,CA,717,717.0,0.0,41.0,758.0,248,256.0,202.0,1670,920.0,13.0,925,933.0,8.0,0,0,,,,2015-8-12,Delta Air Lines Inc.
Vernal,UT,Salt Lake City,UT,658,646.0,-12.0,5.0,651.0,52,50.0,38.0,132,729.0,7.0,750,736.0,-14.0,0,0,,,,2015-1-30,Skywest Airlines Inc.
Newark,NJ,San Juan,PR,910,908.0,-2.0,23.0,931.0,240,232.0,198.0,1608,1249.0,11.0,1310,1300.0,-10.0,0,0,,,,2015-9-23,United Air Lines Inc.
Fayetteville/Springdale/Rogers,AR,Atlanta,GA,921,918.0,-3.0,16.0,934.0,104,102.0,81.0,589,1155.0,5.0,1205,1200.0,-5.0,0,0,,,,2015-8-12,Atlantic Southeast Airlines
Miami,FL,New York,NY,705,710.0,5.0,16.0,726.0,169,171.0,149.0,1089,955.0,6.0,954,1001.0,7.0,0,0,,,,2015-1-28,American Airlines Inc.
Albany,NY,Chicago,IL,1726,1806.0,40.0,9.0,1815.0,141,151.0,108.0,723,1903.0,34.0,1847,1937.0,50.0,0,0,10.0,0.0,13.0,2015-5-27,United Air Lines Inc.
Minneapolis,MN,Boston,MA,1920,1919.0,-1.0,8.0,1927.0,165,150.0,133.0,1124,2240.0,9.0,2305,2249.0,-16.0,0,0,,,,2015-5-16,Delta Air Lines Inc.
Kansas City,MO,Los Angeles,CA,530,528.0,-2.0,10.0,538.0,225,227.0,206.0,1363,704.0,11.0,715,715.0,0.0,0,0,,,,2015-11-19,Southwest Airlines Co.
Milwaukee,WI,Dallas-Fort Worth,TX,700,700.0,0.0,16.0,716.0,160,168.0,142.0,853,938.0,10.0,940,948.0,8.0,0,0,,,,2015-5-23,American Airlines Inc.
Atlanta,GA,Pittsburgh,PA,2010,2214.0,124.0,17.0,2231.0,105,95.0,71.0,526,2342.0,7.0,2155,2349.0,114.0,0,0,0.0,0.0,0.0,2015-8-1,Southwest Airlines Co.
Minneapolis,MN,Dayton,OH,1012,1006.0,-6.0,17.0,1023.0,111,110.0,89.0,574,1252.0,4.0,1303,1256.0,-7.0,0,0,,,,2015-5-28,Skywest Airlines Inc.
Dallas-Fort Worth,TX,Corpus Christi,TX,730,722.0,-8.0,13.0,735.0,76,,,354,1043.0,3.0,846,1046.0,,1,0,,,,2015-2-9,Atlantic Southeast Airlines
Atlanta,GA,Bristol,TN,1145,1138.0,-7.0,11.0,1149.0,57,50.0,36.0,227,1225.0,3.0,1242,1228.0,-14.0,0,0,,,,2015-1-9,Atlantic Southeast Airlines
Denver,CO,Amarillo,TX,1005,951.0,-14.0,25.0,1016.0,74,85.0,54.0,359,1210.0,6.0,1219,1216.0,-3.0,0,0,,,,2015-8-13,Skywest Airlines Inc.
St Louis,MO,Minneapolis,MN,2125,2152.0,27.0,9.0,2201.0,90,81.0,67.0,448,2308.0,5.0,2255,2313.0,18.0,0,0,0.0,0.0,0.0,2015-4-12,Southwest Airlines Co.
Boston,MA,Detroit,MI,549,544.0,-5.0,13.0,557.0,125,124.0,91.0,632,728.0,20.0,754,748.0,-6.0,0,0,,,,2015-7-5,Delta Air Lines Inc.
San Francisco,CA,Santa Maria,CA,1230,1223.0,-7.0,16.0,1239.0,71,65.0,43.0,216,1322.0,6.0,1341,1328.0,-13.0,0,0,,,,2015-9-28,Skywest Airlines Inc.
Atlanta,GA,Providence,RI,1930,1937.0,7.0,19.0,1956.0,143,138.0,113.0,903,2149.0,6.0,2153,2155.0,2.0,0,0,,,,2015-3-1,Delta Air Lines Inc.
New York,NY,Boston,MA,1225,1228.0,3.0,20.0,1248.0,63,73.0,46.0,187,1334.0,7.0,1328,1341.0,13.0,0,0,,,,2015-4-19,American Airlines Inc.
Ontario,CA,Oakland,CA,955,959.0,4.0,8.0,1007.0,75,67.0,53.0,362,1100.0,6.0,1110,1106.0,-4.0,0,0,,,,2015-4-20,Southwest Airlines Co.
Baltimore,MD,Austin,TX,2015,2018.0,3.0,17.0,2035.0,210,203.0,179.0,1342,2234.0,7.0,2245,2241.0,-4.0,0,0,,,,2015-8-16,Southwest Airlines Co.
Dallas-Fort Worth,TX,Pittsburgh,PA,1855,1848.0,-7.0,16.0,1904.0,173,160.0,138.0,1067,2222.0,6.0,2248,2228.0,-20.0,0,0,,,,2015-8-7,American Airlines Inc.
Las Vegas,NV,Los Angeles,CA,1920,2006.0,46.0,51.0,2057.0,65,97.0,41.0,236,2138.0,5.0,2025,2143.0,78.0,0,0,42.0,0.0,0.0,2015-4-19,Southwest Airlines Co.
Santa Ana,CA,Oakland,CA,1100,1058.0,-2.0,9.0,1107.0,80,80.0,65.0,371,1212.0,6.0,1220,1218.0,-2.0,0,0,,,,2015-4-24,Southwest Airlines Co.
Denver,CO,Nashville,TN,1555,1559.0,4.0,22.0,1621.0,150,173.0,146.0,1014,1947.0,5.0,1925,1952.0,27.0,0,0,27.0,0.0,0.0,2015-5-28,Southwest Airlines Co.
Gulfport-Biloxi,MS,Dallas-Fort Worth,TX,1419,1416.0,-3.0,30.0,1446.0,106,123.0,76.0,500,1602.0,17.0,1605,1619.0,14.0,0,0,,,,2015-7-3,Atlantic Southeast Airlines
Denver,CO,Salt Lake City,UT,2105,2156.0,51.0,17.0,2213.0,90,88.0,63.0,391,2316.0,8.0,2235,2324.0,49.0,0,0,0.0,0.0,0.0,2015-1-14,Southwest Airlines Co.
Boston,MA,Miami,FL,1700,1655.0,-5.0,31.0,1726.0,212,210.0,172.0,1258,2018.0,7.0,2032,2025.0,-7.0,0,0,,,,2015-8-2,American Airlines Inc.
New York,NY,Buffalo,NY,1706,1706.0,0.0,26.0,1732.0,115,92.0,51.0,301,1823.0,15.0,1901,1838.0,-23.0,0,0,,,,2015-6-5,Delta Air Lines Inc.
Syracuse,NY,Chicago,IL,1032,1023.0,-9.0,10.0,1033.0,127,126.0,104.0,607,1117.0,12.0,1139,1129.0,-10.0,0,0,,,,2015-9-11,Atlantic Southeast Airlines
Philadelphia,PA,Miami,FL,735,732.0,-3.0,16.0,748.0,171,150.0,131.0,1013,959.0,3.0,1026,1002.0,-24.0,0,0,,,,2015-7-22,American Airlines Inc.
Salt Lake City,UT,Detroit,MI,600,559.0,-1.0,16.0,615.0,207,200.0,180.0,1481,1115.0,4.0,1127,1119.0,-8.0,0,0,,,,2015-5-2,Delta Air Lines Inc.
Newark,NJ,Memphis,TN,1039,1031.0,-8.0,14.0,1045.0,189,218.0,196.0,946,1301.0,8.0,1248,1309.0,21.0,0,0,21.0,0.0,0.0,2015-11-12,Atlantic Southeast Airlines
Phoenix,AZ,Chicago,IL,2355,2355.0,0.0,9.0,4.0,207,193.0,177.0,1440,501.0,7.0,522,508.0,-14.0,0,0,,,,2015-5-14,American Airlines Inc.
Tampa,FL,Nashville,TN,1910,2001.0,51.0,7.0,2008.0,105,93.0,81.0,612,2029.0,5.0,1955,2034.0,39.0,0,0,0.0,0.0,0.0,2015-8-20,Southwest Airlines Co.
Atlanta,GA,San Antonio,TX,840,834.0,-6.0,18.0,852.0,146,140.0,115.0,874,947.0,7.0,1006,954.0,-12.0,0,0,,,,2015-9-13,Delta Air Lines Inc.
Phoenix,AZ,Denver,CO,725,721.0,-4.0,10.0,731.0,115,96.0,78.0,602,849.0,8.0,920,857.0,-23.0,0,0,,,,2015-2-15,Southwest Airlines Co.
San Francisco,CA,Atlanta,GA,1209,1208.0,-1.0,16.0,1224.0,278,253.0,231.0,2139,1915.0,6.0,1947,1921.0,-26.0,0,0,,,,2015-1-21,Delta Air Lines Inc.
Bristol,TN,Atlanta,GA,941,934.0,-7.0,10.0,944.0,61,56.0,38.0,227,1022.0,8.0,1042,1030.0,-12.0,0,0,,,,2015-5-11,Atlantic Southeast Airlines
Phoenix,AZ,San Francisco,CA,1614,1614.0,0.0,11.0,1625.0,129,114.0,96.0,651,1701.0,7.0,1723,1708.0,-15.0,0,0,,,,2015-11-1,United Air Lines Inc.
Los Angeles,CA,Dallas-Fort Worth,TX,1855,,,,,170,,,1235,,,2345,,,0,1,,,,2015-2-7,American Airlines Inc.
Wichita,KS,Dallas-Fort Worth,TX,1152,1151.0,-1.0,10.0,1201.0,83,77.0,58.0,328,1259.0,9.0,1315,1308.0,-7.0,0,0,,,,2015-1-6,American Airlines Inc.
Dayton,OH,Orlando,FL,825,822.0,-3.0,8.0,830.0,135,117.0,101.0,808,1011.0,8.0,1040,1019.0,-21.0,0,0,,,,2015-7-25,Southwest Airlines Co.
Dallas-Fort Worth,TX,Kansas City,MO,1535,1533.0,-2.0,12.0,1545.0,90,85.0,70.0,460,1655.0,3.0,1705,1658.0,-7.0,0,0,,,,2015-3-15,American Airlines Inc.
Boise,ID,Denver,CO,1714,1715.0,1.0,14.0,1729.0,115,118.0,92.0,649,1901.0,12.0,1909,1913.0,4.0,0,0,,,,2015-8-12,Skywest Airlines Inc.
Los Angeles,CA,Orlando,FL,1020,1050.0,30.0,17.0,1107.0,288,282.0,259.0,2218,1826.0,6.0,1808,1832.0,24.0,0,0,0.0,0.0,0.0,2015-5-17,Delta Air Lines Inc.
Denver,CO,Portland,OR,1519,1521.0,2.0,12.0,1533.0,167,147.0,132.0,991,1645.0,3.0,1706,1648.0,-18.0,0,0,,,,2015-6-10,United Air Lines Inc.
San Francisco,CA,Chicago,IL,1001,1004.0,3.0,11.0,1015.0,261,246.0,225.0,1846,1600.0,10.0,1622,1610.0,-12.0,0,0,,,,2015-9-23,United Air Lines Inc.
Detroit,MI,Houston,TX,853,847.0,-6.0,29.0,916.0,187,169.0,134.0,1075,1030.0,6.0,1100,1036.0,-24.0,0,0,,,,2015-9-17,Skywest Airlines Inc.
Charleston,SC,Chicago,IL,1100,1053.0,-7.0,10.0,1103.0,135,122.0,108.0,745,1151.0,4.0,1215,1155.0,-20.0,0,0,,,,2015-1-13,Southwest Airlines Co.
Wilkes-Barre/Scranton,PA,Chicago,IL,630,622.0,-8.0,16.0,638.0,129,141.0,109.0,632,727.0,16.0,739,743.0,4.0,0,0,,,,2015-6-1,Atlantic Southeast Airlines
Denver,CO,Eugene,OR,2208,2204.0,-4.0,16.0,2220.0,165,144.0,124.0,996,2324.0,4.0,2353,2328.0,-25.0,0,0,,,,2015-7-8,Skywest Airlines Inc.
Covington,KY,Las Vegas,NV,1610,1605.0,-5.0,13.0,1618.0,266,244.0,224.0,1678,1702.0,7.0,1736,1709.0,-27.0,0,0,,,,2015-12-6,Delta Air Lines Inc.
Denver,CO,Bismarck,ND,1412,1400.0,-12.0,14.0,1414.0,100,95.0,77.0,516,1631.0,4.0,1652,1635.0,-17.0,0,0,,,,2015-11-5,Skywest Airlines Inc.
Los Angeles,CA,Santa Barbara,CA,1003,1004.0,1.0,22.0,1026.0,51,50.0,24.0,89,1050.0,4.0,1054,1054.0,0.0,0,0,,,,2015-5-28,Skywest Airlines Inc.
St Louis,MO,Atlanta,GA,710,703.0,-7.0,8.0,711.0,100,93.0,66.0,484,917.0,19.0,950,936.0,-14.0,0,0,,,,2015-2-12,Southwest Airlines Co.
Appleton,WI,Detroit,MI,1434,1434.0,0.0,19.0,1453.0,77,79.0,49.0,296,1642.0,11.0,1651,1653.0,2.0,0,0,,,,2015-8-4,Skywest Airlines Inc.
Chicago,IL,Sioux Falls,SD,1217,1212.0,-5.0,33.0,1245.0,106,126.0,86.0,462,1411.0,7.0,1403,1418.0,15.0,0,0,15.0,0.0,0.0,2015-12-31,Atlantic Southeast Airlines
Oakland,CA,Burbank,CA,905,926.0,21.0,6.0,932.0,65,58.0,50.0,325,1022.0,2.0,1010,1024.0,14.0,0,0,,,,2015-2-19,Southwest Airlines Co.
Baltimore,MD,Denver,CO,1730,1803.0,33.0,24.0,1827.0,245,233.0,200.0,1491,1947.0,9.0,1935,1956.0,21.0,0,0,0.0,0.0,0.0,2015-5-9,Southwest Airlines Co.
Oakland,CA,Portland,OR,1930,2002.0,32.0,6.0,2008.0,90,87.0,78.0,543,2126.0,3.0,2100,2129.0,29.0,0,0,3.0,0.0,0.0,2015-6-10,Southwest Airlines Co.
Chicago,IL,Newark,NJ,1200,1156.0,-4.0,27.0,1223.0,125,131.0,97.0,711,1500.0,7.0,1505,1507.0,2.0,0,0,,,,2015-4-22,Southwest Airlines Co.
Rapid City,SD,Minneapolis,MN,635,625.0,-10.0,13.0,638.0,103,97.0,79.0,489,857.0,5.0,918,902.0,-16.0,0,0,,,,2015-4-7,Skywest Airlines Inc.
Atlanta,GA,San Francisco,CA,715,714.0,-1.0,13.0,727.0,321,294.0,277.0,2139,904.0,4.0,936,908.0,-28.0,0,0,,,,2015-9-9,United Air Lines Inc.
Atlanta,GA,South Bend,IN,1945,1942.0,-3.0,25.0,2007.0,113,120.0,90.0,566,2137.0,5.0,2138,2142.0,4.0,0,0,,,,2015-1-2,Skywest Airlines Inc.
Chicago,IL,Los Angeles,CA,2120,2136.0,16.0,20.0,2156.0,277,249.0,223.0,1744,2339.0,6.0,2357,2345.0,-12.0,0,0,,,,2015-3-6,American Airlines Inc.
New York,NY,Boston,MA,1700,1653.0,-7.0,18.0,1711.0,85,64.0,42.0,184,1753.0,4.0,1825,1757.0,-28.0,0,0,,,,2015-9-15,Delta Air Lines Inc.
Valparaiso,FL,Houston,TX,615,607.0,-8.0,9.0,616.0,106,103.0,85.0,528,741.0,9.0,801,750.0,-11.0,0,0,,,,2015-6-29,Atlantic Southeast Airlines
Cleveland,OH,Chicago,IL,1640,1636.0,-4.0,13.0,1649.0,80,67.0,49.0,307,1638.0,5.0,1700,1643.0,-17.0,0,0,,,,2015-5-16,Southwest Airlines Co.
Seattle,WA,San Diego,CA,1755,1816.0,21.0,9.0,1825.0,165,142.0,129.0,1050,2034.0,4.0,2040,2038.0,-2.0,0,0,,,,2015-3-24,Southwest Airlines Co.
Salt Lake City,UT,New York,NY,1105,1105.0,0.0,14.0,1119.0,264,237.0,213.0,1990,1652.0,10.0,1729,1702.0,-27.0,0,0,,,,2015-11-2,Delta Air Lines Inc.
Chicago,IL,Dallas-Fort Worth,TX,1551,1546.0,-5.0,28.0,1614.0,149,148.0,113.0,802,1807.0,7.0,1820,1814.0,-6.0,0,0,,,,2015-7-3,Skywest Airlines Inc.
Atlanta,GA,Pittsburgh,PA,1417,1414.0,-3.0,16.0,1430.0,98,96.0,73.0,526,1543.0,7.0,1555,1550.0,-5.0,0,0,,,,2015-11-10,Delta Air Lines Inc.
Chicago,IL,Orlando,FL,755,751.0,-4.0,14.0,805.0,155,156.0,133.0,990,1118.0,9.0,1130,1127.0,-3.0,0,0,,,,2015-3-7,Southwest Airlines Co.
New Orleans,LA,Denver,CO,831,952.0,81.0,12.0,1004.0,177,166.0,146.0,1062,1130.0,8.0,1028,1138.0,70.0,0,0,70.0,0.0,0.0,2015-11-11,United Air Lines Inc.
San Diego,CA,San Francisco,CA,1907,1950.0,43.0,12.0,2002.0,94,94.0,79.0,447,2121.0,3.0,2041,2124.0,43.0,0,0,0.0,0.0,0.0,2015-5-18,Skywest Airlines Inc.
Boston,MA,Miami,FL,515,511.0,-4.0,17.0,528.0,200,215.0,186.0,1258,834.0,12.0,835,846.0,11.0,0,0,,,,2015-5-13,American Airlines Inc.
New York,NY,Detroit,MI,600,557.0,-3.0,14.0,611.0,110,96.0,73.0,502,724.0,9.0,750,733.0,-17.0,0,0,,,,2015-9-14,Delta Air Lines Inc.
Windsor Locks,CT,Charlotte,NC,1025,1019.0,-6.0,12.0,1031.0,122,109.0,94.0,644,1205.0,3.0,1227,1208.0,-19.0,0,0,,,,2015-7-7,American Airlines Inc.
Dallas-Fort Worth,TX,Chicago,IL,755,753.0,-2.0,14.0,807.0,139,128.0,96.0,802,943.0,18.0,1014,1001.0,-13.0,0,0,,,,2015-11-21,American Airlines Inc.
San Diego,CA,Los Angeles,CA,630,618.0,-12.0,24.0,642.0,58,51.0,22.0,109,704.0,5.0,728,709.0,-19.0,0,0,,,,2015-4-9,Skywest Airlines Inc.
Houston,TX,Chicago,IL,1245,1246.0,1.0,8.0,1254.0,150,152.0,130.0,937,1504.0,14.0,1515,1518.0,3.0,0,0,,,,2015-7-28,Southwest Airlines Co.
Chicago,IL,Boston,MA,815,,,,,125,,,861,,,1120,,,0,1,,,,2015-12-5,Southwest Airlines Co.
Atlanta,GA,Cleveland,OH,2041,2039.0,-2.0,11.0,2050.0,106,100.0,79.0,554,2209.0,10.0,2227,2219.0,-8.0,0,0,,,,2015-11-24,Delta Air Lines Inc.
Peoria,IL,Dallas-Fort Worth,TX,1731,1722.0,-9.0,10.0,1732.0,141,140.0,123.0,672,1935.0,7.0,1952,1942.0,-10.0,0,0,,,,2015-12-16,Atlantic Southeast Airlines
Dallas-Fort Worth,TX,Chantilly,VA,1840,1841.0,1.0,14.0,1855.0,166,146.0,126.0,1172,2201.0,6.0,2226,2207.0,-19.0,0,0,,,,2015-12-16,American Airlines Inc.
Albany,NY,Charlotte,NC,800,755.0,-5.0,20.0,815.0,150,187.0,129.0,646,1024.0,38.0,1030,1102.0,32.0,0,0,32.0,0.0,0.0,2015-12-30,American Airlines Inc.
Tampa,FL,Atlanta,GA,620,617.0,-3.0,9.0,626.0,90,80.0,63.0,406,729.0,8.0,750,737.0,-13.0,0,0,,,,2015-1-29,Delta Air Lines Inc.
Albany,NY,Baltimore,MD,540,541.0,1.0,21.0,602.0,90,93.0,64.0,289,706.0,8.0,710,714.0,4.0,0,0,,,,2015-11-3,Southwest Airlines Co.
Orlando,FL,Detroit,MI,943,940.0,-3.0,16.0,956.0,158,158.0,133.0,957,1209.0,9.0,1221,1218.0,-3.0,0,0,,,,2015-3-17,Delta Air Lines Inc.
New York,NY,San Francisco,CA,1754,1746.0,-8.0,18.0,1804.0,390,381.0,338.0,2586,2042.0,25.0,2124,2107.0,-17.0,0,0,,,,2015-9-20,United Air Lines Inc.
Detroit,MI,Elmira,NY,1743,1735.0,-8.0,10.0,1745.0,74,62.0,49.0,332,1834.0,3.0,1857,1837.0,-20.0,0,0,,,,2015-7-15,Atlantic Southeast Airlines
Atlanta,GA,Charleston,WV,2044,2039.0,-5.0,15.0,2054.0,76,76.0,59.0,363,2153.0,2.0,2200,2155.0,-5.0,0,0,,,,2015-1-28,Delta Air Lines Inc.
Austin,TX,Denver,CO,2000,2030.0,30.0,10.0,2040.0,135,127.0,109.0,775,2129.0,8.0,2115,2137.0,22.0,0,0,0.0,0.0,0.0,2015-3-31,Southwest Airlines Co.
Arlington,VA,Milwaukee,WI,1555,1550.0,-5.0,18.0,1608.0,135,124.0,100.0,634,1648.0,6.0,1710,1654.0,-16.0,0,0,,,,2015-2-20,Southwest Airlines Co.
Salt Lake City,UT,Arlington,VA,957,950.0,-7.0,30.0,1020.0,240,241.0,207.0,1851,1547.0,4.0,1557,1551.0,-6.0,0,0,,,,2015-9-7,Delta Air Lines Inc.
Dallas,TX,Orlando,FL,750,750.0,0.0,19.0,809.0,150,154.0,128.0,973,1117.0,7.0,1120,1124.0,4.0,0,0,,,,2015-8-22,Southwest Airlines Co.
Philadelphia,PA,Los Angeles,CA,940,1015.0,35.0,30.0,1045.0,374,359.0,326.0,2402,1311.0,3.0,1254,1314.0,20.0,0,0,0.0,0.0,0.0,2015-11-7,American Airlines Inc.
Salt Lake City,UT,Las Vegas,NV,605,604.0,-1.0,12.0,616.0,85,77.0,59.0,368,615.0,6.0,630,621.0,-9.0,0,0,,,,2015-4-14,Southwest Airlines Co.
Baltimore,MD,Pittsburgh,PA,1005,1004.0,-1.0,16.0,1020.0,60,57.0,35.0,210,1055.0,6.0,1105,1101.0,-4.0,0,0,,,,2015-4-2,Southwest Airlines Co.
Denver,CO,Grand Junction,CO,1404,1405.0,1.0,18.0,1423.0,63,57.0,35.0,212,1458.0,4.0,1507,1502.0,-5.0,0,0,,,,2015-8-26,Skywest Airlines Inc.
Nashville,TN,Columbus,OH,2115,2158.0,43.0,9.0,2207.0,70,63.0,49.0,337,2356.0,5.0,2325,1.0,36.0,0,0,0.0,0.0,0.0,2015-7-1,Southwest Airlines Co.
Salt Lake City,UT,Great Falls,MT,1530,1524.0,-6.0,16.0,1540.0,99,105.0,85.0,463,1705.0,4.0,1709,1709.0,0.0,0,0,,,,2015-2-25,Skywest Airlines Inc.
Knoxville,TN,Chicago,IL,614,611.0,-3.0,15.0,626.0,125,95.0,73.0,475,639.0,7.0,719,646.0,-33.0,0,0,,,,2015-12-21,Atlantic Southeast Airlines
Dallas-Fort Worth,TX,Jacksonville,FL,1505,1525.0,20.0,15.0,1540.0,144,149.0,129.0,918,1849.0,5.0,1829,1854.0,25.0,0,0,5.0,0.0,0.0,2015-6-2,American Airlines Inc.
Midland,TX,Denver,CO,1740,1734.0,-6.0,12.0,1746.0,120,106.0,87.0,563,1813.0,7.0,1840,1820.0,-20.0,0,0,,,,2015-6-26,Skywest Airlines Inc.
Beaumont/Port Arthur,TX,Dallas-Fort Worth,TX,1100,1155.0,55.0,8.0,1203.0,79,66.0,51.0,270,1254.0,7.0,1219,1301.0,42.0,0,0,0.0,0.0,0.0,2015-9-15,Atlantic Southeast Airlines
Orlando,FL,Atlanta,GA,730,725.0,-5.0,22.0,747.0,100,99.0,69.0,404,856.0,8.0,910,904.0,-6.0,0,0,,,,2015-6-3,Delta Air Lines Inc.
Los Angeles,CA,Salt Lake City,UT,1020,1019.0,-1.0,17.0,1036.0,110,101.0,79.0,590,1255.0,5.0,1310,1300.0,-10.0,0,0,,,,2015-5-8,Delta Air Lines Inc.
Denver,CO,Casper,WY,2203,2202.0,-1.0,14.0,2216.0,66,59.0,41.0,230,2257.0,4.0,2309,2301.0,-8.0,0,0,,,,2015-2-23,Skywest Airlines Inc.
Ontario,CA,San Jose,CA,1010,1025.0,15.0,6.0,1031.0,65,71.0,54.0,333,1125.0,11.0,1115,1136.0,21.0,0,0,6.0,0.0,0.0,2015-8-8,Southwest Airlines Co.
Dallas-Fort Worth,TX,Philadelphia,PA,1850,1850.0,0.0,12.0,1902.0,210,192.0,173.0,1303,2255.0,7.0,2320,2302.0,-18.0,0,0,,,,2015-8-10,American Airlines Inc.
Los Angeles,CA,Phoenix,AZ,1315,1402.0,47.0,24.0,1426.0,80,87.0,58.0,370,1524.0,5.0,1435,1529.0,54.0,0,0,7.0,0.0,0.0,2015-7-23,Southwest Airlines Co.
Denver,CO,Omaha,NE,2000,2034.0,34.0,13.0,2047.0,87,81.0,64.0,472,2251.0,4.0,2227,2255.0,28.0,0,0,0.0,0.0,0.0,2015-2-23,United Air Lines Inc.
Los Angeles,CA,Phoenix,AZ,1909,2002.0,53.0,16.0,2018.0,84,76.0,54.0,370,2212.0,6.0,2133,2218.0,45.0,0,0,0.0,0.0,0.0,2015-1-20,Skywest Airlines Inc.
Detroit,MI,Orlando,FL,1520,1525.0,5.0,16.0,1541.0,158,151.0,127.0,957,1748.0,8.0,1758,1756.0,-2.0,0,0,,,,2015-8-6,Delta Air Lines Inc.
San Antonio,TX,Los Angeles,CA,600,553.0,-7.0,13.0,606.0,209,179.0,162.0,1211,648.0,4.0,729,652.0,-37.0,0,0,,,,2015-12-7,Skywest Airlines Inc.
Sioux Falls,SD,Denver,CO,1748,1810.0,22.0,12.0,1822.0,101,,,483,2141.0,7.0,1829,2148.0,,1,0,,,,2015-6-7,Skywest Airlines Inc.
Orlando,FL,Baltimore,MD,1820,1850.0,30.0,12.0,1902.0,130,122.0,105.0,787,2047.0,5.0,2030,2052.0,22.0,0,0,0.0,0.0,0.0,2015-12-7,Southwest Airlines Co.
Minneapolis,MN,Santa Ana,CA,1115,1112.0,-3.0,14.0,1126.0,226,205.0,186.0,1522,1232.0,5.0,1301,1237.0,-24.0,0,0,,,,2015-8-29,Delta Air Lines Inc.
Harrisburg,PA,Atlanta,GA,1800,1753.0,-7.0,14.0,1807.0,132,126.0,98.0,620,1945.0,14.0,2012,1959.0,-13.0,0,0,,,,2015-12-15,Delta Air Lines Inc.
Memphis,TN,Tampa,FL,1115,1124.0,9.0,18.0,1142.0,105,114.0,92.0,655,1414.0,4.0,1400,1418.0,18.0,0,0,9.0,0.0,0.0,2015-3-6,Southwest Airlines Co.
Chicago,IL,San Francisco,CA,700,659.0,-1.0,45.0,744.0,284,312.0,261.0,1846,1005.0,6.0,944,1011.0,27.0,0,0,27.0,0.0,0.0,2015-3-23,United Air Lines Inc.
Los Angeles,CA,Minneapolis,MN,1518,1515.0,-3.0,13.0,1528.0,215,190.0,173.0,1535,2021.0,4.0,2053,2025.0,-28.0,0,0,,,,2015-12-4,Delta Air Lines Inc.
Chicago,IL,Ft. Myers,FL,1020,1043.0,23.0,12.0,1055.0,165,166.0,148.0,1120,1423.0,6.0,1405,1429.0,24.0,0,0,1.0,0.0,0.0,2015-3-9,American Airlines Inc.
Buffalo,NY,Tampa,FL,620,615.0,-5.0,9.0,624.0,165,160.0,146.0,1053,850.0,5.0,905,855.0,-10.0,0,0,,,,2015-4-19,Southwest Airlines Co.
Valparaiso,FL,Houston,TX,600,555.0,-5.0,14.0,609.0,124,127.0,102.0,528,751.0,11.0,804,802.0,-2.0,0,0,,,,2015-2-28,Atlantic Southeast Airlines
Chicago,IL,Miami,FL,1320,1328.0,8.0,65.0,1433.0,189,226.0,153.0,1197,1806.0,8.0,1729,1814.0,45.0,0,0,37.0,0.0,0.0,2015-6-11,American Airlines Inc.
Houston,TX,Hayden,CO,1745,1741.0,-4.0,22.0,1803.0,170,169.0,143.0,985,1926.0,4.0,1935,1930.0,-5.0,0,0,,,,2015-7-22,Atlantic Southeast Airlines
Chicago,IL,Peoria,IL,2104,2057.0,-7.0,23.0,2120.0,54,58.0,29.0,130,2149.0,6.0,2158,2155.0,-3.0,0,0,,,,2015-12-4,Skywest Airlines Inc.
Arlington,VA,Atlanta,GA,759,755.0,-4.0,12.0,807.0,120,103.0,82.0,547,929.0,9.0,959,938.0,-21.0,0,0,,,,2015-11-25,Delta Air Lines Inc.
Santa Ana,CA,Dallas-Fort Worth,TX,1600,1609.0,9.0,14.0,1623.0,172,218.0,135.0,1205,2038.0,69.0,2052,2147.0,55.0,0,0,46.0,0.0,0.0,2015-11-15,American Airlines Inc.
Burlington,VT,Atlanta,GA,600,601.0,1.0,24.0,625.0,185,172.0,143.0,961,848.0,5.0,905,853.0,-12.0,0,0,,,,2015-2-16,Atlantic Southeast Airlines
Tampa,FL,Miami,FL,900,850.0,-10.0,10.0,900.0,63,73.0,39.0,204,939.0,24.0,1003,1003.0,0.0,0,0,,,,2015-8-19,American Airlines Inc.
Phoenix,AZ,Las Vegas,NV,1115,1113.0,-2.0,7.0,1120.0,70,73.0,58.0,255,1118.0,8.0,1125,1126.0,1.0,0,0,,,,2015-12-26,Southwest Airlines Co.
Chicago,IL,Louisville,KY,1037,1059.0,22.0,35.0,1134.0,82,88.0,48.0,287,1322.0,5.0,1259,1327.0,28.0,0,0,6.0,0.0,1.0,2015-1-3,Atlantic Southeast Airlines
Sioux Falls,SD,Minneapolis,MN,1536,1533.0,-3.0,9.0,1542.0,68,49.0,34.0,196,1616.0,6.0,1644,1622.0,-22.0,0,0,,,,2015-12-11,Skywest Airlines Inc.
Los Angeles,CA,San Jose,CA,1230,1241.0,11.0,20.0,1301.0,85,73.0,49.0,308,1350.0,4.0,1355,1354.0,-1.0,0,0,,,,2015-3-10,Skywest Airlines Inc.
Newark,NJ,Charlotte,NC,610,610.0,0.0,16.0,626.0,120,117.0,94.0,529,800.0,7.0,810,807.0,-3.0,0,0,,,,2015-12-1,American Airlines Inc.
Atlanta,GA,Wilmington,NC,2205,2202.0,-3.0,21.0,2223.0,78,79.0,56.0,377,2319.0,2.0,2323,2321.0,-2.0,0,0,,,,2015-2-26,Atlantic Southeast Airlines
Arlington,VA,New York,NY,1600,1555.0,-5.0,22.0,1617.0,90,72.0,42.0,214,1659.0,8.0,1730,1707.0,-23.0,0,0,,,,2015-11-3,American Airlines Inc.
West Palm Beach,FL,Houston,TX,1658,1714.0,16.0,12.0,1726.0,172,176.0,154.0,956,1900.0,10.0,1850,1910.0,20.0,0,0,4.0,0.0,0.0,2015-4-10,Atlantic Southeast Airlines
Tampa,FL,Nashville,TN,830,828.0,-2.0,11.0,839.0,105,108.0,93.0,612,912.0,4.0,915,916.0,1.0,0,0,,,,2015-7-3,Southwest Airlines Co.
Salt Lake City,UT,San Francisco,CA,1500,1508.0,8.0,25.0,1533.0,127,125.0,97.0,599,1610.0,3.0,1607,1613.0,6.0,0,0,,,,2015-5-15,Skywest Airlines Inc.
Las Vegas,NV,Denver,CO,1315,1313.0,-2.0,13.0,1326.0,110,97.0,78.0,628,1544.0,6.0,1605,1550.0,-15.0,0,0,,,,2015-2-7,Southwest Airlines Co.
Chicago,IL,Charlotte,NC,2220,2214.0,-6.0,16.0,2230.0,116,100.0,78.0,599,48.0,6.0,116,54.0,-22.0,0,0,,,,2015-4-6,American Airlines Inc.
Denver,CO,San Jose,CA,1522,1517.0,-5.0,17.0,1534.0,162,145.0,125.0,948,1639.0,3.0,1704,1642.0,-22.0,0,0,,,,2015-8-2,United Air Lines Inc.
Minneapolis,MN,San Francisco,CA,1928,1925.0,-3.0,12.0,1937.0,260,245.0,225.0,1589,2122.0,8.0,2148,2130.0,-18.0,0,0,,,,2015-11-9,Delta Air Lines Inc.
Fayetteville/Springdale/Rogers,AR,Atlanta,GA,1232,1233.0,1.0,10.0,1243.0,103,90.0,75.0,589,1458.0,5.0,1515,1503.0,-12.0,0,0,,,,2015-11-21,Delta Air Lines Inc.
Sacramento,CA,Santa Ana,CA,710,706.0,-4.0,8.0,714.0,95,74.0,61.0,404,815.0,5.0,845,820.0,-25.0,0,0,,,,2015-12-22,Southwest Airlines Co.
Chantilly,VA,Los Angeles,CA,800,750.0,-10.0,15.0,805.0,357,374.0,318.0,2288,1023.0,41.0,1057,1104.0,7.0,0,0,,,,2015-3-10,American Airlines Inc.
New Orleans,LA,Baltimore,MD,1730,1728.0,-2.0,7.0,1735.0,160,152.0,140.0,998,2055.0,5.0,2110,2100.0,-10.0,0,0,,,,2015-7-15,Southwest Airlines Co.
Los Angeles,CA,Sacramento,CA,1745,1750.0,5.0,20.0,1810.0,88,85.0,63.0,373,1913.0,2.0,1913,1915.0,2.0,0,0,,,,2015-2-24,Skywest Airlines Inc.
Bismarck,ND,Denver,CO,1312,1314.0,2.0,15.0,1329.0,102,100.0,77.0,516,1346.0,8.0,1354,1354.0,0.0,0,0,,,,2015-2-27,Skywest Airlines Inc.
Miami,FL,New York,NY,830,827.0,-3.0,14.0,841.0,176,167.0,149.0,1096,1110.0,4.0,1126,1114.0,-12.0,0,0,,,,2015-4-26,American Airlines Inc.
New York,NY,Miami,FL,1715,1715.0,0.0,22.0,1737.0,206,204.0,172.0,1096,2029.0,10.0,2041,2039.0,-2.0,0,0,,,,2015-12-6,American Airlines Inc.
Los Angeles,CA,Chicago,IL,1445,1646.0,121.0,10.0,1656.0,252,218.0,197.0,1744,2213.0,11.0,2057,2224.0,87.0,0,0,0.0,0.0,0.0,2015-5-22,American Airlines Inc.
Atlanta,GA,Roanoke,VA,1454,1453.0,-1.0,11.0,1504.0,93,71.0,55.0,357,1559.0,5.0,1627,1604.0,-23.0,0,0,,,,2015-7-24,Delta Air Lines Inc.
Atlanta,GA,Grand Rapids,MI,2108,2106.0,-2.0,45.0,2151.0,118,131.0,81.0,640,2312.0,5.0,2306,2317.0,11.0,0,0,,,,2015-9-9,Delta Air Lines Inc.
Dallas-Fort Worth,TX,Houston,TX,635,642.0,7.0,12.0,654.0,72,59.0,35.0,224,729.0,12.0,747,741.0,-6.0,0,0,,,,2015-6-9,United Air Lines Inc.
New York,NY,Milwaukee,WI,1855,2034.0,99.0,16.0,2050.0,150,127.0,108.0,738,2138.0,3.0,2025,2141.0,76.0,0,0,13.0,0.0,0.0,2015-4-10,Southwest Airlines Co.
Tampa,FL,Houston,TX,1532,1529.0,-3.0,14.0,1543.0,133,120.0,101.0,787,1624.0,5.0,1645,1629.0,-16.0,0,0,,,,2015-6-8,United Air Lines Inc.
Dallas,TX,Amarillo,TX,1220,1230.0,10.0,7.0,1237.0,70,62.0,52.0,323,1329.0,3.0,1330,1332.0,2.0,0,0,,,,2015-9-13,Southwest Airlines Co.
Nashville,TN,Atlanta,GA,1725,1720.0,-5.0,17.0,1737.0,76,65.0,38.0,214,1915.0,10.0,1941,1925.0,-16.0,0,0,,,,2015-11-2,Delta Air Lines Inc.
Santa Ana,CA,Salt Lake City,UT,1824,1817.0,-7.0,10.0,1827.0,106,98.0,84.0,588,2051.0,4.0,2110,2055.0,-15.0,0,0,,,,2015-5-3,Skywest Airlines Inc.
San Francisco,CA,Dallas-Fort Worth,TX,1200,1209.0,9.0,14.0,1223.0,208,203.0,179.0,1464,1722.0,10.0,1728,1732.0,4.0,0,0,,,,2015-12-27,American Airlines Inc.
Dallas,TX,Phoenix,AZ,1050,1053.0,3.0,9.0,1102.0,160,155.0,140.0,879,1222.0,6.0,1230,1228.0,-2.0,0,0,,,,2015-3-1,Southwest Airlines Co.
New York,NY,Columbus,OH,1100,1054.0,-6.0,18.0,1112.0,123,95.0,73.0,479,1225.0,4.0,1303,1229.0,-34.0,0,0,,,,2015-11-15,Atlantic Southeast Airlines
St George,UT,Denver,CO,1325,1325.0,0.0,12.0,1337.0,98,90.0,70.0,517,1447.0,8.0,1503,1455.0,-8.0,0,0,,,,2015-9-4,Skywest Airlines Inc.
Chicago,IL,Philadelphia,PA,1148,1144.0,-4.0,14.0,1158.0,122,115.0,96.0,678,1434.0,5.0,1450,1439.0,-11.0,0,0,,,,2015-8-13,United Air Lines Inc.
Las Vegas,NV,Burbank,CA,1320,1320.0,0.0,10.0,1330.0,65,57.0,44.0,223,1414.0,3.0,1425,1417.0,-8.0,0,0,,,,2015-3-21,Southwest Airlines Co.
Springfield,MO,Chicago,IL,1506,1458.0,-8.0,11.0,1509.0,95,87.0,64.0,438,1613.0,12.0,1641,1625.0,-16.0,0,0,,,,2015-5-13,Atlantic Southeast Airlines
Minneapolis,MN,Kansas City,MO,706,703.0,-3.0,11.0,714.0,90,82.0,65.0,393,819.0,6.0,836,825.0,-11.0,0,0,,,,2015-4-6,Delta Air Lines Inc.
New York,NY,Miami,FL,1930,926.0,836.0,63.0,1029.0,199,228.0,159.0,1089,1308.0,6.0,2249,1314.0,865.0,0,0,29.0,0.0,0.0,2015-5-31,American Airlines Inc.
Chicago,IL,Nashville,TN,705,704.0,-1.0,13.0,717.0,85,80.0,62.0,395,819.0,5.0,830,824.0,-6.0,0,0,,,,2015-3-12,Southwest Airlines Co.
Dallas-Fort Worth,TX,San Diego,CA,1545,1543.0,-2.0,12.0,1555.0,188,180.0,165.0,1171,1640.0,3.0,1653,1643.0,-10.0,0,0,,,,2015-12-5,American Airlines Inc.
Atlanta,GA,Ft. Myers,FL,1539,1543.0,4.0,14.0,1557.0,109,96.0,70.0,515,1707.0,12.0,1728,1719.0,-9.0,0,0,,,,2015-8-24,Delta Air Lines Inc.
Dallas-Fort Worth,TX,El Paso,TX,1200,1302.0,62.0,12.0,1314.0,107,87.0,72.0,551,1326.0,3.0,1247,1329.0,42.0,0,0,0.0,0.0,0.0,2015-8-4,American Airlines Inc.
Atlanta,GA,Windsor Locks,CT,1541,1546.0,5.0,15.0,1601.0,136,130.0,106.0,859,1747.0,9.0,1757,1756.0,-1.0,0,0,,,,2015-2-14,Delta Air Lines Inc.
Boston,MA,San Francisco,CA,600,626.0,26.0,12.0,638.0,419,399.0,380.0,2704,958.0,7.0,959,1005.0,6.0,0,0,,,,2015-1-5,United Air Lines Inc.
Dallas-Fort Worth,TX,St Louis,MO,1640,1637.0,-3.0,16.0,1653.0,103,116.0,75.0,550,1808.0,25.0,1823,1833.0,10.0,0,0,,,,2015-4-10,American Airlines Inc.
Newark,NJ,Atlanta,GA,1645,1642.0,-3.0,13.0,1655.0,151,127.0,102.0,746,1837.0,12.0,1916,1849.0,-27.0,0,0,,,,2015-8-23,Delta Air Lines Inc.
Atlanta,GA,New Bern,NC,2102,2055.0,-7.0,12.0,2107.0,81,71.0,58.0,433,2205.0,1.0,2223,2206.0,-17.0,0,0,,,,2015-1-11,Atlantic Southeast Airlines
Phoenix,AZ,Denver,CO,1230,1259.0,29.0,8.0,1307.0,112,107.0,95.0,602,1442.0,4.0,1422,1446.0,24.0,0,0,0.0,0.0,0.0,2015-1-24,Skywest Airlines Inc.
Dallas-Fort Worth,TX,New York,NY,1154,1154.0,0.0,38.0,1232.0,225,222.0,171.0,1391,1623.0,13.0,1639,1636.0,-3.0,0,0,,,,2015-4-21,American Airlines Inc.
Baltimore,MD,Chicago,IL,835,913.0,38.0,18.0,931.0,130,128.0,107.0,611,1018.0,3.0,945,1021.0,36.0,0,0,34.0,0.0,0.0,2015-4-9,Southwest Airlines Co.
Houston,TX,Newark,NJ,1725,1729.0,4.0,14.0,1743.0,210,202.0,177.0,1411,2140.0,11.0,2155,2151.0,-4.0,0,0,,,,2015-7-31,Southwest Airlines Co.
Dallas,TX,New Orleans,LA,920,928.0,8.0,8.0,936.0,80,68.0,57.0,436,1033.0,3.0,1040,1036.0,-4.0,0,0,,,,2015-3-24,Southwest Airlines Co.
Windsor Locks,CT,Chicago,IL,1506,1456.0,-10.0,11.0,1507.0,164,145.0,125.0,783,1612.0,9.0,1650,1621.0,-29.0,0,0,,,,2015-12-9,Skywest Airlines Inc.
Missoula,MT,Minneapolis,MN,540,536.0,-4.0,20.0,556.0,169,162.0,139.0,1013,915.0,3.0,929,918.0,-11.0,0,0,,,,2015-1-22,Delta Air Lines Inc.
Atlanta,GA,Boston,MA,2043,2041.0,-2.0,26.0,2107.0,162,156.0,121.0,946,2308.0,9.0,2325,2317.0,-8.0,0,0,,,,2015-6-22,Delta Air Lines Inc.
Omaha,NE,Minneapolis,MN,1540,1533.0,-7.0,18.0,1551.0,71,71.0,49.0,282,1640.0,4.0,1651,1644.0,-7.0,0,0,,,,2015-8-17,Delta Air Lines Inc.
Chantilly,VA,Denver,CO,1956,2023.0,27.0,16.0,2039.0,219,208.0,187.0,1452,2146.0,5.0,2135,2151.0,16.0,0,0,0.0,0.0,0.0,2015-8-26,United Air Lines Inc.
New York,NY,San Francisco,CA,900,900.0,0.0,34.0,934.0,390,371.0,329.0,2586,1203.0,8.0,1230,1211.0,-19.0,0,0,,,,2015-6-24,Delta Air Lines Inc.
Houston,TX,Detroit,MI,1913,1909.0,-4.0,18.0,1927.0,161,156.0,129.0,1075,2236.0,9.0,2254,2245.0,-9.0,0,0,,,,2015-11-13,Skywest Airlines Inc.
Chicago,IL,Ft. Myers,FL,720,715.0,-5.0,7.0,722.0,170,143.0,132.0,1105,1034.0,4.0,1110,1038.0,-32.0,0,0,,,,2015-4-5,Southwest Airlines Co.
Baltimore,MD,Windsor Locks,CT,1745,1802.0,17.0,11.0,1813.0,65,62.0,46.0,283,1859.0,5.0,1850,1904.0,14.0,0,0,,,,2015-2-28,Southwest Airlines Co.
Los Angeles,CA,New York,NY,1300,1314.0,14.0,20.0,1334.0,341,299.0,272.0,2475,2106.0,7.0,2141,2113.0,-28.0,0,0,,,,2015-11-3,American Airlines Inc.
Minneapolis,MN,Chicago,IL,657,656.0,-1.0,11.0,707.0,97,68.0,52.0,334,759.0,5.0,834,804.0,-30.0,0,0,,,,2015-1-7,Delta Air Lines Inc.
McAllen,TX,Houston,TX,1620,1612.0,-8.0,14.0,1626.0,74,75.0,52.0,316,1718.0,9.0,1734,1727.0,-7.0,0,0,,,,2015-3-16,Atlantic Southeast Airlines
Norfolk,VA,Atlanta,GA,525,525.0,0.0,11.0,536.0,104,97.0,77.0,516,653.0,9.0,709,702.0,-7.0,0,0,,,,2015-5-1,Delta Air Lines Inc.
Miami,FL,Windsor Locks,CT,2004,2001.0,-3.0,12.0,2013.0,183,166.0,148.0,1194,2241.0,6.0,2307,2247.0,-20.0,0,0,,,,2015-12-29,American Airlines Inc.
Salt Lake City,UT,San Francisco,CA,1125,1117.0,-8.0,22.0,1139.0,121,122.0,89.0,599,1208.0,11.0,1226,1219.0,-7.0,0,0,,,,2015-4-29,Delta Air Lines Inc.
Omaha,NE,Las Vegas,NV,1400,1402.0,2.0,7.0,1409.0,180,160.0,149.0,1099,1438.0,4.0,1500,1442.0,-18.0,0,0,,,,2015-1-5,Southwest Airlines Co.
Seattle,WA,Phoenix,AZ,600,607.0,7.0,18.0,625.0,170,161.0,136.0,1107,841.0,7.0,850,848.0,-2.0,0,0,,,,2015-9-19,Southwest Airlines Co.
Denver,CO,Bismarck,ND,1000,1000.0,0.0,29.0,1029.0,100,101.0,69.0,516,1238.0,3.0,1240,1241.0,1.0,0,0,,,,2015-11-2,Skywest Airlines Inc.
Las Vegas,NV,Houston,TX,1425,1501.0,36.0,11.0,1512.0,185,170.0,150.0,1235,1942.0,9.0,1930,1951.0,21.0,0,0,0.0,0.0,0.0,2015-6-11,Southwest Airlines Co.
Santa Ana,CA,Dallas-Fort Worth,TX,1555,1640.0,45.0,14.0,1654.0,174,164.0,146.0,1205,2120.0,4.0,2049,2124.0,35.0,0,0,0.0,0.0,0.0,2015-5-22,American Airlines Inc.
Nashville,TN,Chicago,IL,1330,1327.0,-3.0,18.0,1345.0,100,98.0,76.0,409,1501.0,4.0,1510,1505.0,-5.0,0,0,,,,2015-4-23,Skywest Airlines Inc.
Minneapolis,MN,St Louis,MO,825,825.0,0.0,18.0,843.0,90,88.0,65.0,448,948.0,5.0,955,953.0,-2.0,0,0,,,,2015-1-2,Southwest Airlines Co.
New York,NY,Kansas City,MO,1755,1754.0,-1.0,24.0,1818.0,210,178.0,149.0,1107,1947.0,5.0,2025,1952.0,-33.0,0,0,,,,2015-9-22,Southwest Airlines Co.
Springfield,MO,Chicago,IL,1117,1104.0,-13.0,17.0,1121.0,94,99.0,66.0,438,1227.0,16.0,1251,1243.0,-8.0,0,0,,,,2015-6-21,Atlantic Southeast Airlines
Atlanta,GA,Miami,FL,1345,1342.0,-3.0,23.0,1405.0,125,155.0,123.0,594,1608.0,9.0,1550,1617.0,27.0,0,0,27.0,0.0,0.0,2015-7-21,Delta Air Lines Inc.
Tampa,FL,Nashville,TN,1420,1417.0,-3.0,9.0,1426.0,105,104.0,88.0,612,1454.0,7.0,1505,1501.0,-4.0,0,0,,,,2015-6-17,Southwest Airlines Co.
New York,NY,Phoenix,AZ,1929,1929.0,0.0,29.0,1958.0,347,357.0,304.0,2153,2202.0,24.0,2216,2226.0,10.0,0,0,,,,2015-3-23,Delta Air Lines Inc.
Newark,NJ,Miami,FL,1450,1513.0,23.0,13.0,1526.0,189,176.0,151.0,1085,1757.0,12.0,1759,1809.0,10.0,0,0,,,,2015-7-6,United Air Lines Inc.
Albuquerque,NM,Denver,CO,1308,1301.0,-7.0,16.0,1317.0,80,78.0,54.0,349,1411.0,8.0,1428,1419.0,-9.0,0,0,,,,2015-6-10,Skywest Airlines Inc.
Denver,CO,Kansas City,MO,755,752.0,-3.0,14.0,806.0,99,95.0,74.0,533,1020.0,7.0,1034,1027.0,-7.0,0,0,,,,2015-3-30,Atlantic Southeast Airlines
San Diego,CA,Las Vegas,NV,910,908.0,-2.0,10.0,918.0,70,62.0,45.0,258,1003.0,7.0,1020,1010.0,-10.0,0,0,,,,2015-7-9,Southwest Airlines Co.
Huntsville,AL,Chicago,IL,1509,1459.0,-10.0,12.0,1511.0,113,114.0,88.0,510,1639.0,14.0,1702,1653.0,-9.0,0,0,,,,2015-4-27,Atlantic Southeast Airlines
Portland,OR,Ontario,CA,1700,1658.0,-2.0,12.0,1710.0,133,133.0,116.0,838,1906.0,5.0,1913,1911.0,-2.0,0,0,,,,2015-3-30,Skywest Airlines Inc.
Phoenix,AZ,Omaha,NE,1850,1853.0,3.0,16.0,1909.0,155,150.0,129.0,1037,2318.0,5.0,2325,2323.0,-2.0,0,0,,,,2015-8-25,American Airlines Inc.
Las Vegas,NV,Cleveland,OH,1745,1756.0,11.0,11.0,1807.0,225,228.0,211.0,1824,38.0,6.0,30,44.0,14.0,0,0,,,,2015-12-17,Southwest Airlines Co.
Pittsburgh,PA,Chicago,IL,1225,1221.0,-4.0,7.0,1228.0,85,83.0,71.0,402,1239.0,5.0,1250,1244.0,-6.0,0,0,,,,2015-8-20,Southwest Airlines Co.
Detroit,MI,Philadelphia,PA,2025,2103.0,38.0,18.0,2121.0,100,94.0,66.0,453,2227.0,10.0,2205,2237.0,32.0,0,0,0.0,0.0,0.0,2015-7-30,Delta Air Lines Inc.
Orlando,FL,Kansas City,MO,945,941.0,-4.0,15.0,956.0,180,162.0,143.0,1072,1119.0,4.0,1145,1123.0,-22.0,0,0,,,,2015-12-13,Southwest Airlines Co.
Houston,TX,New York,NY,1705,1837.0,92.0,16.0,1853.0,221,228.0,191.0,1416,2304.0,21.0,2146,2325.0,99.0,0,0,72.0,0.0,0.0,2015-5-18,United Air Lines Inc.
Spokane,WA,Oakland,CA,755,750.0,-5.0,9.0,759.0,125,112.0,98.0,723,937.0,5.0,1000,942.0,-18.0,0,0,,,,2015-4-19,Southwest Airlines Co.
Dallas-Fort Worth,TX,Las Vegas,NV,910,918.0,8.0,56.0,1014.0,182,209.0,145.0,1055,1039.0,8.0,1012,1047.0,35.0,0,0,27.0,0.0,0.0,2015-2-5,American Airlines Inc.
Albuquerque,NM,Dallas,TX,815,812.0,-3.0,8.0,820.0,95,92.0,79.0,580,1039.0,5.0,1050,1044.0,-6.0,0,0,,,,2015-4-26,Southwest Airlines Co.
San Diego,CA,Reno,NV,1125,1123.0,-2.0,10.0,1133.0,90,84.0,69.0,488,1242.0,5.0,1255,1247.0,-8.0,0,0,,,,2015-7-13,Southwest Airlines Co.
Houston,TX,Memphis,TN,1430,1442.0,12.0,12.0,1454.0,98,82.0,66.0,468,1600.0,4.0,1608,1604.0,-4.0,0,0,,,,2015-12-26,Atlantic Southeast Airlines
Los Angeles,CA,Sacramento,CA,1822,1823.0,1.0,14.0,1837.0,83,82.0,64.0,373,1941.0,4.0,1945,1945.0,0.0,0,0,,,,2015-7-9,Skywest Airlines Inc.
Phoenix,AZ,Flagstaff,AZ,1955,2003.0,8.0,18.0,2021.0,46,49.0,27.0,119,2048.0,4.0,2041,2052.0,11.0,0,0,,,,2015-5-14,Skywest Airlines Inc.
Atlanta,GA,Minneapolis,MN,1355,1347.0,-8.0,18.0,1405.0,170,149.0,127.0,907,1512.0,4.0,1545,1516.0,-29.0,0,0,,,,2015-9-16,Southwest Airlines Co.
Milwaukee,WI,New York,NY,1110,1108.0,-2.0,8.0,1116.0,130,112.0,99.0,738,1355.0,5.0,1420,1400.0,-20.0,0,0,,,,2015-1-11,Southwest Airlines Co.
Gainesville,FL,Atlanta,GA,1709,1709.0,0.0,15.0,1724.0,79,79.0,53.0,300,1817.0,11.0,1828,1828.0,0.0,0,0,,,,2015-7-7,Atlantic Southeast Airlines
Houston,TX,Orlando,FL,1035,1051.0,16.0,11.0,1102.0,135,128.0,109.0,849,1351.0,8.0,1350,1359.0,9.0,0,0,,,,2015-5-22,Southwest Airlines Co.
Nashville,TN,Charlotte,NC,935,926.0,-9.0,13.0,939.0,80,71.0,46.0,328,1125.0,12.0,1155,1137.0,-18.0,0,0,,,,2015-11-23,American Airlines Inc.
San Diego,CA,San Jose,CA,1005,1002.0,-3.0,7.0,1009.0,85,83.0,72.0,417,1121.0,4.0,1130,1125.0,-5.0,0,0,,,,2015-12-14,Southwest Airlines Co.
Greer,SC,Atlanta,GA,1000,958.0,-2.0,14.0,1012.0,61,67.0,40.0,153,1052.0,13.0,1101,1105.0,4.0,0,0,,,,2015-3-1,Delta Air Lines Inc.
Denver,CO,Raleigh,NC,1245,1243.0,-2.0,10.0,1253.0,195,185.0,170.0,1436,1743.0,5.0,1800,1748.0,-12.0,0,0,,,,2015-7-9,Southwest Airlines Co.
Columbia,SC,Chantilly,VA,1432,1421.0,-11.0,8.0,1429.0,87,72.0,59.0,401,1528.0,5.0,1559,1533.0,-26.0,0,0,,,,2015-1-20,Atlantic Southeast Airlines
Chicago,IL,Baltimore,MD,1345,1344.0,-1.0,20.0,1404.0,110,108.0,83.0,611,1627.0,5.0,1635,1632.0,-3.0,0,0,,,,2015-9-20,Southwest Airlines Co.
Green Bay,WI,Chicago,IL,1100,1105.0,5.0,6.0,1111.0,60,60.0,42.0,173,1153.0,12.0,1200,1205.0,5.0,0,0,,,,2015-5-15,Atlantic Southeast Airlines
Atlanta,GA,Augusta,GA,1735,1731.0,-4.0,17.0,1748.0,49,47.0,27.0,143,1815.0,3.0,1824,1818.0,-6.0,0,0,,,,2015-1-29,Atlantic Southeast Airlines
Las Vegas,NV,Minneapolis,MN,1605,1602.0,-3.0,14.0,1616.0,180,166.0,148.0,1299,2044.0,4.0,2105,2048.0,-17.0,0,0,,,,2015-7-29,Delta Air Lines Inc.
Detroit,MI,Salt Lake City,UT,1731,1728.0,-3.0,11.0,1739.0,233,230.0,216.0,1481,1915.0,3.0,1924,1918.0,-6.0,0,0,,,,2015-4-23,Delta Air Lines Inc.
Kansas City,MO,Dallas,TX,750,749.0,-1.0,6.0,755.0,95,92.0,82.0,460,917.0,4.0,925,921.0,-4.0,0,0,,,,2015-5-18,Southwest Airlines Co.
Syracuse,NY,Atlanta,GA,545,540.0,-5.0,24.0,604.0,170,139.0,109.0,794,753.0,6.0,835,759.0,-36.0,0,0,,,,2015-2-6,Delta Air Lines Inc.
Charlotte,NC,Miami,FL,1610,1611.0,1.0,13.0,1624.0,123,119.0,99.0,650,1803.0,7.0,1813,1810.0,-3.0,0,0,,,,2015-8-27,American Airlines Inc.
White Plains,NY,Atlanta,GA,1230,1650.0,260.0,12.0,1702.0,146,160.0,139.0,780,1921.0,9.0,1456,1930.0,274.0,0,0,14.0,0.0,0.0,2015-1-12,Atlantic Southeast Airlines
Phoenix,AZ,Ontario,CA,1405,1401.0,-4.0,10.0,1411.0,70,68.0,55.0,325,1406.0,3.0,1415,1409.0,-6.0,0,0,,,,2015-11-21,Southwest Airlines Co.
New Orleans,LA,Houston,TX,1218,1209.0,-9.0,7.0,1216.0,80,76.0,62.0,305,1318.0,7.0,1338,1325.0,-13.0,0,0,,,,2015-1-10,United Air Lines Inc.
Chicago,IL,Windsor Locks,CT,1400,1353.0,-7.0,53.0,1446.0,131,164.0,106.0,783,1732.0,5.0,1711,1737.0,26.0,0,0,26.0,0.0,0.0,2015-9-3,Skywest Airlines Inc.
Baton Rouge,LA,Houston,TX,525,518.0,-7.0,12.0,530.0,67,66.0,48.0,253,618.0,6.0,632,624.0,-8.0,0,0,,,,2015-6-11,Atlantic Southeast Airlines
Orlando,FL,Arlington,VA,1430,1426.0,-4.0,15.0,1441.0,120,131.0,111.0,759,1632.0,5.0,1630,1637.0,7.0,0,0,,,,2015-12-20,American Airlines Inc.
Salt Lake City,UT,Las Vegas,NV,1810,1807.0,-3.0,8.0,1815.0,80,71.0,58.0,368,1813.0,5.0,1830,1818.0,-12.0,0,0,,,,2015-9-22,Southwest Airlines Co.
Chicago,IL,Seattle,WA,1550,1632.0,42.0,31.0,1703.0,270,269.0,230.0,1721,1853.0,8.0,1820,1901.0,41.0,0,0,0.0,0.0,39.0,2015-6-29,United Air Lines Inc.
Flint,MI,Baltimore,MD,1635,1632.0,-3.0,10.0,1642.0,90,87.0,69.0,452,1751.0,8.0,1805,1759.0,-6.0,0,0,,,,2015-7-6,Southwest Airlines Co.
Sacramento,CA,Las Vegas,NV,700,653.0,-7.0,11.0,704.0,90,81.0,64.0,397,808.0,6.0,830,814.0,-16.0,0,0,,,,2015-7-30,Southwest Airlines Co.
Tampa,FL,Miami,FL,1150,1148.0,-2.0,9.0,1157.0,64,66.0,50.0,204,1247.0,7.0,1254,1254.0,0.0,0,0,,,,2015-7-7,American Airlines Inc.
Houston,TX,Panama City,FL,1030,1240.0,130.0,6.0,1246.0,95,84.0,75.0,571,1401.0,3.0,1205,1404.0,119.0,0,0,0.0,0.0,0.0,2015-8-13,Southwest Airlines Co.
Dallas-Fort Worth,TX,San Diego,CA,1545,1539.0,-6.0,11.0,1550.0,182,163.0,149.0,1171,1619.0,3.0,1647,1622.0,-25.0,0,0,,,,2015-7-13,American Airlines Inc.
Jackson,MS,Atlanta,GA,1725,1747.0,22.0,16.0,1803.0,99,74.0,53.0,341,1956.0,5.0,2004,2001.0,-3.0,0,0,,,,2015-8-11,Delta Air Lines Inc.
Memphis,TN,Houston,TX,650,648.0,-2.0,14.0,702.0,95,101.0,76.0,484,818.0,11.0,825,829.0,4.0,0,0,,,,2015-6-22,Southwest Airlines Co.
Dallas-Fort Worth,TX,Houston,TX,1710,1734.0,24.0,10.0,1744.0,78,61.0,47.0,224,1831.0,4.0,1828,1835.0,7.0,0,0,,,,2015-4-6,American Airlines Inc.
Chicago,IL,Kansas City,MO,1430,1427.0,-3.0,8.0,1435.0,90,92.0,79.0,405,1554.0,5.0,1600,1559.0,-1.0,0,0,,,,2015-2-22,Southwest Airlines Co.
San Diego,CA,Chicago,IL,1635,1632.0,-3.0,13.0,1645.0,232,230.0,212.0,1723,2217.0,5.0,2227,2222.0,-5.0,0,0,,,,2015-3-24,American Airlines Inc.
Houston,TX,Memphis,TN,1555,1551.0,-4.0,10.0,1601.0,92,82.0,68.0,468,1709.0,4.0,1727,1713.0,-14.0,0,0,,,,2015-9-28,Atlantic Southeast Airlines
Dallas-Fort Worth,TX,Miami,FL,1530,1525.0,-5.0,13.0,1538.0,167,150.0,126.0,1121,1844.0,11.0,1917,1855.0,-22.0,0,0,,,,2015-2-20,American Airlines Inc.
San Francisco,CA,Los Angeles,CA,910,859.0,-11.0,37.0,936.0,100,104.0,58.0,337,1034.0,9.0,1050,1043.0,-7.0,0,0,,,,2015-9-3,American Airlines Inc.
Denver,CO,Hays,KS,728,724.0,-4.0,17.0,741.0,78,67.0,47.0,298,928.0,3.0,946,931.0,-15.0,0,0,,,,2015-8-5,Skywest Airlines Inc.
New York,NY,San Juan,PR,1506,1501.0,-5.0,14.0,1515.0,236,210.0,193.0,1598,1828.0,3.0,1902,1831.0,-31.0,0,0,,,,2015-4-14,Delta Air Lines Inc.
Chicago,IL,Los Angeles,CA,2142,2142.0,0.0,21.0,2203.0,273,254.0,228.0,1744,2351.0,5.0,15,2356.0,-19.0,0,0,,,,2015-5-31,American Airlines Inc.
Atlanta,GA,Miami,FL,950,950.0,0.0,26.0,1016.0,119,118.0,85.0,594,1141.0,7.0,1149,1148.0,-1.0,0,0,,,,2015-3-6,American Airlines Inc.
Atlanta,GA,Las Vegas,NV,2142,2159.0,17.0,16.0,2215.0,277,266.0,243.0,1747,2318.0,7.0,2319,2325.0,6.0,0,0,,,,2015-4-7,Delta Air Lines Inc.
Chicago,IL,Tampa,FL,818,817.0,-1.0,16.0,833.0,158,149.0,130.0,1012,1143.0,3.0,1156,1146.0,-10.0,0,0,,,,2015-12-12,American Airlines Inc.
Akron,OH,Atlanta,GA,600,554.0,-6.0,8.0,602.0,115,98.0,81.0,528,723.0,9.0,755,732.0,-23.0,0,0,,,,2015-11-13,Southwest Airlines Co.
Milwaukee,WI,New York,NY,1035,1031.0,-4.0,14.0,1045.0,135,122.0,100.0,738,1325.0,8.0,1350,1333.0,-17.0,0,0,,,,2015-4-28,Southwest Airlines Co.
Honolulu,HI,San Francisco,CA,1255,1258.0,3.0,19.0,1317.0,309,282.0,256.0,2398,2033.0,7.0,2104,2040.0,-24.0,0,0,,,,2015-4-27,United Air Lines Inc.
Louisville,KY,Phoenix,AZ,635,634.0,-1.0,8.0,642.0,225,217.0,204.0,1506,706.0,5.0,720,711.0,-9.0,0,0,,,,2015-8-3,Southwest Airlines Co.
Shreveport,LA,Atlanta,GA,900,850.0,-10.0,13.0,903.0,101,100.0,81.0,551,1124.0,6.0,1141,1130.0,-11.0,0,0,,,,2015-12-25,Atlantic Southeast Airlines
Atlanta,GA,Jacksonville,FL,1110,1116.0,6.0,15.0,1131.0,69,62.0,43.0,270,1214.0,4.0,1219,1218.0,-1.0,0,0,,,,2015-7-23,Delta Air Lines Inc.
Dallas-Fort Worth,TX,Texarkana,AR,850,850.0,0.0,10.0,900.0,58,45.0,30.0,181,930.0,5.0,948,935.0,-13.0,0,0,,,,2015-12-18,Atlantic Southeast Airlines
Salt Lake City,UT,Las Vegas,NV,1900,1855.0,-5.0,7.0,1902.0,80,72.0,58.0,368,1900.0,7.0,1920,1907.0,-13.0,0,0,,,,2015-3-28,Southwest Airlines Co.
Minneapolis,MN,Atlanta,GA,1130,1128.0,-2.0,13.0,1141.0,154,127.0,108.0,907,1429.0,6.0,1504,1435.0,-29.0,0,0,,,,2015-12-9,Delta Air Lines Inc.
Seattle,WA,Las Vegas,NV,1225,1217.0,-8.0,21.0,1238.0,140,158.0,131.0,867,1449.0,6.0,1445,1455.0,10.0,0,0,,,,2015-1-13,Skywest Airlines Inc.
Baltimore,MD,Dallas-Fort Worth,TX,519,517.0,-2.0,11.0,528.0,201,180.0,157.0,1217,705.0,12.0,740,717.0,-23.0,0,0,,,,2015-6-6,American Airlines Inc.
Dallas,TX,Chicago,IL,605,604.0,-1.0,8.0,612.0,130,121.0,108.0,793,800.0,5.0,815,805.0,-10.0,0,0,,,,2015-6-5,Southwest Airlines Co.
Los Angeles,CA,Las Vegas,NV,2110,2106.0,-4.0,14.0,2120.0,66,62.0,42.0,236,2202.0,6.0,2216,2208.0,-8.0,0,0,,,,2015-2-28,Delta Air Lines Inc.
Tampa,FL,Los Angeles,CA,700,655.0,-5.0,11.0,706.0,338,324.0,309.0,2158,915.0,4.0,938,919.0,-19.0,0,0,,,,2015-4-5,Delta Air Lines Inc.
Lexington,KY,Atlanta,GA,1131,1127.0,-4.0,11.0,1138.0,83,79.0,62.0,304,1240.0,6.0,1254,1246.0,-8.0,0,0,,,,2015-9-7,Atlantic Southeast Airlines
Sarasota,FL,Atlanta,GA,1349,1346.0,-3.0,12.0,1358.0,100,99.0,69.0,444,1507.0,18.0,1529,1525.0,-4.0,0,0,,,,2015-9-14,Delta Air Lines Inc.
Dallas-Fort Worth,TX,Killeen,TX,2030,2024.0,-6.0,16.0,2040.0,56,46.0,27.0,134,2107.0,3.0,2126,2110.0,-16.0,0,0,,,,2015-12-31,Atlantic Southeast Airlines
San Francisco,CA,Salt Lake City,UT,1642,1637.0,-5.0,13.0,1650.0,109,124.0,105.0,599,1935.0,6.0,1931,1941.0,10.0,0,0,,,,2015-4-15,Skywest Airlines Inc.
Houston,TX,Jackson,WY,1745,1742.0,-3.0,17.0,1759.0,198,194.0,172.0,1265,1951.0,5.0,2003,1956.0,-7.0,0,0,,,,2015-8-29,United Air Lines Inc.
Erie,PA,Detroit,MI,1335,1509.0,94.0,16.0,1525.0,67,57.0,34.0,164,1559.0,7.0,1442,1606.0,84.0,0,0,0.0,0.0,0.0,2015-3-7,Atlantic Southeast Airlines
Dallas-Fort Worth,TX,Atlanta,GA,1950,1947.0,-3.0,23.0,2010.0,114,133.0,101.0,731,2251.0,9.0,2244,2300.0,16.0,0,0,16.0,0.0,0.0,2015-3-12,American Airlines Inc.
Atlanta,GA,Arlington,VA,1920,2100.0,100.0,20.0,2120.0,105,95.0,72.0,547,2232.0,3.0,2105,2235.0,90.0,0,0,48.0,0.0,0.0,2015-12-30,Delta Air Lines Inc.
Chicago,IL,Las Vegas,NV,1715,1722.0,7.0,17.0,1739.0,235,217.0,194.0,1521,1853.0,6.0,1910,1859.0,-11.0,0,0,,,,2015-9-27,Southwest Airlines Co.
San Diego,CA,Denver,CO,620,623.0,3.0,17.0,640.0,150,128.0,104.0,853,924.0,7.0,950,931.0,-19.0,0,0,,,,2015-11-20,Southwest Airlines Co.
Minneapolis,MN,Atlanta,GA,1735,1737.0,2.0,30.0,1807.0,155,162.0,114.0,907,2101.0,18.0,2110,2119.0,9.0,0,0,,,,2015-12-9,Delta Air Lines Inc.
Atlanta,GA,Greensboro,NC,2045,2043.0,-2.0,18.0,2101.0,77,74.0,50.0,306,2151.0,6.0,2202,2157.0,-5.0,0,0,,,,2015-3-16,Delta Air Lines Inc.
San Francisco,CA,Los Angeles,CA,838,831.0,-7.0,19.0,850.0,102,112.0,56.0,337,946.0,37.0,1020,1023.0,3.0,0,0,,,,2015-11-25,United Air Lines Inc.
Newark,NJ,Denver,CO,1359,1416.0,17.0,17.0,1433.0,266,253.0,231.0,1605,1624.0,5.0,1625,1629.0,4.0,0,0,,,,2015-3-7,United Air Lines Inc.
Atlanta,GA,Gulfport-Biloxi,MS,905,903.0,-2.0,16.0,919.0,85,82.0,62.0,352,921.0,4.0,930,925.0,-5.0,0,0,,,,2015-3-21,Atlantic Southeast Airlines
New York,NY,Houston,TX,855,1021.0,86.0,22.0,1043.0,236,224.0,193.0,1416,1256.0,9.0,1151,1305.0,74.0,0,0,0.0,0.0,0.0,2015-4-11,United Air Lines Inc.
Dallas,TX,El Paso,TX,2115,2152.0,37.0,12.0,2204.0,100,93.0,75.0,562,2219.0,6.0,2155,2225.0,30.0,0,0,0.0,0.0,30.0,2015-8-11,Southwest Airlines Co.
Phoenix,AZ,Los Angeles,CA,1840,1838.0,-2.0,19.0,1857.0,94,83.0,56.0,370,1953.0,8.0,2014,2001.0,-13.0,0,0,,,,2015-5-22,Skywest Airlines Inc.
Birmingham,AL,Houston,TX,1812,1812.0,0.0,10.0,1822.0,119,119.0,98.0,562,2000.0,11.0,2011,2011.0,0.0,0,0,,,,2015-2-27,Atlantic Southeast Airlines
Las Vegas,NV,Atlanta,GA,820,823.0,3.0,16.0,839.0,244,224.0,201.0,1747,1500.0,7.0,1524,1507.0,-17.0,0,0,,,,2015-9-13,Delta Air Lines Inc.
Salt Lake City,UT,Cody,WY,1112,1101.0,-11.0,29.0,1130.0,75,85.0,50.0,298,1220.0,6.0,1227,1226.0,-1.0,0,0,,,,2015-8-3,Skywest Airlines Inc.
South Bend,IN,Chicago,IL,839,836.0,-3.0,9.0,845.0,46,37.0,22.0,84,807.0,6.0,825,813.0,-12.0,0,0,,,,2015-8-25,Skywest Airlines Inc.
Orlando,FL,Akron,OH,1900,1958.0,58.0,17.0,2015.0,140,127.0,106.0,861,2201.0,4.0,2120,2205.0,45.0,0,0,0.0,0.0,0.0,2015-3-26,Southwest Airlines Co.
Charlotte,NC,Houston,TX,930,932.0,2.0,21.0,953.0,155,151.0,116.0,912,1049.0,14.0,1105,1103.0,-2.0,0,0,,,,2015-9-5,American Airlines Inc.
Louisville,KY,Atlanta,GA,1816,1809.0,-7.0,17.0,1826.0,97,79.0,55.0,321,1921.0,7.0,1953,1928.0,-25.0,0,0,,,,2015-5-8,Delta Air Lines Inc.
Newark,NJ,Santa Ana,CA,1901,1900.0,-1.0,26.0,1926.0,383,350.0,319.0,2434,2145.0,5.0,2224,2150.0,-34.0,0,0,,,,2015-11-18,United Air Lines Inc.
Newark,NJ,Charlotte,NC,1825,1815.0,-10.0,21.0,1836.0,128,109.0,83.0,529,1959.0,5.0,2033,2004.0,-29.0,0,0,,,,2015-11-11,American Airlines Inc.
New York,NY,Dallas-Fort Worth,TX,1459,1516.0,17.0,40.0,1556.0,259,278.0,235.0,1389,1851.0,3.0,1818,1854.0,36.0,0,0,19.0,0.0,0.0,2015-3-26,American Airlines Inc.
Phoenix,AZ,San Francisco,CA,1703,1653.0,-10.0,10.0,1703.0,126,110.0,92.0,651,1835.0,8.0,1909,1843.0,-26.0,0,0,,,,2015-8-28,Skywest Airlines Inc.
Ft. Lauderdale,FL,Atlanta,GA,545,544.0,-1.0,13.0,557.0,110,102.0,84.0,581,721.0,5.0,735,726.0,-9.0,0,0,,,,2015-1-5,Delta Air Lines Inc.
Chicago,IL,Atlanta,GA,1245,1242.0,-3.0,20.0,1302.0,120,112.0,83.0,606,1525.0,9.0,1545,1534.0,-11.0,0,0,,,,2015-4-5,Delta Air Lines Inc.
San Diego,CA,Phoenix,AZ,1820,1824.0,4.0,13.0,1837.0,70,70.0,50.0,304,2027.0,7.0,2030,2034.0,4.0,0,0,,,,2015-12-20,Southwest Airlines Co.
Austin,TX,Denver,CO,1152,1146.0,-6.0,17.0,1203.0,138,126.0,104.0,775,1247.0,5.0,1310,1252.0,-18.0,0,0,,,,2015-6-22,Skywest Airlines Inc.
New York,NY,Charleston,SC,1336,1324.0,-12.0,35.0,1359.0,129,144.0,103.0,636,1542.0,6.0,1545,1548.0,3.0,0,0,,,,2015-11-12,Delta Air Lines Inc.
Nashville,TN,Tampa,FL,1810,1805.0,-5.0,22.0,1827.0,105,103.0,76.0,612,2043.0,5.0,2055,2048.0,-7.0,0,0,,,,2015-1-26,Southwest Airlines Co.
Tampa,FL,Arlington,VA,1345,1336.0,-9.0,12.0,1348.0,132,129.0,110.0,814,1538.0,7.0,1557,1545.0,-12.0,0,0,,,,2015-8-6,American Airlines Inc.
Tampa,FL,Detroit,MI,1535,1534.0,-1.0,11.0,1545.0,161,141.0,123.0,983,1748.0,7.0,1816,1755.0,-21.0,0,0,,,,2015-9-26,Delta Air Lines Inc.
Dallas,TX,Arlington,VA,1810,1959.0,109.0,12.0,2011.0,175,180.0,162.0,1184,2353.0,6.0,2205,2359.0,114.0,0,0,5.0,0.0,98.0,2015-6-23,Southwest Airlines Co.
Sioux Falls,SD,Minneapolis,MN,1544,1538.0,-6.0,31.0,1609.0,60,74.0,36.0,196,1645.0,7.0,1644,1652.0,8.0,0,0,,,,2015-9-1,Skywest Airlines Inc.
Los Angeles,CA,Boston,MA,910,921.0,11.0,15.0,936.0,342,330.0,303.0,2611,1739.0,12.0,1752,1751.0,-1.0,0,0,,,,2015-5-15,Delta Air Lines Inc.
Houston,TX,Harlingen,TX,1025,1023.0,-2.0,13.0,1036.0,65,58.0,43.0,277,1119.0,2.0,1130,1121.0,-9.0,0,0,,,,2015-3-23,Southwest Airlines Co.
Baltimore,MD,Manchester,NH,2100,2127.0,27.0,11.0,2138.0,80,75.0,60.0,377,2238.0,4.0,2220,2242.0,22.0,0,0,0.0,0.0,0.0,2015-12-10,Southwest Airlines Co.
Salt Lake City,UT,Baltimore,MD,805,805.0,0.0,35.0,840.0,240,262.0,223.0,1865,1423.0,4.0,1405,1427.0,22.0,0,0,22.0,0.0,0.0,2015-3-14,Southwest Airlines Co.
Houston,TX,Baton Rouge,LA,715,707.0,-8.0,20.0,727.0,64,65.0,39.0,253,806.0,6.0,819,812.0,-7.0,0,0,,,,2015-12-5,Atlantic Southeast Airlines
Las Vegas,NV,Phoenix,AZ,540,538.0,-2.0,13.0,551.0,65,61.0,45.0,255,636.0,3.0,645,639.0,-6.0,0,0,,,,2015-9-4,Southwest Airlines Co.
San Diego,CA,Phoenix,AZ,1050,1102.0,12.0,20.0,1122.0,70,79.0,53.0,304,1215.0,6.0,1200,1221.0,21.0,0,0,9.0,0.0,0.0,2015-6-28,Southwest Airlines Co.
Santa Ana,CA,Chicago,IL,645,641.0,-4.0,23.0,704.0,248,258.0,215.0,1726,1239.0,20.0,1253,1259.0,6.0,0,0,,,,2015-8-31,United Air Lines Inc.
Midland,TX,Dallas,TX,910,904.0,-6.0,9.0,913.0,65,60.0,48.0,319,1001.0,3.0,1015,1004.0,-11.0,0,0,,,,2015-9-4,Southwest Airlines Co.
Orlando,FL,Houston,TX,1015,1008.0,-7.0,14.0,1022.0,152,148.0,119.0,854,1121.0,15.0,1147,1136.0,-11.0,0,0,,,,2015-11-9,United Air Lines Inc.
Atlanta,GA,Lafayette,LA,1303,1302.0,-1.0,15.0,1317.0,102,96.0,76.0,503,1333.0,5.0,1345,1338.0,-7.0,0,0,,,,2015-4-8,Atlantic Southeast Airlines
Boston,MA,Milwaukee,WI,1720,1726.0,6.0,35.0,1801.0,175,193.0,153.0,860,1934.0,5.0,1915,1939.0,24.0,0,0,18.0,0.0,0.0,2015-12-21,Southwest Airlines Co.
Orlando,FL,Chicago,IL,910,907.0,-3.0,7.0,914.0,170,147.0,134.0,990,1028.0,6.0,1100,1034.0,-26.0,0,0,,,,2015-3-10,Southwest Airlines Co.
Atlanta,GA,Columbus,OH,2106,2104.0,-2.0,28.0,2132.0,98,98.0,66.0,447,2238.0,4.0,2244,2242.0,-2.0,0,0,,,,2015-6-23,Delta Air Lines Inc.
Dallas-Fort Worth,TX,Atlanta,GA,1630,1629.0,-1.0,14.0,1643.0,122,125.0,97.0,731,1920.0,14.0,1932,1934.0,2.0,0,0,,,,2015-2-4,American Airlines Inc.
San Francisco,CA,Kansas City,MO,1600,1554.0,-6.0,31.0,1625.0,225,234.0,194.0,1499,2139.0,9.0,2145,2148.0,3.0,0,0,,,,2015-5-7,Skywest Airlines Inc.
Denver,CO,New York,NY,1610,1616.0,6.0,41.0,1657.0,234,261.0,214.0,1620,2231.0,6.0,2204,2237.0,33.0,0,0,27.0,0.0,0.0,2015-8-16,Delta Air Lines Inc.
Houston,TX,Atlanta,GA,1120,1156.0,36.0,10.0,1206.0,119,116.0,91.0,689,1437.0,15.0,1419,1452.0,33.0,0,0,33.0,0.0,0.0,2015-2-24,Delta Air Lines Inc.
Portland,OR,Oakland,CA,1525,1545.0,20.0,8.0,1553.0,100,89.0,76.0,543,1709.0,5.0,1705,1714.0,9.0,0,0,,,,2015-3-24,Southwest Airlines Co.
Minneapolis,MN,Miami,FL,1010,1007.0,-3.0,16.0,1023.0,213,207.0,184.0,1501,1427.0,7.0,1443,1434.0,-9.0,0,0,,,,2015-4-29,Delta Air Lines Inc.
Tampa,FL,Houston,TX,1219,1223.0,4.0,12.0,1235.0,148,145.0,120.0,787,1335.0,13.0,1347,1348.0,1.0,0,0,,,,2015-2-1,United Air Lines Inc.
San Antonio,TX,Denver,CO,1311,1322.0,11.0,11.0,1333.0,133,124.0,106.0,794,1419.0,7.0,1424,1426.0,2.0,0,0,,,,2015-7-20,United Air Lines Inc.
Santa Ana,CA,Denver,CO,1625,1627.0,2.0,15.0,1642.0,135,151.0,129.0,846,1951.0,7.0,1940,1958.0,18.0,0,0,18.0,0.0,0.0,2015-6-30,Southwest Airlines Co.
Dallas-Fort Worth,TX,Arlington,VA,1015,1026.0,11.0,17.0,1043.0,182,168.0,146.0,1192,1409.0,5.0,1417,1414.0,-3.0,0,0,,,,2015-6-14,American Airlines Inc.
Houston,TX,Oklahoma City,OK,1130,1124.0,-6.0,8.0,1132.0,80,77.0,65.0,419,1237.0,4.0,1250,1241.0,-9.0,0,0,,,,2015-5-22,Southwest Airlines Co.
Kalispell,MT,Chicago,IL,1232,1222.0,-10.0,12.0,1234.0,197,197.0,170.0,1352,1624.0,15.0,1649,1639.0,-10.0,0,0,,,,2015-9-2,Skywest Airlines Inc.
Phoenix,AZ,Philadelphia,PA,1445,1445.0,0.0,16.0,1501.0,274,260.0,240.0,2075,2201.0,4.0,2219,2205.0,-14.0,0,0,,,,2015-9-7,American Airlines Inc.
Houston,TX,Newark,NJ,655,655.0,0.0,7.0,702.0,215,189.0,175.0,1411,1057.0,7.0,1130,1104.0,-26.0,0,0,,,,2015-7-9,Southwest Airlines Co.
Fresno,CA,Los Angeles,CA,615,608.0,-7.0,18.0,626.0,67,76.0,45.0,209,711.0,13.0,722,724.0,2.0,0,0,,,,2015-6-1,Skywest Airlines Inc.
Charlotte,NC,Portland,OR,1810,1818.0,8.0,18.0,1836.0,330,331.0,309.0,2282,2045.0,4.0,2040,2049.0,9.0,0,0,,,,2015-7-14,American Airlines Inc.
Atlanta,GA,Columbus,OH,1245,1245.0,0.0,16.0,1301.0,95,88.0,66.0,447,1407.0,6.0,1420,1413.0,-7.0,0,0,,,,2015-6-21,Delta Air Lines Inc.
Houston,TX,Dallas,TX,1830,1840.0,10.0,11.0,1851.0,60,62.0,39.0,239,1930.0,12.0,1930,1942.0,12.0,0,0,,,,2015-11-12,Southwest Airlines Co.
Raleigh,NC,Atlanta,GA,1810,1830.0,20.0,34.0,1904.0,85,97.0,55.0,356,1959.0,8.0,1935,2007.0,32.0,0,0,12.0,0.0,0.0,2015-5-12,Southwest Airlines Co.
San Francisco,CA,San Diego,CA,1541,1547.0,6.0,15.0,1602.0,94,82.0,63.0,447,1705.0,4.0,1715,1709.0,-6.0,0,0,,,,2015-4-6,United Air Lines Inc.
Houston,TX,Ft. Lauderdale,FL,1055,1046.0,-9.0,12.0,1058.0,151,131.0,113.0,966,1351.0,6.0,1426,1357.0,-29.0,0,0,,,,2015-11-26,United Air Lines Inc.
Atlanta,GA,New Orleans,LA,1455,1453.0,-2.0,11.0,1504.0,96,86.0,68.0,425,1512.0,7.0,1531,1519.0,-12.0,0,0,,,,2015-5-15,Delta Air Lines Inc.
Chantilly,VA,Las Vegas,NV,820,816.0,-4.0,16.0,832.0,320,309.0,287.0,2065,1019.0,6.0,1040,1025.0,-15.0,0,0,,,,2015-1-7,United Air Lines Inc.
Los Angeles,CA,Denver,CO,1010,1034.0,24.0,12.0,1046.0,140,119.0,106.0,862,1332.0,1.0,1330,1333.0,3.0,0,0,,,,2015-7-29,United Air Lines Inc.
Ft. Lauderdale,FL,Baltimore,MD,935,927.0,-8.0,14.0,941.0,150,135.0,117.0,925,1138.0,4.0,1205,1142.0,-23.0,0,0,,,,2015-11-7,Southwest Airlines Co.
Atlanta,GA,Tulsa,OK,2115,2113.0,-2.0,23.0,2136.0,123,116.0,88.0,674,2204.0,5.0,2218,2209.0,-9.0,0,0,,,,2015-7-8,Delta Air Lines Inc.
Detroit,MI,Charlotte,NC,1955,1951.0,-4.0,23.0,2014.0,107,104.0,74.0,500,2128.0,7.0,2142,2135.0,-7.0,0,0,,,,2015-8-7,Delta Air Lines Inc.
Salt Lake City,UT,Albuquerque,NM,1515,1526.0,11.0,20.0,1546.0,95,88.0,61.0,493,1647.0,7.0,1650,1654.0,4.0,0,0,,,,2015-2-2,Skywest Airlines Inc.
Chicago,IL,Detroit,MI,1035,1035.0,0.0,9.0,1044.0,82,64.0,46.0,235,1230.0,9.0,1257,1239.0,-18.0,0,0,,,,2015-2-5,Delta Air Lines Inc.
Nashville,TN,Newark,NJ,600,556.0,-4.0,18.0,614.0,130,126.0,99.0,748,853.0,9.0,910,902.0,-8.0,0,0,,,,2015-1-12,Atlantic Southeast Airlines
Richmond,VA,Detroit,MI,609,559.0,-10.0,19.0,618.0,116,115.0,87.0,456,745.0,9.0,805,754.0,-11.0,0,0,,,,2015-3-10,Atlantic Southeast Airlines
Detroit,MI,Chicago,IL,1540,1538.0,-2.0,15.0,1553.0,75,70.0,51.0,228,1544.0,4.0,1555,1548.0,-7.0,0,0,,,,2015-4-21,Atlantic Southeast Airlines
Los Angeles,CA,Sacramento,CA,2015,2131.0,76.0,9.0,2140.0,75,78.0,63.0,373,2243.0,6.0,2130,2249.0,79.0,0,0,3.0,0.0,0.0,2015-7-26,Southwest Airlines Co.
Dayton,OH,Newark,NJ,1840,1923.0,43.0,7.0,1930.0,105,102.0,90.0,533,2100.0,5.0,2025,2105.0,40.0,0,0,40.0,0.0,0.0,2015-8-10,Atlantic Southeast Airlines
Minneapolis,MN,San Diego,CA,1136,1133.0,-3.0,19.0,1152.0,224,217.0,193.0,1532,1305.0,5.0,1320,1310.0,-10.0,0,0,,,,2015-8-27,Delta Air Lines Inc.
Norfolk,VA,Detroit,MI,600,555.0,-5.0,16.0,611.0,117,120.0,96.0,529,747.0,8.0,757,755.0,-2.0,0,0,,,,2015-11-23,Delta Air Lines Inc.
Midland,TX,Denver,CO,1310,1257.0,-13.0,13.0,1310.0,112,106.0,87.0,563,1337.0,6.0,1402,1343.0,-19.0,0,0,,,,2015-7-22,Skywest Airlines Inc.
Atlanta,GA,West Palm Beach,FL,1030,1029.0,-1.0,17.0,1046.0,120,113.0,90.0,545,1216.0,6.0,1230,1222.0,-8.0,0,0,,,,2015-1-30,Southwest Airlines Co.
Denver,CO,New York,NY,1605,1600.0,-5.0,12.0,1612.0,232,212.0,197.0,1620,2129.0,3.0,2157,2132.0,-25.0,0,0,,,,2015-5-30,Delta Air Lines Inc.
Charleston,SC,Baltimore,MD,1855,1848.0,-7.0,8.0,1856.0,95,92.0,72.0,472,2008.0,12.0,2030,2020.0,-10.0,0,0,,,,2015-6-13,Southwest Airlines Co.
Raleigh,NC,Dallas-Fort Worth,TX,1545,1612.0,27.0,11.0,1623.0,176,175.0,150.0,1061,1753.0,14.0,1741,1807.0,26.0,0,0,0.0,0.0,0.0,2015-6-19,American Airlines Inc.
West Palm Beach,FL,Atlanta,GA,1925,1931.0,6.0,11.0,1942.0,115,122.0,99.0,545,2121.0,12.0,2120,2133.0,13.0,0,0,,,,2015-3-19,Southwest Airlines Co.
Wichita,KS,Houston,TX,1819,1838.0,19.0,7.0,1845.0,109,94.0,78.0,542,2003.0,9.0,2008,2012.0,4.0,0,0,,,,2015-8-24,Atlantic Southeast Airlines
San Francisco,CA,Honolulu,HI,905,930.0,25.0,30.0,1000.0,325,328.0,294.0,2398,1154.0,4.0,1130,1158.0,28.0,0,0,3.0,0.0,0.0,2015-6-2,United Air Lines Inc.
Las Vegas,NV,New York,NY,1035,1026.0,-9.0,18.0,1044.0,315,305.0,263.0,2248,1807.0,24.0,1850,1831.0,-19.0,0,0,,,,2015-7-8,Delta Air Lines Inc.
San Francisco,CA,San Diego,CA,1125,1119.0,-6.0,11.0,1130.0,95,86.0,72.0,447,1242.0,3.0,1300,1245.0,-15.0,0,0,,,,2015-4-18,Southwest Airlines Co.
Albany,NY,Baltimore,MD,555,551.0,-4.0,11.0,602.0,85,73.0,57.0,289,659.0,5.0,720,704.0,-16.0,0,0,,,,2015-3-12,Southwest Airlines Co.
Houston,TX,Corpus Christi,TX,2105,2109.0,4.0,8.0,2117.0,55,49.0,37.0,187,2154.0,4.0,2200,2158.0,-2.0,0,0,,,,2015-3-1,Southwest Airlines Co.
Midland,TX,Houston,TX,1850,1924.0,34.0,9.0,1933.0,85,79.0,65.0,441,2038.0,5.0,2015,2043.0,28.0,0,0,0.0,0.0,0.0,2015-7-16,Southwest Airlines Co.
Lubbock,TX,Dallas,TX,1805,,,,,65,,,293,,,1910,,,0,1,,,,2015-12-28,Southwest Airlines Co.
Milwaukee,WI,Detroit,MI,919,916.0,-3.0,10.0,926.0,64,58.0,42.0,237,1108.0,6.0,1123,1114.0,-9.0,0,0,,,,2015-4-1,Delta Air Lines Inc.
Dallas,TX,Orlando,FL,1350,1516.0,86.0,14.0,1530.0,145,164.0,143.0,973,1853.0,7.0,1715,1900.0,105.0,0,0,19.0,0.0,0.0,2015-12-27,Southwest Airlines Co.
Dallas-Fort Worth,TX,Kansas City,MO,1510,1507.0,-3.0,14.0,1521.0,94,87.0,67.0,460,1628.0,6.0,1644,1634.0,-10.0,0,0,,,,2015-11-15,American Airlines Inc.
Denver,CO,Boise,ID,755,754.0,-1.0,13.0,807.0,136,,,649,1238.0,4.0,1011,1242.0,,1,0,,,,2015-1-28,Skywest Airlines Inc.
Houston,TX,Newark,NJ,1907,1922.0,15.0,29.0,1951.0,210,233.0,197.0,1400,8.0,7.0,2337,15.0,38.0,0,0,38.0,0.0,0.0,2015-7-14,United Air Lines Inc.
New Orleans,LA,Atlanta,GA,1403,1403.0,0.0,11.0,1414.0,86,80.0,63.0,425,1617.0,6.0,1629,1623.0,-6.0,0,0,,,,2015-4-23,Delta Air Lines Inc.
Houston,TX,Phoenix,AZ,605,601.0,-4.0,11.0,612.0,175,166.0,152.0,1020,744.0,3.0,800,747.0,-13.0,0,0,,,,2015-11-26,Southwest Airlines Co.
Denver,CO,Atlanta,GA,957,954.0,-3.0,25.0,1019.0,186,175.0,146.0,1199,1445.0,4.0,1503,1449.0,-14.0,0,0,,,,2015-8-12,United Air Lines Inc.
Houston,TX,Knoxville,TN,855,852.0,-3.0,15.0,907.0,125,127.0,109.0,771,1156.0,3.0,1200,1159.0,-1.0,0,0,,,,2015-9-24,Atlantic Southeast Airlines
San Juan,PR,Philadelphia,PA,835,826.0,-9.0,16.0,842.0,232,253.0,234.0,1576,1236.0,3.0,1227,1239.0,12.0,0,0,,,,2015-7-18,American Airlines Inc.
Denver,CO,Chicago,IL,602,559.0,-3.0,17.0,616.0,145,141.0,107.0,888,903.0,17.0,927,920.0,-7.0,0,0,,,,2015-5-21,United Air Lines Inc.
Newark,NJ,Dallas-Fort Worth,TX,1805,1.0,356.0,12.0,13.0,235,206.0,189.0,1372,222.0,5.0,2100,227.0,327.0,0,0,18.0,0.0,0.0,2015-8-11,American Airlines Inc.
Rochester,NY,Newark,NJ,1806,1803.0,-3.0,29.0,1832.0,80,91.0,53.0,246,1925.0,9.0,1926,1934.0,8.0,0,0,,,,2015-11-18,Atlantic Southeast Airlines
San Francisco,CA,Chicago,IL,834,831.0,-3.0,21.0,852.0,261,250.0,219.0,1846,1431.0,10.0,1455,1441.0,-14.0,0,0,,,,2015-11-13,United Air Lines Inc.
Minneapolis,MN,Salt Lake City,UT,700,700.0,0.0,15.0,715.0,173,151.0,128.0,991,823.0,8.0,853,831.0,-22.0,0,0,,,,2015-8-19,Delta Air Lines Inc.
New York,NY,San Juan,PR,830,825.0,-5.0,36.0,901.0,247,246.0,206.0,1598,1227.0,4.0,1237,1231.0,-6.0,0,0,,,,2015-5-7,American Airlines Inc.
San Jose,CA,Denver,CO,705,702.0,-3.0,8.0,710.0,155,144.0,129.0,948,1019.0,7.0,1040,1026.0,-14.0,0,0,,,,2015-2-21,Southwest Airlines Co.
Charlotte,NC,Newark,NJ,1441,1740.0,179.0,,,109,,,529,,,1630,,,0,1,,,,2015-8-19,American Airlines Inc.
Newark,NJ,Houston,TX,1630,1631.0,1.0,18.0,1649.0,236,220.0,192.0,1400,1901.0,10.0,1926,1911.0,-15.0,0,0,,,,2015-2-19,United Air Lines Inc.
Austin,TX,Chicago,IL,1455,1646.0,111.0,19.0,1705.0,163,313.0,122.0,977,1907.0,172.0,1738,2159.0,261.0,0,0,261.0,0.0,0.0,2015-12-28,American Airlines Inc.
Phoenix,AZ,Tucson,AZ,1615,1610.0,-5.0,33.0,1643.0,48,62.0,24.0,110,1707.0,5.0,1703,1712.0,9.0,0,0,,,,2015-12-4,Skywest Airlines Inc.
Las Vegas,NV,Houston,TX,925,938.0,13.0,12.0,950.0,185,178.0,161.0,1235,1431.0,5.0,1430,1436.0,6.0,0,0,,,,2015-6-22,Southwest Airlines Co.
Eagle,CO,Chicago,IL,1415,1408.0,-7.0,11.0,1419.0,158,151.0,121.0,1007,1720.0,19.0,1753,1739.0,-14.0,0,0,,,,2015-2-9,American Airlines Inc.
Fort Wayne,IN,Chicago,IL,1000,950.0,-10.0,10.0,1000.0,60,51.0,29.0,157,929.0,12.0,1000,941.0,-19.0,0,0,,,,2015-8-22,Skywest Airlines Inc.
St Louis,MO,Arlington,VA,830,823.0,-7.0,12.0,835.0,115,113.0,97.0,719,1112.0,4.0,1125,1116.0,-9.0,0,0,,,,2015-7-27,Southwest Airlines Co.
Cleveland,OH,Detroit,MI,650,655.0,5.0,35.0,730.0,64,70.0,30.0,95,800.0,5.0,754,805.0,11.0,0,0,,,,2015-2-24,Atlantic Southeast Airlines
Bloomington,IL,Atlanta,GA,1655,1651.0,-4.0,11.0,1702.0,90,99.0,80.0,533,1922.0,8.0,1925,1930.0,5.0,0,0,,,,2015-1-16,Atlantic Southeast Airlines
Houston,TX,Dallas,TX,900,855.0,-5.0,14.0,909.0,60,61.0,44.0,239,953.0,3.0,1000,956.0,-4.0,0,0,,,,2015-5-9,Southwest Airlines Co.
Orlando,FL,Chicago,IL,1145,1142.0,-3.0,7.0,1149.0,165,146.0,128.0,990,1257.0,11.0,1330,1308.0,-22.0,0,0,,,,2015-8-30,Southwest Airlines Co.
Boston,MA,Detroit,MI,1850,1900.0,10.0,15.0,1915.0,134,113.0,91.0,632,2046.0,7.0,2104,2053.0,-11.0,0,0,,,,2015-9-23,Delta Air Lines Inc.
New York,NY,Denver,CO,815,812.0,-3.0,19.0,831.0,267,246.0,220.0,1620,1011.0,7.0,1042,1018.0,-24.0,0,0,,,,2015-5-17,Delta Air Lines Inc.
Nashville,TN,Cleveland,OH,910,905.0,-5.0,14.0,919.0,85,83.0,63.0,448,1122.0,6.0,1135,1128.0,-7.0,0,0,,,,2015-12-10,Southwest Airlines Co.
Dallas-Fort Worth,TX,Austin,TX,1805,1807.0,2.0,13.0,1820.0,60,66.0,48.0,190,1908.0,5.0,1905,1913.0,8.0,0,0,,,,2015-1-2,American Airlines Inc.
Houston,TX,New Orleans,LA,1934,1952.0,18.0,27.0,2019.0,70,70.0,41.0,305,2100.0,2.0,2044,2102.0,18.0,0,0,0.0,0.0,0.0,2015-3-8,United Air Lines Inc.
Salt Lake City,UT,Great Falls,MT,2005,2005.0,0.0,18.0,2023.0,84,88.0,66.0,463,2129.0,4.0,2129,2133.0,4.0,0,0,,,,2015-7-6,Skywest Airlines Inc.
Chicago,IL,Providence,RI,2050,2049.0,-1.0,29.0,2118.0,135,147.0,116.0,849,14.0,2.0,5,16.0,11.0,0,0,,,,2015-11-22,Atlantic Southeast Airlines
Omaha,NE,Denver,CO,2050,2142.0,52.0,6.0,2148.0,95,81.0,70.0,472,2158.0,5.0,2125,2203.0,38.0,0,0,0.0,0.0,0.0,2015-7-14,Southwest Airlines Co.
Arlington,VA,Chicago,IL,945,952.0,7.0,11.0,1003.0,124,106.0,87.0,612,1030.0,8.0,1049,1038.0,-11.0,0,0,,,,2015-9-23,United Air Lines Inc.
New Orleans,LA,Los Angeles,CA,1335,1345.0,10.0,9.0,1354.0,270,251.0,229.0,1670,1543.0,13.0,1605,1556.0,-9.0,0,0,,,,2015-3-24,Delta Air Lines Inc.
Des Moines,IA,Denver,CO,943,952.0,9.0,8.0,1000.0,123,111.0,96.0,589,1036.0,7.0,1046,1043.0,-3.0,0,0,,,,2015-5-18,Skywest Airlines Inc.
Dayton,OH,Dallas-Fort Worth,TX,1920,1917.0,-3.0,19.0,1936.0,152,153.0,122.0,861,2038.0,12.0,2052,2050.0,-2.0,0,0,,,,2015-7-22,American Airlines Inc.
Salt Lake City,UT,Los Angeles,CA,1925,1923.0,-2.0,13.0,1936.0,120,103.0,78.0,590,1954.0,12.0,2025,2006.0,-19.0,0,0,,,,2015-2-16,Southwest Airlines Co.
Atlanta,GA,Ft. Lauderdale,FL,2040,2105.0,25.0,27.0,2132.0,110,109.0,79.0,581,2251.0,3.0,2230,2254.0,24.0,0,0,0.0,0.0,0.0,2015-1-6,Delta Air Lines Inc.
Newark,NJ,Portland,ME,1450,1451.0,1.0,34.0,1525.0,80,83.0,45.0,284,1610.0,4.0,1610,1614.0,4.0,0,0,,,,2015-8-13,Atlantic Southeast Airlines
Chicago,IL,Newark,NJ,600,554.0,-6.0,7.0,601.0,120,103.0,90.0,711,831.0,6.0,900,837.0,-23.0,0,0,,,,2015-1-19,Southwest Airlines Co.
Salt Lake City,UT,Seattle,WA,1350,1350.0,0.0,14.0,1404.0,123,137.0,98.0,689,1442.0,25.0,1453,1507.0,14.0,0,0,,,,2015-9-17,Delta Air Lines Inc.
Denver,CO,Oklahoma City,OK,1540,1536.0,-4.0,8.0,1544.0,90,87.0,69.0,495,1753.0,10.0,1810,1803.0,-7.0,0,0,,,,2015-5-26,Southwest Airlines Co.
Atlanta,GA,Philadelphia,PA,1555,1552.0,-3.0,13.0,1605.0,120,113.0,94.0,666,1739.0,6.0,1755,1745.0,-10.0,0,0,,,,2015-12-8,Southwest Airlines Co.
Covington,KY,Newark,NJ,1557,,,,,124,,,569,,,1801,,,0,1,,,,2015-5-27,Atlantic Southeast Airlines
Nashville,TN,Los Angeles,CA,1754,1756.0,2.0,12.0,1808.0,291,252.0,233.0,1797,2001.0,7.0,2045,2008.0,-37.0,0,0,,,,2015-12-9,Delta Air Lines Inc.
Houston,TX,Chantilly,VA,1252,1257.0,5.0,25.0,1322.0,182,183.0,149.0,1190,1651.0,9.0,1654,1700.0,6.0,0,0,,,,2015-4-30,United Air Lines Inc.
Raleigh,NC,Miami,FL,625,618.0,-7.0,15.0,633.0,127,124.0,101.0,700,814.0,8.0,832,822.0,-10.0,0,0,,,,2015-4-14,American Airlines Inc.
San Jose,CA,San Diego,CA,1335,1406.0,31.0,7.0,1413.0,75,69.0,59.0,417,1512.0,3.0,1450,1515.0,25.0,0,0,0.0,0.0,0.0,2015-2-2,Southwest Airlines Co.
Las Vegas,NV,Tucson,AZ,2100,2102.0,2.0,8.0,2110.0,70,63.0,50.0,365,2300.0,5.0,2310,2305.0,-5.0,0,0,,,,2015-2-4,Southwest Airlines Co.
Kansas City,MO,Charlotte,NC,1821,1814.0,-7.0,17.0,1831.0,132,140.0,116.0,808,2127.0,7.0,2133,2134.0,1.0,0,0,,,,2015-7-27,American Airlines Inc.
Orlando,FL,Pittsburgh,PA,910,910.0,0.0,9.0,919.0,135,127.0,113.0,834,1112.0,5.0,1125,1117.0,-8.0,0,0,,,,2015-9-1,Southwest Airlines Co.
Atlanta,GA,Rochester,NY,2109,2355.0,166.0,12.0,7.0,129,119.0,102.0,749,149.0,5.0,2318,154.0,156.0,0,0,0.0,0.0,0.0,2015-3-31,Delta Air Lines Inc.
Las Vegas,NV,Reno,NV,910,906.0,-4.0,9.0,915.0,75,68.0,54.0,345,1009.0,5.0,1025,1014.0,-11.0,0,0,,,,2015-4-28,Southwest Airlines Co.
Nashville,TN,Orlando,FL,1625,1637.0,12.0,10.0,1647.0,110,102.0,82.0,616,1909.0,10.0,1915,1919.0,4.0,0,0,,,,2015-4-11,Southwest Airlines Co.
Atlanta,GA,South Bend,IN,1535,1530.0,-5.0,37.0,1607.0,120,127.0,84.0,566,1731.0,6.0,1735,1737.0,2.0,0,0,,,,2015-9-10,Skywest Airlines Inc.
Houston,TX,New York,NY,1551,1604.0,13.0,24.0,1628.0,206,201.0,167.0,1416,2015.0,10.0,2017,2025.0,8.0,0,0,,,,2015-3-4,United Air Lines Inc.
Dallas,TX,Houston,TX,730,728.0,-2.0,9.0,737.0,65,57.0,41.0,239,818.0,7.0,835,825.0,-10.0,0,0,,,,2015-9-5,Southwest Airlines Co.
Minneapolis,MN,San Diego,CA,925,919.0,-6.0,18.0,937.0,224,216.0,195.0,1532,1052.0,3.0,1109,1055.0,-14.0,0,0,,,,2015-8-19,Delta Air Lines Inc.
Boston,MA,Houston,TX,819,909.0,50.0,55.0,1004.0,274,314.0,249.0,1597,1313.0,10.0,1153,1323.0,90.0,0,0,90.0,0.0,0.0,2015-2-25,United Air Lines Inc.
Salt Lake City,UT,Great Falls,MT,1714,1702.0,-12.0,31.0,1733.0,96,108.0,73.0,463,1846.0,4.0,1850,1850.0,0.0,0,0,,,,2015-5-24,Skywest Airlines Inc.
Tampa,FL,Ft. Lauderdale,FL,1030,1032.0,2.0,10.0,1042.0,60,56.0,41.0,197,1123.0,5.0,1130,1128.0,-2.0,0,0,,,,2015-12-31,Southwest Airlines Co.
Austin,TX,Tampa,FL,1420,1417.0,-3.0,14.0,1431.0,130,127.0,108.0,928,1719.0,5.0,1730,1724.0,-6.0,0,0,,,,2015-12-4,Southwest Airlines Co.
Austin,TX,Newark,NJ,1502,1508.0,6.0,11.0,1519.0,213,211.0,192.0,1504,1931.0,8.0,1935,1939.0,4.0,0,0,,,,2015-2-13,United Air Lines Inc.
Atlanta,GA,West Palm Beach,FL,1755,1812.0,17.0,15.0,1827.0,112,99.0,80.0,545,1947.0,4.0,1947,1951.0,4.0,0,0,,,,2015-7-10,Delta Air Lines Inc.
Santa Ana,CA,Chicago,IL,645,654.0,9.0,17.0,711.0,250,242.0,211.0,1726,1242.0,14.0,1255,1256.0,1.0,0,0,,,,2015-6-24,United Air Lines Inc.
Phoenix,AZ,Oakland,CA,1255,1258.0,3.0,9.0,1307.0,110,108.0,89.0,646,1436.0,10.0,1445,1446.0,1.0,0,0,,,,2015-6-21,Southwest Airlines Co.
Los Angeles,CA,Orlando,FL,800,806.0,6.0,32.0,838.0,291,301.0,260.0,2218,1558.0,9.0,1551,1607.0,16.0,0,0,10.0,0.0,0.0,2015-5-13,American Airlines Inc.
Detroit,MI,Las Vegas,NV,1951,2003.0,12.0,19.0,2022.0,264,258.0,228.0,1749,2110.0,11.0,2115,2121.0,6.0,0,0,,,,2015-9-8,Delta Air Lines Inc.
Memphis,TN,Houston,TX,1140,1145.0,5.0,19.0,1204.0,109,115.0,85.0,468,1329.0,11.0,1329,1340.0,11.0,0,0,,,,2015-11-5,Atlantic Southeast Airlines
Atlanta,GA,Wilmington,NC,2202,2201.0,-1.0,18.0,2219.0,76,81.0,61.0,377,2320.0,2.0,2318,2322.0,4.0,0,0,,,,2015-3-4,Atlantic Southeast Airlines
Phoenix,AZ,Denver,CO,1855,2117.0,142.0,15.0,2132.0,110,107.0,83.0,602,2355.0,9.0,2145,4.0,139.0,0,0,0.0,0.0,0.0,2015-8-3,American Airlines Inc.
Boston,MA,Minneapolis,MN,830,830.0,0.0,14.0,844.0,189,177.0,158.0,1124,1022.0,5.0,1039,1027.0,-12.0,0,0,,,,2015-9-25,Delta Air Lines Inc.
Detroit,MI,Las Vegas,NV,750,748.0,-2.0,13.0,801.0,260,251.0,233.0,1749,854.0,5.0,910,859.0,-11.0,0,0,,,,2015-6-12,Southwest Airlines Co.
Springfield,MO,Denver,CO,926,931.0,5.0,29.0,1000.0,122,133.0,96.0,637,1036.0,8.0,1028,1044.0,16.0,0,0,11.0,0.0,0.0,2015-7-28,Skywest Airlines Inc.
Las Vegas,NV,Santa Ana,CA,1705,1736.0,31.0,8.0,1744.0,60,50.0,38.0,226,1822.0,4.0,1805,1826.0,21.0,0,0,0.0,0.0,0.0,2015-3-4,Southwest Airlines Co.
Newark,NJ,Dallas-Fort Worth,TX,1844,1946.0,62.0,54.0,2040.0,250,276.0,218.0,1372,2318.0,4.0,2154,2322.0,88.0,0,0,26.0,0.0,0.0,2015-3-3,American Airlines Inc.
Windsor Locks,CT,Charlotte,NC,1910,1903.0,-7.0,20.0,1923.0,133,148.0,120.0,644,2123.0,8.0,2123,2131.0,8.0,0,0,,,,2015-11-13,American Airlines Inc.
Atlanta,GA,Albany,GA,2046,2056.0,10.0,23.0,2119.0,51,53.0,27.0,145,2146.0,3.0,2137,2149.0,12.0,0,0,,,,2015-1-16,Atlantic Southeast Airlines
Boston,MA,Austin,TX,1300,1301.0,1.0,17.0,1318.0,290,264.0,242.0,1698,1620.0,5.0,1650,1625.0,-25.0,0,0,,,,2015-11-16,Southwest Airlines Co.
Chicago,IL,Los Angeles,CA,813,,,,,277,,,1744,,,1050,,,0,1,,,,2015-1-5,United Air Lines Inc.
Chicago,IL,Nashville,TN,545,541.0,-4.0,9.0,550.0,85,77.0,62.0,395,652.0,6.0,710,658.0,-12.0,0,0,,,,2015-11-16,Southwest Airlines Co.
Baltimore,MD,Cleveland,OH,2200,2204.0,4.0,5.0,2209.0,75,69.0,58.0,314,2307.0,6.0,2315,2313.0,-2.0,0,0,,,,2015-3-31,Southwest Airlines Co.
San Francisco,CA,Philadelphia,PA,1115,,,,,317,,,2521,,,1932,,,0,1,,,,2015-1-26,United Air Lines Inc.
Nashville,TN,Newark,NJ,815,813.0,-2.0,11.0,824.0,140,134.0,114.0,748,1118.0,9.0,1135,1127.0,-8.0,0,0,,,,2015-6-5,Southwest Airlines Co.
Detroit,MI,Omaha,NE,1208,1206.0,-2.0,22.0,1228.0,119,122.0,95.0,651,1303.0,5.0,1307,1308.0,1.0,0,0,,,,2015-7-31,Atlantic Southeast Airlines
Bloomington,IL,Minneapolis,MN,1710,1706.0,-4.0,31.0,1737.0,98,110.0,66.0,375,1843.0,13.0,1848,1856.0,8.0,0,0,,,,2015-2-9,Skywest Airlines Inc.
Las Vegas,NV,Phoenix,AZ,1810,1806.0,-4.0,16.0,1822.0,75,69.0,47.0,255,2009.0,6.0,2025,2015.0,-10.0,0,0,,,,2015-2-27,Southwest Airlines Co.
New Orleans,LA,Minneapolis,MN,1555,1704.0,69.0,17.0,1721.0,164,157.0,138.0,1039,1939.0,2.0,1839,1941.0,62.0,0,0,0.0,0.0,62.0,2015-4-15,Delta Air Lines Inc.
Chicago,IL,Philadelphia,PA,1315,1318.0,3.0,11.0,1329.0,115,98.0,81.0,668,1550.0,6.0,1610,1556.0,-14.0,0,0,,,,2015-3-18,Southwest Airlines Co.
Hancock,MI,Chicago,IL,600,556.0,-4.0,14.0,610.0,85,93.0,63.0,359,613.0,16.0,625,629.0,4.0,0,0,,,,2015-7-8,Skywest Airlines Inc.
Austin,TX,Detroit,MI,1245,1256.0,11.0,18.0,1314.0,176,182.0,157.0,1149,1651.0,7.0,1641,1658.0,17.0,0,0,6.0,0.0,0.0,2015-9-8,Skywest Airlines Inc.
Houston,TX,Laredo,TX,1448,1445.0,-3.0,10.0,1455.0,75,65.0,49.0,301,1544.0,6.0,1603,1550.0,-13.0,0,0,,,,2015-9-21,Atlantic Southeast Airlines
New York,NY,West Palm Beach,FL,1020,1018.0,-2.0,42.0,1100.0,192,195.0,148.0,1035,1328.0,5.0,1332,1333.0,1.0,0,0,,,,2015-9-25,Delta Air Lines Inc.
New York,NY,Dallas-Fort Worth,TX,730,720.0,-10.0,15.0,735.0,251,253.0,227.0,1389,1022.0,11.0,1041,1033.0,-8.0,0,0,,,,2015-2-21,American Airlines Inc.
Denver,CO,Santa Ana,CA,815,813.0,-2.0,10.0,823.0,144,133.0,118.0,846,921.0,5.0,939,926.0,-13.0,0,0,,,,2015-8-11,United Air Lines Inc.
Chicago,IL,Arlington,VA,1330,1327.0,-3.0,15.0,1342.0,110,103.0,83.0,601,1605.0,5.0,1620,1610.0,-10.0,0,0,,,,2015-6-9,Southwest Airlines Co.
Philadelphia,PA,Chicago,IL,1710,1710.0,0.0,27.0,1737.0,140,129.0,98.0,668,1815.0,4.0,1830,1819.0,-11.0,0,0,,,,2015-9-25,Southwest Airlines Co.
Denver,CO,Bakersfield,CA,1908,1906.0,-2.0,15.0,1921.0,157,156.0,135.0,845,2036.0,6.0,2045,2042.0,-3.0,0,0,,,,2015-3-23,Skywest Airlines Inc.
St Louis,MO,Chicago,IL,930,928.0,-2.0,12.0,940.0,60,55.0,41.0,251,1021.0,2.0,1030,1023.0,-7.0,0,0,,,,2015-6-1,Southwest Airlines Co.
Atlanta,GA,Daytona Beach,FL,1205,1158.0,-7.0,10.0,1208.0,78,70.0,55.0,366,1303.0,5.0,1323,1308.0,-15.0,0,0,,,,2015-2-8,Delta Air Lines Inc.
Detroit,MI,Escanaba,MI,2135,2127.0,-8.0,16.0,2143.0,78,75.0,55.0,306,2238.0,4.0,2253,2242.0,-11.0,0,0,,,,2015-6-22,Skywest Airlines Inc.
Houston,TX,Atlanta,GA,810,809.0,-1.0,10.0,819.0,115,111.0,88.0,696,1047.0,13.0,1105,1100.0,-5.0,0,0,,,,2015-3-14,Delta Air Lines Inc.
Reno,NV,San Francisco,CA,1329,1323.0,-6.0,10.0,1333.0,79,70.0,45.0,192,1418.0,15.0,1448,1433.0,-15.0,0,0,,,,2015-8-10,United Air Lines Inc.
Ft. Myers,FL,Detroit,MI,1350,1359.0,9.0,12.0,1411.0,167,154.0,135.0,1084,1626.0,7.0,1637,1633.0,-4.0,0,0,,,,2015-9-21,Delta Air Lines Inc.
Denver,CO,Sioux Falls,SD,2204,2151.0,-13.0,17.0,2208.0,92,94.0,72.0,483,20.0,5.0,36,25.0,-11.0,0,0,,,,2015-9-25,Skywest Airlines Inc.
Atlanta,GA,Melbourne,FL,1535,1533.0,-2.0,14.0,1547.0,91,84.0,66.0,442,1653.0,4.0,1706,1657.0,-9.0,0,0,,,,2015-11-19,Delta Air Lines Inc.
Austin,TX,Atlanta,GA,1835,1828.0,-7.0,11.0,1839.0,122,113.0,93.0,813,2112.0,9.0,2137,2121.0,-16.0,0,0,,,,2015-1-16,Delta Air Lines Inc.
Atlanta,GA,Chicago,IL,1050,1120.0,30.0,31.0,1151.0,120,131.0,88.0,606,1219.0,12.0,1150,1231.0,41.0,0,0,11.0,0.0,0.0,2015-6-24,Delta Air Lines Inc.
Flagstaff,AZ,Phoenix,AZ,2110,2053.0,-17.0,5.0,2058.0,52,49.0,27.0,119,2125.0,17.0,2202,2142.0,-20.0,0,0,,,,2015-7-21,Skywest Airlines Inc.
Albany,NY,Detroit,MI,600,552.0,-8.0,21.0,613.0,117,107.0,78.0,489,731.0,8.0,757,739.0,-18.0,0,0,,,,2015-11-30,Delta Air Lines Inc.
Wichita,KS,Chicago,IL,1857,1952.0,55.0,15.0,2007.0,123,167.0,85.0,588,2132.0,67.0,2100,2239.0,99.0,0,0,44.0,0.0,0.0,2015-2-25,Skywest Airlines Inc.
Denver,CO,Reno,NV,1904,1916.0,12.0,14.0,1930.0,140,137.0,118.0,804,2028.0,5.0,2024,2033.0,9.0,0,0,,,,2015-12-13,United Air Lines Inc.
Salt Lake City,UT,San Jose,CA,1105,1109.0,4.0,33.0,1142.0,123,127.0,89.0,584,1211.0,5.0,1208,1216.0,8.0,0,0,,,,2015-7-29,Skywest Airlines Inc.
Detroit,MI,Baltimore,MD,1431,1427.0,-4.0,13.0,1440.0,100,87.0,68.0,409,1548.0,6.0,1611,1554.0,-17.0,0,0,,,,2015-9-22,Delta Air Lines Inc.
Grand Forks,ND,Minneapolis,MN,1105,1152.0,47.0,12.0,1204.0,70,61.0,46.0,284,1250.0,3.0,1215,1253.0,38.0,0,0,0.0,0.0,0.0,2015-8-30,Skywest Airlines Inc.
Birmingham,AL,Denver,CO,1228,,,,,187,,,1083,,,1435,,,0,1,,,,2015-2-25,Skywest Airlines Inc.
San Francisco,CA,Kansas City,MO,1600,1647.0,47.0,16.0,1703.0,225,209.0,187.0,1499,2210.0,6.0,2145,2216.0,31.0,0,0,0.0,0.0,0.0,2015-5-25,Skywest Airlines Inc.
Miami,FL,Philadelphia,PA,1905,1901.0,-4.0,13.0,1914.0,170,168.0,147.0,1013,2141.0,8.0,2155,2149.0,-6.0,0,0,,,,2015-5-11,American Airlines Inc.
Los Angeles,CA,Chantilly,VA,2315,2317.0,2.0,15.0,2332.0,292,256.0,234.0,2288,626.0,7.0,707,633.0,-34.0,0,0,,,,2015-11-28,United Air Lines Inc.
Dallas-Fort Worth,TX,Salt Lake City,UT,1520,1525.0,5.0,14.0,1539.0,170,155.0,139.0,989,1658.0,2.0,1710,1700.0,-10.0,0,0,,,,2015-2-6,American Airlines Inc.
Chicago,IL,Dallas-Fort Worth,TX,1825,2202.0,217.0,22.0,2224.0,157,142.0,115.0,802,19.0,5.0,2102,24.0,202.0,0,0,0.0,0.0,0.0,2015-12-13,American Airlines Inc.
Houston,TX,New Orleans,LA,1930,2106.0,96.0,11.0,2117.0,75,60.0,42.0,305,2159.0,7.0,2045,2206.0,81.0,0,0,0.0,0.0,0.0,2015-12-22,United Air Lines Inc.
Medford,OR,Denver,CO,530,524.0,-6.0,20.0,544.0,154,153.0,121.0,964,845.0,12.0,904,857.0,-7.0,0,0,,,,2015-12-16,Skywest Airlines Inc.
Milwaukee,WI,Chicago,IL,1456,1550.0,54.0,20.0,1610.0,54,53.0,23.0,67,1633.0,10.0,1550,1643.0,53.0,0,0,0.0,0.0,0.0,2015-2-13,Skywest Airlines Inc.
Seattle,WA,Sacramento,CA,700,655.0,-5.0,22.0,717.0,105,103.0,74.0,605,831.0,7.0,845,838.0,-7.0,0,0,,,,2015-1-23,Southwest Airlines Co.
Phoenix,AZ,Pittsburgh,PA,1515,1509.0,-6.0,17.0,1526.0,236,249.0,225.0,1814,2211.0,7.0,2211,2218.0,7.0,0,0,,,,2015-9-29,American Airlines Inc.
Santa Ana,CA,Denver,CO,1920,1935.0,15.0,10.0,1945.0,130,127.0,111.0,846,2236.0,6.0,2230,2242.0,12.0,0,0,,,,2015-8-18,Southwest Airlines Co.
Philadelphia,PA,Providence,RI,940,949.0,9.0,22.0,1011.0,73,72.0,47.0,237,1058.0,3.0,1053,1101.0,8.0,0,0,,,,2015-8-27,American Airlines Inc.
Houston,TX,Amarillo,TX,900,855.0,-5.0,19.0,914.0,108,114.0,90.0,517,1044.0,5.0,1048,1049.0,1.0,0,0,,,,2015-11-13,Atlantic Southeast Airlines
Houston,TX,St Louis,MO,2225,2234.0,9.0,8.0,2242.0,115,100.0,88.0,687,10.0,4.0,20,14.0,-6.0,0,0,,,,2015-8-19,Southwest Airlines Co.
Sacramento,CA,Los Angeles,CA,645,641.0,-4.0,15.0,656.0,85,80.0,58.0,373,754.0,7.0,810,801.0,-9.0,0,0,,,,2015-1-24,Southwest Airlines Co.
Baltimore,MD,Detroit,MI,2220,2233.0,13.0,11.0,2244.0,90,80.0,62.0,409,2346.0,7.0,2350,2353.0,3.0,0,0,,,,2015-7-1,Southwest Airlines Co.
Dallas-Fort Worth,TX,Baltimore,MD,940,940.0,0.0,13.0,953.0,164,165.0,143.0,1217,1316.0,9.0,1324,1325.0,1.0,0,0,,,,2015-2-2,American Airlines Inc.
San Antonio,TX,Phoenix,AZ,1822,1818.0,-4.0,11.0,1829.0,152,137.0,118.0,843,1827.0,8.0,1854,1835.0,-19.0,0,0,,,,2015-5-28,Skywest Airlines Inc.
Dallas-Fort Worth,TX,New York,NY,1335,1405.0,30.0,9.0,1414.0,189,172.0,157.0,1389,1751.0,6.0,1744,1757.0,13.0,0,0,,,,2015-2-18,American Airlines Inc.
Columbia,SC,Atlanta,GA,700,707.0,7.0,14.0,721.0,60,58.0,38.0,192,759.0,6.0,800,805.0,5.0,0,0,,,,2015-8-18,Delta Air Lines Inc.
Atlanta,GA,Tallahassee,FL,2205,2153.0,-12.0,14.0,2207.0,66,62.0,42.0,223,2249.0,6.0,2311,2255.0,-16.0,0,0,,,,2015-1-31,Delta Air Lines Inc.
Panama City,FL,Baltimore,MD,940,943.0,3.0,9.0,952.0,130,118.0,104.0,798,1236.0,5.0,1250,1241.0,-9.0,0,0,,,,2015-3-15,Southwest Airlines Co.
Las Vegas,NV,Los Angeles,CA,932,926.0,-6.0,14.0,940.0,73,71.0,42.0,236,1022.0,15.0,1045,1037.0,-8.0,0,0,,,,2015-9-1,United Air Lines Inc.
Atlanta,GA,Salt Lake City,UT,1205,1203.0,-2.0,18.0,1221.0,257,263.0,240.0,1590,1421.0,5.0,1422,1426.0,4.0,0,0,,,,2015-1-29,Delta Air Lines Inc.
New York,NY,Charleston,SC,1951,2102.0,71.0,33.0,2135.0,150,125.0,85.0,641,2300.0,7.0,2221,2307.0,46.0,0,0,0.0,0.0,0.0,2015-1-16,Atlantic Southeast Airlines
Chicago,IL,Green Bay,WI,1755,1752.0,-3.0,25.0,1817.0,63,58.0,29.0,173,1846.0,4.0,1858,1850.0,-8.0,0,0,,,,2015-4-19,Atlantic Southeast Airlines
Muskegon,MI,Chicago,IL,1325,1322.0,-3.0,10.0,1332.0,60,48.0,27.0,118,1259.0,11.0,1325,1310.0,-15.0,0,0,,,,2015-4-28,Skywest Airlines Inc.
Orlando,FL,Chicago,IL,2020,2015.0,-5.0,7.0,2022.0,170,168.0,140.0,990,2142.0,21.0,2210,2203.0,-7.0,0,0,,,,2015-12-31,Southwest Airlines Co.
Atlanta,GA,New Orleans,LA,955,950.0,-5.0,18.0,1008.0,93,82.0,59.0,425,1007.0,5.0,1028,1012.0,-16.0,0,0,,,,2015-8-9,Delta Air Lines Inc.
Atlanta,GA,Tulsa,OK,820,819.0,-1.0,20.0,839.0,127,125.0,102.0,674,921.0,3.0,927,924.0,-3.0,0,0,,,,2015-12-1,Delta Air Lines Inc.
Austin,TX,Atlanta,GA,1210,1207.0,-3.0,10.0,1217.0,138,130.0,109.0,813,1506.0,11.0,1528,1517.0,-11.0,0,0,,,,2015-9-23,Delta Air Lines Inc.
Philadelphia,PA,Atlanta,GA,1400,1357.0,-3.0,33.0,1430.0,137,146.0,105.0,666,1615.0,8.0,1617,1623.0,6.0,0,0,,,,2015-11-18,Delta Air Lines Inc.
Duluth,MN,Minneapolis,MN,1743,1741.0,-2.0,17.0,1758.0,62,57.0,36.0,144,1834.0,4.0,1845,1838.0,-7.0,0,0,,,,2015-2-6,Skywest Airlines Inc.
Denver,CO,Fargo,ND,1945,2004.0,19.0,32.0,2036.0,111,130.0,89.0,627,2305.0,9.0,2236,2314.0,38.0,0,0,19.0,0.0,0.0,2015-1-21,Atlantic Southeast Airlines
San Diego,CA,Los Angeles,CA,1651,1642.0,-9.0,18.0,1700.0,43,46.0,24.0,86,1724.0,4.0,1734,1728.0,-6.0,0,0,,,,2015-4-4,Skywest Airlines Inc.
Houston,TX,Orlando,FL,845,845.0,0.0,15.0,900.0,132,133.0,109.0,854,1149.0,9.0,1157,1158.0,1.0,0,0,,,,2015-4-8,United Air Lines Inc.
Chicago,IL,New York,NY,1410,1406.0,-4.0,16.0,1422.0,130,123.0,100.0,725,1702.0,7.0,1720,1709.0,-11.0,0,0,,,,2015-5-10,Southwest Airlines Co.
Atlanta,GA,Houston,TX,1315,1312.0,-3.0,10.0,1322.0,143,128.0,113.0,696,1415.0,5.0,1438,1420.0,-18.0,0,0,,,,2015-2-8,Delta Air Lines Inc.
Los Angeles,CA,Albuquerque,NM,1520,1602.0,42.0,9.0,1611.0,105,102.0,87.0,677,1838.0,6.0,1805,1844.0,39.0,0,0,0.0,0.0,0.0,2015-5-1,Southwest Airlines Co.
Chicago,IL,Phoenix,AZ,1440,1453.0,13.0,10.0,1503.0,220,208.0,190.0,1444,1613.0,8.0,1620,1621.0,1.0,0,0,,,,2015-9-9,Southwest Airlines Co.
Atlanta,GA,Sioux Falls,SD,1905,1859.0,-6.0,18.0,1917.0,153,151.0,130.0,954,2027.0,3.0,2038,2030.0,-8.0,0,0,,,,2015-4-27,Atlantic Southeast Airlines
Chantilly,VA,San Francisco,CA,1720,1728.0,8.0,13.0,1741.0,339,324.0,304.0,2419,1945.0,7.0,1959,1952.0,-7.0,0,0,,,,2015-9-10,United Air Lines Inc.
Los Angeles,CA,San Jose,CA,1030,1028.0,-2.0,30.0,1058.0,85,84.0,50.0,308,1148.0,4.0,1155,1152.0,-3.0,0,0,,,,2015-3-30,Skywest Airlines Inc.
Denver,CO,Montrose,CO,820,821.0,1.0,7.0,828.0,58,47.0,36.0,196,904.0,4.0,918,908.0,-10.0,0,0,,,,2015-8-15,Skywest Airlines Inc.
Jacksonville,FL,Charlotte,NC,855,846.0,-9.0,27.0,913.0,92,97.0,63.0,328,1016.0,7.0,1027,1023.0,-4.0,0,0,,,,2015-12-21,American Airlines Inc.
Houston,TX,Lafayette,LA,906,924.0,18.0,17.0,941.0,57,74.0,52.0,201,1033.0,5.0,1003,1038.0,35.0,0,0,17.0,0.0,18.0,2015-1-2,Atlantic Southeast Airlines
Seattle,WA,Spokane,WA,1834,1829.0,-5.0,12.0,1841.0,64,52.0,37.0,224,1918.0,3.0,1938,1921.0,-17.0,0,0,,,,2015-7-22,Skywest Airlines Inc.
Grand Rapids,MI,Atlanta,GA,630,623.0,-7.0,14.0,637.0,114,112.0,92.0,640,809.0,6.0,824,815.0,-9.0,0,0,,,,2015-8-19,Delta Air Lines Inc.
Chicago,IL,San Diego,CA,1355,1349.0,-6.0,19.0,1408.0,264,248.0,225.0,1723,1553.0,4.0,1619,1557.0,-22.0,0,0,,,,2015-9-23,American Airlines Inc.
Atlanta,GA,Little Rock,AR,856,909.0,13.0,10.0,919.0,89,75.0,61.0,453,920.0,4.0,925,924.0,-1.0,0,0,,,,2015-7-7,Delta Air Lines Inc.
Salt Lake City,UT,Arlington,VA,1702,1700.0,-2.0,16.0,1716.0,235,226.0,208.0,1851,2244.0,2.0,2257,2246.0,-11.0,0,0,,,,2015-1-20,Delta Air Lines Inc.
Phoenix,AZ,Seattle,WA,705,701.0,-4.0,11.0,712.0,175,170.0,151.0,1107,943.0,8.0,1000,951.0,-9.0,0,0,,,,2015-6-15,Southwest Airlines Co.
Atlanta,GA,Jacksonville,FL,1455,1456.0,1.0,13.0,1509.0,68,58.0,42.0,270,1551.0,3.0,1603,1554.0,-9.0,0,0,,,,2015-1-9,Delta Air Lines Inc.
Dallas-Fort Worth,TX,Las Vegas,NV,855,919.0,24.0,34.0,953.0,184,189.0,150.0,1055,1023.0,5.0,959,1028.0,29.0,0,0,5.0,0.0,0.0,2015-12-22,American Airlines Inc.
Houston,TX,Milwaukee,WI,1019,1013.0,-6.0,15.0,1028.0,171,151.0,128.0,984,1236.0,8.0,1310,1244.0,-26.0,0,0,,,,2015-11-16,Atlantic Southeast Airlines
San Diego,CA,Houston,TX,919,920.0,1.0,15.0,935.0,196,176.0,156.0,1303,1411.0,5.0,1435,1416.0,-19.0,0,0,,,,2015-8-18,United Air Lines Inc.
Salt Lake City,UT,Pocatello,ID,2146,2144.0,-2.0,13.0,2157.0,51,44.0,27.0,150,2224.0,4.0,2237,2228.0,-9.0,0,0,,,,2015-4-24,Skywest Airlines Inc.
Atlanta,GA,Chicago,IL,2040,2040.0,0.0,18.0,2058.0,129,112.0,89.0,606,2127.0,5.0,2149,2132.0,-17.0,0,0,,,,2015-3-11,Delta Air Lines Inc.
Birmingham,AL,Dallas,TX,630,626.0,-4.0,9.0,635.0,120,99.0,86.0,587,801.0,4.0,830,805.0,-25.0,0,0,,,,2015-3-16,Southwest Airlines Co.
New York,NY,Atlanta,GA,1929,2009.0,40.0,36.0,2045.0,160,158.0,115.0,760,2240.0,7.0,2209,2247.0,38.0,0,0,0.0,0.0,0.0,2015-11-2,Delta Air Lines Inc.
Miami,FL,Chicago,IL,2120,2118.0,-2.0,15.0,2133.0,203,181.0,161.0,1197,2314.0,5.0,2343,2319.0,-24.0,0,0,,,,2015-6-16,American Airlines Inc.
Phoenix,AZ,Boston,MA,1515,1514.0,-1.0,11.0,1525.0,299,286.0,270.0,2300,2255.0,5.0,2314,2300.0,-14.0,0,0,,,,2015-8-12,American Airlines Inc.
Boise,ID,Denver,CO,712,712.0,0.0,25.0,737.0,108,125.0,92.0,649,909.0,8.0,900,917.0,17.0,0,0,17.0,0.0,0.0,2015-8-24,United Air Lines Inc.
Tampa,FL,New York,NY,1525,1814.0,169.0,21.0,1835.0,164,167.0,139.0,1010,2054.0,7.0,1809,2101.0,172.0,0,0,172.0,0.0,0.0,2015-7-30,Delta Air Lines Inc.
Covington,KY,Las Vegas,NV,1615,1658.0,43.0,11.0,1709.0,244,235.0,220.0,1678,1749.0,4.0,1719,1753.0,34.0,0,0,0.0,0.0,0.0,2015-6-13,Delta Air Lines Inc.
Houston,TX,Chantilly,VA,1559,1559.0,0.0,22.0,1621.0,179,183.0,154.0,1190,1955.0,7.0,1958,2002.0,4.0,0,0,,,,2015-1-26,United Air Lines Inc.
Covington,KY,Chicago,IL,1743,1837.0,54.0,34.0,1911.0,77,92.0,51.0,265,1902.0,7.0,1800,1909.0,69.0,0,0,69.0,0.0,0.0,2015-6-29,Atlantic Southeast Airlines
Lubbock,TX,Dallas-Fort Worth,TX,800,753.0,-7.0,33.0,826.0,78,98.0,47.0,282,913.0,18.0,918,931.0,13.0,0,0,,,,2015-9-21,American Airlines Inc.
Green Bay,WI,Detroit,MI,1638,1638.0,0.0,15.0,1653.0,85,65.0,47.0,287,1840.0,3.0,1903,1843.0,-20.0,0,0,,,,2015-11-4,Atlantic Southeast Airlines
Cedar Rapids,IA,Denver,CO,943,956.0,13.0,12.0,1008.0,128,116.0,98.0,692,1046.0,6.0,1051,1052.0,1.0,0,0,,,,2015-5-6,Skywest Airlines Inc.
Chicago,IL,Raleigh,NC,1207,1203.0,-4.0,14.0,1217.0,115,107.0,87.0,646,1444.0,6.0,1502,1450.0,-12.0,0,0,,,,2015-12-13,American Airlines Inc.
Ontario,CA,Salt Lake City,UT,1315,1304.0,-11.0,10.0,1314.0,108,97.0,83.0,558,1537.0,4.0,1603,1541.0,-22.0,0,0,,,,2015-11-21,Skywest Airlines Inc.
Dallas-Fort Worth,TX,New Orleans,LA,825,818.0,-7.0,12.0,830.0,80,83.0,67.0,447,937.0,4.0,945,941.0,-4.0,0,0,,,,2015-3-21,American Airlines Inc.
Chicago,IL,Arlington,VA,1915,1910.0,-5.0,15.0,1925.0,112,103.0,84.0,612,2149.0,4.0,2207,2153.0,-14.0,0,0,,,,2015-11-6,American Airlines Inc.
Atlanta,GA,Kansas City,MO,810,807.0,-3.0,14.0,821.0,125,113.0,92.0,692,853.0,7.0,915,900.0,-15.0,0,0,,,,2015-8-28,Delta Air Lines Inc.
Denver,CO,Houston,TX,2000,1957.0,-3.0,12.0,2009.0,143,128.0,113.0,862,2302.0,3.0,2323,2305.0,-18.0,0,0,,,,2015-5-20,United Air Lines Inc.
Monterey,CA,San Francisco,CA,630,620.0,-10.0,13.0,633.0,48,38.0,20.0,77,653.0,5.0,718,658.0,-20.0,0,0,,,,2015-1-28,Skywest Airlines Inc.
Phoenix,AZ,St Louis,MO,1915,1935.0,20.0,15.0,1950.0,175,166.0,147.0,1262,17.0,4.0,10,21.0,11.0,0,0,,,,2015-6-4,Southwest Airlines Co.
Dallas,TX,Houston,TX,1000,954.0,-6.0,7.0,1001.0,65,60.0,42.0,239,1043.0,11.0,1105,1054.0,-11.0,0,0,,,,2015-2-13,Southwest Airlines Co.
New York,NY,Boston,MA,1059,1231.0,92.0,41.0,1312.0,68,85.0,39.0,184,1351.0,5.0,1207,1356.0,109.0,0,0,17.0,0.0,0.0,2015-2-27,Delta Air Lines Inc.
Denver,CO,San Francisco,CA,1130,1134.0,4.0,15.0,1149.0,163,156.0,132.0,967,1301.0,9.0,1313,1310.0,-3.0,0,0,,,,2015-2-10,United Air Lines Inc.
Philadelphia,PA,Dallas-Fort Worth,TX,1210,1159.0,-11.0,13.0,1212.0,220,217.0,198.0,1303,1430.0,6.0,1450,1436.0,-14.0,0,0,,,,2015-4-6,American Airlines Inc.
Chicago,IL,Tulsa,OK,2015,2010.0,-5.0,11.0,2021.0,122,102.0,88.0,585,2149.0,3.0,2217,2152.0,-25.0,0,0,,,,2015-4-21,American Airlines Inc.
Oakland,CA,Salt Lake City,UT,1639,1932.0,173.0,9.0,1941.0,104,90.0,77.0,588,2158.0,4.0,1923,2202.0,159.0,0,0,0.0,0.0,0.0,2015-6-28,Delta Air Lines Inc.
Arlington,VA,Detroit,MI,940,937.0,-3.0,10.0,947.0,88,82.0,67.0,405,1054.0,5.0,1108,1059.0,-9.0,0,0,,,,2015-8-25,Delta Air Lines Inc.
San Antonio,TX,Atlanta,GA,1737,1742.0,5.0,16.0,1758.0,148,148.0,111.0,874,2049.0,21.0,2105,2110.0,5.0,0,0,,,,2015-9-20,Delta Air Lines Inc.
Houston,TX,Harlingen,TX,1845,1839.0,-6.0,10.0,1849.0,55,53.0,41.0,277,1930.0,2.0,1940,1932.0,-8.0,0,0,,,,2015-6-14,Southwest Airlines Co.
San Jose,CA,Salt Lake City,UT,615,608.0,-7.0,17.0,625.0,112,108.0,87.0,584,852.0,4.0,907,856.0,-11.0,0,0,,,,2015-3-10,Skywest Airlines Inc.
Denver,CO,Houston,TX,1130,1147.0,17.0,11.0,1158.0,140,133.0,109.0,862,1447.0,13.0,1450,1500.0,10.0,0,0,,,,2015-2-2,United Air Lines Inc.
Seattle,WA,Phoenix,AZ,1310,1303.0,-7.0,20.0,1323.0,180,186.0,161.0,1107,1604.0,5.0,1610,1609.0,-1.0,0,0,,,,2015-6-15,Skywest Airlines Inc.
New York,NY,Houston,TX,700,654.0,-6.0,23.0,717.0,265,250.0,223.0,1428,1000.0,4.0,1025,1004.0,-21.0,0,0,,,,2015-1-12,Southwest Airlines Co.
Las Vegas,NV,Chicago,IL,1839,1834.0,-5.0,10.0,1844.0,216,188.0,175.0,1514,2339.0,3.0,15,2342.0,-33.0,0,0,,,,2015-5-12,United Air Lines Inc.
Indianapolis,IN,Newark,NJ,1736,1840.0,64.0,12.0,1852.0,121,113.0,87.0,645,2019.0,14.0,1937,2033.0,56.0,0,0,0.0,0.0,0.0,2015-5-20,Atlantic Southeast Airlines
Birmingham,AL,Dallas,TX,530,530.0,0.0,15.0,545.0,100,107.0,88.0,587,713.0,4.0,710,717.0,7.0,0,0,,,,2015-7-23,Southwest Airlines Co.
Albuquerque,NM,Houston,TX,1240,1243.0,3.0,6.0,1249.0,120,112.0,101.0,759,1530.0,5.0,1540,1535.0,-5.0,0,0,,,,2015-9-27,Southwest Airlines Co.
White Plains,NY,Atlanta,GA,600,,,,,130,,,780,,,810,,,0,1,,,,2015-7-15,Atlantic Southeast Airlines
Cleveland,OH,Arlington,VA,1231,1223.0,-8.0,8.0,1231.0,81,67.0,48.0,310,1319.0,11.0,1352,1330.0,-22.0,0,0,,,,2015-1-5,Atlantic Southeast Airlines
Chicago,IL,Cleveland,OH,2010,2010.0,0.0,13.0,2023.0,70,65.0,47.0,307,2210.0,5.0,2220,2215.0,-5.0,0,0,,,,2015-4-1,Southwest Airlines Co.
New York,NY,Ft. Lauderdale,FL,1300,1259.0,-1.0,29.0,1328.0,203,193.0,159.0,1076,1607.0,5.0,1623,1612.0,-11.0,0,0,,,,2015-2-8,Delta Air Lines Inc.
Orlando,FL,Philadelphia,PA,1410,1409.0,-1.0,13.0,1422.0,152,137.0,120.0,861,1622.0,4.0,1642,1626.0,-16.0,0,0,,,,2015-8-6,American Airlines Inc.
Detroit,MI,Seattle,WA,2205,2208.0,3.0,19.0,2227.0,286,274.0,247.0,1927,2334.0,8.0,2351,2342.0,-9.0,0,0,,,,2015-6-26,Delta Air Lines Inc.
Omaha,NE,Minneapolis,MN,915,911.0,-4.0,30.0,941.0,81,98.0,57.0,282,1038.0,11.0,1036,1049.0,13.0,0,0,,,,2015-1-18,Skywest Airlines Inc.
Detroit,MI,Charlotte,NC,700,657.0,-3.0,11.0,708.0,119,104.0,88.0,500,836.0,5.0,859,841.0,-18.0,0,0,,,,2015-2-23,Delta Air Lines Inc.
Ontario,CA,Sacramento,CA,1005,1003.0,-2.0,8.0,1011.0,75,68.0,56.0,390,1107.0,4.0,1120,1111.0,-9.0,0,0,,,,2015-6-26,Southwest Airlines Co.
Chicago,IL,San Diego,CA,1627,1927.0,180.0,20.0,1947.0,270,263.0,240.0,1723,2147.0,3.0,1857,2150.0,173.0,0,0,0.0,0.0,24.0,2015-3-23,United Air Lines Inc.
Chicago,IL,Charleston,SC,1442,1444.0,2.0,27.0,1511.0,135,135.0,103.0,760,1754.0,5.0,1757,1759.0,2.0,0,0,,,,2015-7-17,Atlantic Southeast Airlines
Atlanta,GA,Philadelphia,PA,1400,1628.0,148.0,23.0,1651.0,135,174.0,143.0,666,1914.0,8.0,1615,1922.0,187.0,0,0,182.0,0.0,0.0,2015-5-27,Delta Air Lines Inc.
Birmingham,AL,Baltimore,MD,1740,1737.0,-3.0,10.0,1747.0,110,107.0,92.0,682,2019.0,5.0,2030,2024.0,-6.0,0,0,,,,2015-2-2,Southwest Airlines Co.
Newark,NJ,Los Angeles,CA,1300,1301.0,1.0,18.0,1319.0,360,344.0,319.0,2454,1538.0,7.0,1600,1545.0,-15.0,0,0,,,,2015-7-20,United Air Lines Inc.
Minneapolis,MN,Charlotte,NC,1944,1945.0,1.0,16.0,2001.0,153,139.0,117.0,930,2258.0,6.0,2317,2304.0,-13.0,0,0,,,,2015-5-22,Delta Air Lines Inc.
Dallas-Fort Worth,TX,Chantilly,VA,1029,1026.0,-3.0,17.0,1043.0,183,210.0,168.0,1172,1431.0,25.0,1432,1456.0,24.0,0,0,24.0,0.0,0.0,2015-9-4,American Airlines Inc.
Jacksonville,FL,Atlanta,GA,610,608.0,-2.0,11.0,619.0,70,62.0,44.0,270,703.0,7.0,720,710.0,-10.0,0,0,,,,2015-11-11,Southwest Airlines Co.
Arlington,VA,Milwaukee,WI,1930,2020.0,50.0,18.0,2038.0,130,122.0,98.0,634,2116.0,6.0,2040,2122.0,42.0,0,0,0.0,0.0,0.0,2015-1-7,Southwest Airlines Co.
San Jose,CA,Dallas-Fort Worth,TX,1200,1221.0,21.0,17.0,1238.0,210,221.0,195.0,1438,1753.0,9.0,1730,1802.0,32.0,0,0,11.0,0.0,21.0,2015-4-13,American Airlines Inc.
Los Angeles,CA,San Francisco,CA,1606,1600.0,-6.0,16.0,1616.0,79,71.0,53.0,337,1709.0,2.0,1725,1711.0,-14.0,0,0,,,,2015-1-9,United Air Lines Inc.
Chicago,IL,Asheville,NC,700,808.0,68.0,12.0,820.0,111,96.0,73.0,536,1033.0,11.0,951,1044.0,53.0,0,0,0.0,0.0,0.0,2015-7-11,Skywest Airlines Inc.
New Orleans,LA,Chicago,IL,1755,1754.0,-1.0,6.0,1800.0,135,122.0,112.0,825,1952.0,4.0,2010,1956.0,-14.0,0,0,,,,2015-8-28,Southwest Airlines Co.
Denver,CO,Phoenix,AZ,1725,1739.0,14.0,10.0,1749.0,115,97.0,80.0,602,1909.0,7.0,1920,1916.0,-4.0,0,0,,,,2015-3-4,Southwest Airlines Co.
San Francisco,CA,Newark,NJ,755,747.0,-8.0,19.0,806.0,340,322.0,295.0,2565,1601.0,8.0,1635,1609.0,-26.0,0,0,,,,2015-6-24,United Air Lines Inc.
Atlanta,GA,Columbia,SC,1026,1022.0,-4.0,9.0,1031.0,58,46.0,33.0,192,1104.0,4.0,1124,1108.0,-16.0,0,0,,,,2015-2-15,Delta Air Lines Inc.
Austin,TX,Detroit,MI,1248,1241.0,-7.0,17.0,1258.0,167,179.0,151.0,1149,1629.0,11.0,1635,1640.0,5.0,0,0,,,,2015-2-9,Atlantic Southeast Airlines
Miami,FL,New York,NY,1105,1103.0,-2.0,15.0,1118.0,178,163.0,141.0,1096,1339.0,7.0,1403,1346.0,-17.0,0,0,,,,2015-1-3,Delta Air Lines Inc.
Salt Lake City,UT,Dallas-Fort Worth,TX,1215,1210.0,-5.0,13.0,1223.0,154,149.0,128.0,989,1531.0,8.0,1549,1539.0,-10.0,0,0,,,,2015-2-12,American Airlines Inc.
Chicago,IL,Las Vegas,NV,1753,1832.0,39.0,13.0,1845.0,241,207.0,188.0,1514,1953.0,6.0,1954,1959.0,5.0,0,0,,,,2015-2-12,United Air Lines Inc.
Atlanta,GA,Chicago,IL,1459,1500.0,1.0,9.0,1509.0,125,106.0,88.0,606,1537.0,9.0,1604,1546.0,-18.0,0,0,,,,2015-12-25,Delta Air Lines Inc.
New York,NY,Atlanta,GA,1600,1610.0,10.0,50.0,1700.0,173,160.0,105.0,762,1845.0,5.0,1853,1850.0,-3.0,0,0,,,,2015-1-30,Delta Air Lines Inc.
Houston,TX,Miami,FL,515,512.0,-3.0,21.0,533.0,144,151.0,120.0,964,833.0,10.0,839,843.0,4.0,0,0,,,,2015-11-12,American Airlines Inc.
Houston,TX,Raleigh,NC,1015,1015.0,0.0,9.0,1024.0,150,138.0,126.0,1050,1330.0,3.0,1345,1333.0,-12.0,0,0,,,,2015-12-6,Southwest Airlines Co.
Denver,CO,Atlanta,GA,958,955.0,-3.0,13.0,1008.0,186,207.0,179.0,1199,1507.0,15.0,1504,1522.0,18.0,0,0,18.0,0.0,0.0,2015-8-6,United Air Lines Inc.
Atlanta,GA,Nashville,TN,1629,1633.0,4.0,19.0,1652.0,68,61.0,37.0,214,1629.0,5.0,1637,1634.0,-3.0,0,0,,,,2015-4-22,Delta Air Lines Inc.
Phoenix,AZ,San Francisco,CA,2025,2040.0,15.0,6.0,2046.0,120,101.0,90.0,651,2216.0,5.0,2225,2221.0,-4.0,0,0,,,,2015-6-20,Southwest Airlines Co.
Mobile,AL,Houston,TX,1015,1014.0,-1.0,15.0,1029.0,95,105.0,82.0,427,1151.0,8.0,1150,1159.0,9.0,0,0,,,,2015-12-1,Atlantic Southeast Airlines
Denver,CO,Portland,OR,810,803.0,-7.0,14.0,817.0,163,150.0,133.0,991,930.0,3.0,953,933.0,-20.0,0,0,,,,2015-7-4,United Air Lines Inc.
Chicago,IL,Ft. Myers,FL,754,804.0,10.0,12.0,816.0,176,157.0,141.0,1120,1137.0,4.0,1150,1141.0,-9.0,0,0,,,,2015-7-23,United Air Lines Inc.
Ft. Lauderdale,FL,Charlotte,NC,810,807.0,-3.0,16.0,823.0,121,131.0,95.0,632,958.0,20.0,1011,1018.0,7.0,0,0,,,,2015-9-18,American Airlines Inc.
Charlotte,NC,Salt Lake City,UT,730,737.0,7.0,27.0,804.0,281,288.0,255.0,1727,1019.0,6.0,1011,1025.0,14.0,0,0,,,,2015-3-2,Delta Air Lines Inc.
Miami,FL,Arlington,VA,2015,2019.0,4.0,31.0,2050.0,157,156.0,121.0,919,2251.0,4.0,2252,2255.0,3.0,0,0,,,,2015-7-23,American Airlines Inc.
Boston,MA,Chicago,IL,1555,1553.0,-2.0,13.0,1606.0,169,150.0,122.0,867,1708.0,15.0,1744,1723.0,-21.0,0,0,,,,2015-9-16,American Airlines Inc.
Ontario,CA,San Francisco,CA,500,452.0,-8.0,16.0,508.0,84,81.0,60.0,363,608.0,5.0,624,613.0,-11.0,0,0,,,,2015-9-7,Skywest Airlines Inc.
El Paso,TX,Dallas-Fort Worth,TX,1005,958.0,-7.0,12.0,1010.0,109,102.0,82.0,551,1232.0,8.0,1254,1240.0,-14.0,0,0,,,,2015-6-18,American Airlines Inc.
Minneapolis,MN,Bismarck,ND,1117,1124.0,7.0,17.0,1141.0,88,81.0,61.0,386,1242.0,3.0,1245,1245.0,0.0,0,0,,,,2015-11-28,Skywest Airlines Inc.
Reno,NV,San Francisco,CA,535,531.0,-4.0,10.0,541.0,72,58.0,44.0,192,625.0,4.0,647,629.0,-18.0,0,0,,,,2015-7-16,United Air Lines Inc.
Atlanta,GA,Kansas City,MO,1525,1754.0,149.0,14.0,1808.0,135,121.0,101.0,692,1849.0,6.0,1640,1855.0,135.0,0,0,0.0,0.0,0.0,2015-5-27,Southwest Airlines Co.
Philadelphia,PA,Boston,MA,1315,1311.0,-4.0,20.0,1331.0,73,80.0,54.0,280,1425.0,6.0,1428,1431.0,3.0,0,0,,,,2015-8-19,American Airlines Inc.
Atlanta,GA,Houston,TX,2214,2214.0,0.0,20.0,2234.0,128,118.0,94.0,689,2308.0,4.0,2322,2312.0,-10.0,0,0,,,,2015-8-25,Delta Air Lines Inc.
Miami,FL,Houston,TX,1415,1512.0,57.0,41.0,1553.0,161,182.0,134.0,964,1707.0,7.0,1556,1714.0,78.0,0,0,21.0,0.0,57.0,2015-6-9,American Airlines Inc.
Chicago,IL,Minneapolis,MN,1430,1423.0,-7.0,20.0,1443.0,86,86.0,61.0,334,1544.0,5.0,1556,1549.0,-7.0,0,0,,,,2015-2-21,American Airlines Inc.
Panama City,FL,Atlanta,GA,715,710.0,-5.0,11.0,721.0,68,59.0,39.0,240,900.0,9.0,923,909.0,-14.0,0,0,,,,2015-4-4,Delta Air Lines Inc.
New York,NY,Tampa,FL,1105,1102.0,-3.0,53.0,1155.0,194,205.0,147.0,1010,1422.0,5.0,1419,1427.0,8.0,0,0,,,,2015-3-13,Delta Air Lines Inc.
Detroit,MI,Atlanta,GA,1750,1746.0,-4.0,14.0,1800.0,130,106.0,87.0,594,1927.0,5.0,2000,1932.0,-28.0,0,0,,,,2015-11-11,Delta Air Lines Inc.
Chicago,IL,Detroit,MI,740,736.0,-4.0,20.0,756.0,80,76.0,49.0,235,945.0,7.0,1000,952.0,-8.0,0,0,,,,2015-8-24,Skywest Airlines Inc.
Tulsa,OK,Denver,CO,2008,2001.0,-7.0,11.0,2012.0,111,101.0,82.0,541,2034.0,8.0,2059,2042.0,-17.0,0,0,,,,2015-7-12,Skywest Airlines Inc.
Houston,TX,Lake Charles,LA,1610,1618.0,8.0,23.0,1641.0,55,52.0,24.0,127,1705.0,5.0,1705,1710.0,5.0,0,0,,,,2015-5-19,Atlantic Southeast Airlines
Billings,MT,Denver,CO,730,816.0,46.0,24.0,840.0,90,97.0,66.0,455,946.0,7.0,900,953.0,53.0,0,0,53.0,0.0,0.0,2015-11-17,United Air Lines Inc.
Salt Lake City,UT,Miami,FL,2359,24.0,25.0,19.0,43.0,280,294.0,271.0,2088,714.0,4.0,639,718.0,39.0,0,0,14.0,0.0,0.0,2015-3-12,American Airlines Inc.
San Diego,CA,Chicago,IL,625,627.0,2.0,20.0,647.0,240,230.0,205.0,1728,1212.0,5.0,1225,1217.0,-8.0,0,0,,,,2015-2-19,Southwest Airlines Co.
Oakland,CA,Burbank,CA,700,657.0,-3.0,9.0,706.0,65,60.0,48.0,325,754.0,3.0,805,757.0,-8.0,0,0,,,,2015-1-5,Southwest Airlines Co.
Chicago,IL,Boston,MA,1405,1413.0,8.0,13.0,1426.0,155,131.0,114.0,867,1720.0,4.0,1740,1724.0,-16.0,0,0,,,,2015-9-19,United Air Lines Inc.
San Jose,CA,Chicago,IL,1430,1422.0,-8.0,11.0,1433.0,255,249.0,215.0,1829,2008.0,23.0,2045,2031.0,-14.0,0,0,,,,2015-9-2,American Airlines Inc.
Dallas-Fort Worth,TX,Chicago,IL,1630,1659.0,29.0,26.0,1725.0,144,152.0,103.0,802,1908.0,23.0,1854,1931.0,37.0,0,0,8.0,0.0,29.0,2015-4-13,American Airlines Inc.
Los Angeles,CA,Reno,NV,1335,1333.0,-2.0,21.0,1354.0,83,92.0,65.0,391,1459.0,6.0,1458,1505.0,7.0,0,0,,,,2015-6-18,Skywest Airlines Inc.
Greer,SC,Newark,NJ,1759,1751.0,-8.0,9.0,1800.0,111,100.0,83.0,594,1923.0,8.0,1950,1931.0,-19.0,0,0,,,,2015-2-17,Atlantic Southeast Airlines
Los Angeles,CA,Oakland,CA,925,917.0,-8.0,16.0,933.0,85,81.0,61.0,337,1034.0,4.0,1050,1038.0,-12.0,0,0,,,,2015-2-25,Skywest Airlines Inc.
Colorado Springs,CO,Atlanta,GA,630,633.0,3.0,13.0,646.0,170,162.0,146.0,1184,1112.0,3.0,1120,1115.0,-5.0,0,0,,,,2015-6-23,Delta Air Lines Inc.
Denver,CO,Phoenix,AZ,755,753.0,-2.0,11.0,804.0,115,116.0,89.0,602,833.0,16.0,850,849.0,-1.0,0,0,,,,2015-9-9,Southwest Airlines Co.
Atlanta,GA,White Plains,NY,725,724.0,-1.0,18.0,742.0,138,131.0,111.0,780,933.0,2.0,943,935.0,-8.0,0,0,,,,2015-5-14,Atlantic Southeast Airlines
Atlanta,GA,Bloomington,IL,1515,1533.0,18.0,14.0,1547.0,103,92.0,75.0,533,1602.0,3.0,1558,1605.0,7.0,0,0,,,,2015-11-2,Atlantic Southeast Airlines
Dallas,TX,Los Angeles,CA,1840,1914.0,34.0,9.0,1923.0,205,190.0,175.0,1246,2018.0,6.0,2005,2024.0,19.0,0,0,0.0,0.0,0.0,2015-1-16,Southwest Airlines Co.
St Louis,MO,Phoenix,AZ,1105,1106.0,1.0,8.0,1114.0,190,184.0,168.0,1262,1202.0,8.0,1215,1210.0,-5.0,0,0,,,,2015-6-10,Southwest Airlines Co.
Minneapolis,MN,Atlanta,GA,1925,2002.0,37.0,16.0,2018.0,157,128.0,107.0,907,2305.0,5.0,2302,2310.0,8.0,0,0,,,,2015-2-23,Delta Air Lines Inc.
Albany,NY,Baltimore,MD,555,552.0,-3.0,8.0,600.0,85,70.0,57.0,289,657.0,5.0,720,702.0,-18.0,0,0,,,,2015-3-31,Southwest Airlines Co.
Albany,NY,Charlotte,NC,1435,1436.0,1.0,19.0,1455.0,135,143.0,118.0,646,1653.0,6.0,1650,1659.0,9.0,0,0,,,,2015-9-24,American Airlines Inc.
Denver,CO,Detroit,MI,1730,1757.0,27.0,17.0,1814.0,165,159.0,136.0,1123,2230.0,6.0,2215,2236.0,21.0,0,0,0.0,0.0,0.0,2015-9-2,Southwest Airlines Co.
Denver,CO,Reno,NV,825,819.0,-6.0,9.0,828.0,140,117.0,104.0,804,912.0,4.0,945,916.0,-29.0,0,0,,,,2015-4-28,Southwest Airlines Co.
Orlando,FL,Baltimore,MD,1820,1835.0,15.0,16.0,1851.0,140,179.0,148.0,787,2119.0,15.0,2040,2134.0,54.0,0,0,45.0,0.0,0.0,2015-7-28,Southwest Airlines Co.
Kansas City,MO,Orlando,FL,525,523.0,-2.0,10.0,533.0,160,165.0,142.0,1072,855.0,13.0,905,908.0,3.0,0,0,,,,2015-5-4,Southwest Airlines Co.
Dallas,TX,Seattle,WA,1905,1931.0,26.0,11.0,1942.0,260,261.0,232.0,1670,2134.0,18.0,2125,2152.0,27.0,0,0,1.0,0.0,0.0,2015-11-30,Southwest Airlines Co.
Ft. Lauderdale,FL,Atlanta,GA,745,744.0,-1.0,11.0,755.0,110,107.0,87.0,581,922.0,9.0,935,931.0,-4.0,0,0,,,,2015-2-23,Delta Air Lines Inc.
Minneapolis,MN,New York,NY,905,915.0,10.0,30.0,945.0,155,174.0,136.0,1020,1301.0,8.0,1240,1309.0,29.0,0,0,19.0,0.0,0.0,2015-11-19,Delta Air Lines Inc.
Chicago,IL,Houston,TX,1200,1158.0,-2.0,23.0,1221.0,176,158.0,126.0,925,1427.0,9.0,1456,1436.0,-20.0,0,0,,,,2015-2-10,United Air Lines Inc.
Los Angeles,CA,Honolulu,HI,1845,1843.0,-2.0,14.0,1857.0,355,359.0,341.0,2556,2138.0,4.0,2140,2142.0,2.0,0,0,,,,2015-4-6,American Airlines Inc.
Chicago,IL,Boston,MA,840,835.0,-5.0,12.0,847.0,145,118.0,102.0,867,1129.0,4.0,1205,1133.0,-32.0,0,0,,,,2015-8-6,American Airlines Inc.
Fayetteville/Springdale/Rogers,AR,Chicago,IL,1723,1722.0,-1.0,21.0,1743.0,104,138.0,91.0,522,1914.0,26.0,1907,1940.0,33.0,0,0,33.0,0.0,0.0,2015-2-18,Atlantic Southeast Airlines
Cedar Rapids,IA,Chicago,IL,1352,1342.0,-10.0,10.0,1352.0,67,74.0,43.0,196,1435.0,21.0,1459,1456.0,-3.0,0,0,,,,2015-4-10,Atlantic Southeast Airlines
Las Vegas,NV,Dallas-Fort Worth,TX,950,949.0,-1.0,12.0,1001.0,165,137.0,118.0,1055,1359.0,7.0,1435,1406.0,-29.0,0,0,,,,2015-11-30,American Airlines Inc.
Atlanta,GA,Indianapolis,IN,2220,2302.0,42.0,20.0,2322.0,95,103.0,76.0,432,38.0,7.0,2355,45.0,50.0,0,0,50.0,0.0,0.0,2015-7-20,Delta Air Lines Inc.
Atlanta,GA,Arlington,VA,1625,1624.0,-1.0,13.0,1637.0,105,94.0,76.0,547,1753.0,5.0,1810,1758.0,-12.0,0,0,,,,2015-4-27,Southwest Airlines Co.
Dallas-Fort Worth,TX,Houston,TX,1550,1602.0,12.0,8.0,1610.0,68,61.0,43.0,224,1653.0,10.0,1658,1703.0,5.0,0,0,,,,2015-12-31,American Airlines Inc.
Boston,MA,New York,NY,2000,,,,,79,,,184,,,2119,,,0,1,,,,2015-4-20,Delta Air Lines Inc.
Atlanta,GA,Minneapolis,MN,845,845.0,0.0,16.0,901.0,152,154.0,135.0,907,1016.0,3.0,1017,1019.0,2.0,0,0,,,,2015-8-12,Delta Air Lines Inc.
Chicago,IL,Ft. Lauderdale,FL,1250,1245.0,-5.0,7.0,1252.0,175,155.0,145.0,1167,1617.0,3.0,1645,1620.0,-25.0,0,0,,,,2015-4-4,Southwest Airlines Co.
Las Vegas,NV,San Diego,CA,1510,1535.0,25.0,16.0,1551.0,65,63.0,44.0,258,1635.0,3.0,1615,1638.0,23.0,0,0,0.0,0.0,0.0,2015-2-2,Southwest Airlines Co.
Seattle,WA,San Jose,CA,1855,1853.0,-2.0,24.0,1917.0,128,130.0,102.0,697,2059.0,4.0,2103,2103.0,0.0,0,0,,,,2015-8-30,Skywest Airlines Inc.
Cleveland,OH,Nashville,TN,635,636.0,1.0,12.0,648.0,100,91.0,73.0,448,701.0,6.0,715,707.0,-8.0,0,0,,,,2015-8-3,Southwest Airlines Co.
Houston,TX,Atlanta,GA,1004,1130.0,86.0,11.0,1141.0,125,113.0,92.0,696,1413.0,10.0,1309,1423.0,74.0,0,0,0.0,0.0,0.0,2015-7-17,Delta Air Lines Inc.
Atlanta,GA,Savannah,GA,2256,2258.0,2.0,16.0,2314.0,62,56.0,35.0,214,2349.0,5.0,2358,2354.0,-4.0,0,0,,,,2015-3-30,Delta Air Lines Inc.
Oklahoma City,OK,Dallas-Fort Worth,TX,1806,1757.0,-9.0,14.0,1811.0,68,63.0,34.0,175,1845.0,15.0,1914,1900.0,-14.0,0,0,,,,2015-11-13,American Airlines Inc.
Las Vegas,NV,Los Angeles,CA,1920,2044.0,84.0,36.0,2120.0,65,88.0,41.0,236,2201.0,11.0,2025,2212.0,107.0,0,0,23.0,0.0,0.0,2015-4-14,Southwest Airlines Co.
San Jose,CA,Dallas-Fort Worth,TX,1319,1318.0,-1.0,11.0,1329.0,216,191.0,169.0,1438,1818.0,11.0,1855,1829.0,-26.0,0,0,,,,2015-12-19,American Airlines Inc.
St Louis,MO,Atlanta,GA,1538,1534.0,-4.0,12.0,1546.0,96,84.0,66.0,484,1752.0,6.0,1814,1758.0,-16.0,0,0,,,,2015-5-3,Delta Air Lines Inc.
Covington,KY,Chicago,IL,1443,1439.0,-4.0,22.0,1501.0,74,90.0,53.0,264,1454.0,15.0,1457,1509.0,12.0,0,0,,,,2015-11-11,Skywest Airlines Inc.
Milwaukee,WI,Chicago,IL,500,452.0,-8.0,18.0,510.0,49,44.0,19.0,67,529.0,7.0,549,536.0,-13.0,0,0,,,,2015-3-1,Skywest Airlines Inc.
New York,NY,Denver,CO,745,742.0,-3.0,14.0,756.0,285,273.0,233.0,1620,949.0,26.0,1030,1015.0,-15.0,0,0,,,,2015-12-27,United Air Lines Inc.
Bozeman,MT,Minneapolis,MN,600,555.0,-5.0,11.0,606.0,134,129.0,111.0,874,857.0,7.0,914,904.0,-10.0,0,0,,,,2015-6-9,Delta Air Lines Inc.
Minneapolis,MN,Ft. Myers,FL,1935,1930.0,-5.0,12.0,1942.0,198,181.0,165.0,1416,2327.0,4.0,2353,2331.0,-22.0,0,0,,,,2015-3-7,Delta Air Lines Inc.
Los Angeles,CA,Minneapolis,MN,909,904.0,-5.0,14.0,918.0,224,209.0,186.0,1535,1424.0,9.0,1453,1433.0,-20.0,0,0,,,,2015-5-8,Skywest Airlines Inc.
Jacksonville,FL,Atlanta,GA,1155,1151.0,-4.0,29.0,1220.0,80,90.0,52.0,270,1312.0,9.0,1315,1321.0,6.0,0,0,,,,2015-9-22,Southwest Airlines Co.
Madison,WI,Denver,CO,1645,1635.0,-10.0,9.0,1644.0,150,153.0,130.0,826,1754.0,14.0,1815,1808.0,-7.0,0,0,,,,2015-3-24,Atlantic Southeast Airlines
Columbus,OH,Newark,NJ,1946,2041.0,55.0,55.0,2136.0,105,162.0,99.0,463,2315.0,8.0,2131,2323.0,112.0,0,0,112.0,0.0,0.0,2015-12-14,Atlantic Southeast Airlines
Miami,FL,Arlington,VA,655,718.0,23.0,15.0,733.0,153,147.0,128.0,919,941.0,4.0,928,945.0,17.0,0,0,0.0,0.0,0.0,2015-8-1,American Airlines Inc.
Nashville,TN,Cleveland,OH,955,1048.0,53.0,10.0,1058.0,85,83.0,66.0,448,1304.0,7.0,1220,1311.0,51.0,0,0,0.0,0.0,0.0,2015-7-19,Southwest Airlines Co.
San Diego,CA,New York,NY,745,739.0,-6.0,24.0,803.0,332,338.0,309.0,2446,1612.0,5.0,1617,1617.0,0.0,0,0,,,,2015-8-31,American Airlines Inc.
Seattle,WA,Los Angeles,CA,1236,1231.0,-5.0,24.0,1255.0,164,169.0,125.0,954,1500.0,20.0,1520,1520.0,0.0,0,0,,,,2015-3-26,Delta Air Lines Inc.
New York,NY,Atlanta,GA,2000,1949.0,-11.0,40.0,2029.0,160,154.0,106.0,762,2215.0,8.0,2240,2223.0,-17.0,0,0,,,,2015-9-30,Delta Air Lines Inc.
New York,NY,Los Angeles,CA,1215,1240.0,25.0,19.0,1259.0,370,339.0,311.0,2475,1510.0,9.0,1525,1519.0,-6.0,0,0,,,,2015-7-13,Delta Air Lines Inc.
Atlanta,GA,Detroit,MI,1339,1406.0,27.0,15.0,1421.0,124,109.0,83.0,594,1544.0,11.0,1543,1555.0,12.0,0,0,,,,2015-5-11,Delta Air Lines Inc.
Nashville,TN,Dallas-Fort Worth,TX,1645,1707.0,22.0,12.0,1719.0,131,159.0,104.0,631,1903.0,43.0,1856,1946.0,50.0,0,0,28.0,0.0,0.0,2015-12-29,American Airlines Inc.
Chicago,IL,Cleveland,OH,1815,1813.0,-2.0,13.0,1826.0,75,64.0,47.0,307,2013.0,4.0,2030,2017.0,-13.0,0,0,,,,2015-2-10,Southwest Airlines Co.
Houston,TX,Atlanta,GA,2035,2031.0,-4.0,11.0,2042.0,110,104.0,87.0,696,2309.0,6.0,2325,2315.0,-10.0,0,0,,,,2015-12-3,Southwest Airlines Co.
Arlington,VA,Dallas-Fort Worth,TX,659,651.0,-8.0,12.0,703.0,193,178.0,162.0,1192,845.0,4.0,912,849.0,-23.0,0,0,,,,2015-6-9,American Airlines Inc.
New York,NY,Orlando,FL,1630,1629.0,-1.0,52.0,1721.0,193,204.0,144.0,950,1945.0,8.0,1943,1953.0,10.0,0,0,,,,2015-2-23,Delta Air Lines Inc.
New Orleans,LA,Nashville,TN,735,733.0,-2.0,8.0,741.0,95,84.0,69.0,471,850.0,7.0,910,857.0,-13.0,0,0,,,,2015-6-14,Southwest Airlines Co.
Orlando,FL,Kansas City,MO,830,826.0,-4.0,12.0,838.0,185,173.0,157.0,1072,1015.0,4.0,1035,1019.0,-16.0,0,0,,,,2015-3-23,Southwest Airlines Co.
Las Vegas,NV,New Orleans,LA,1050,1049.0,-1.0,13.0,1102.0,200,184.0,165.0,1500,1547.0,6.0,1610,1553.0,-17.0,0,0,,,,2015-1-28,Southwest Airlines Co.
Birmingham,AL,Atlanta,GA,900,912.0,12.0,20.0,932.0,62,61.0,33.0,134,1105.0,8.0,1102,1113.0,11.0,0,0,,,,2015-3-20,Delta Air Lines Inc.
Atlanta,GA,Albuquerque,NM,1959,2158.0,119.0,13.0,2211.0,215,202.0,183.0,1269,2314.0,6.0,2134,2320.0,106.0,0,0,0.0,0.0,0.0,2015-11-10,Delta Air Lines Inc.
Houston,TX,San Francisco,CA,1549,1608.0,19.0,18.0,1626.0,248,238.0,213.0,1635,1759.0,7.0,1757,1806.0,9.0,0,0,,,,2015-5-7,United Air Lines Inc.
Houston,TX,Lake Charles,LA,1600,1617.0,17.0,23.0,1640.0,51,55.0,29.0,127,1709.0,3.0,1651,1712.0,21.0,0,0,4.0,0.0,0.0,2015-2-16,Atlantic Southeast Airlines
Los Angeles,CA,Reno,NV,800,759.0,-1.0,6.0,805.0,80,69.0,59.0,391,904.0,4.0,920,908.0,-12.0,0,0,,,,2015-3-23,Southwest Airlines Co.
Portland,OR,Los Angeles,CA,645,645.0,0.0,16.0,701.0,150,149.0,122.0,834,903.0,11.0,915,914.0,-1.0,0,0,,,,2015-8-3,Delta Air Lines Inc.
Phoenix,AZ,Salt Lake City,UT,1345,1343.0,-2.0,18.0,1401.0,95,96.0,72.0,507,1513.0,6.0,1520,1519.0,-1.0,0,0,,,,2015-2-13,Southwest Airlines Co.
Phoenix,AZ,Houston,TX,1643,1633.0,-10.0,11.0,1644.0,153,150.0,132.0,1009,1956.0,7.0,2016,2003.0,-13.0,0,0,,,,2015-1-9,United Air Lines Inc.
New York,NY,Chicago,IL,1350,1347.0,-3.0,9.0,1356.0,155,120.0,109.0,725,1445.0,2.0,1525,1447.0,-38.0,0,0,,,,2015-5-5,Southwest Airlines Co.
Honolulu,HI,Los Angeles,CA,2225,2218.0,-7.0,16.0,2234.0,325,299.0,279.0,2556,513.0,4.0,550,517.0,-33.0,0,0,,,,2015-11-22,American Airlines Inc.
Portland,OR,Chicago,IL,700,653.0,-7.0,12.0,705.0,238,231.0,203.0,1739,1228.0,16.0,1258,1244.0,-14.0,0,0,,,,2015-7-28,United Air Lines Inc.
San Francisco,CA,Chicago,IL,750,742.0,-8.0,16.0,758.0,262,253.0,221.0,1846,1339.0,16.0,1412,1355.0,-17.0,0,0,,,,2015-5-10,American Airlines Inc.
Minneapolis,MN,Philadelphia,PA,1612,1629.0,17.0,11.0,1640.0,158,142.0,128.0,980,1948.0,3.0,1950,1951.0,1.0,0,0,,,,2015-8-23,American Airlines Inc.
Los Angeles,CA,Nashville,TN,1315,1308.0,-7.0,13.0,1321.0,251,243.0,216.0,1797,1857.0,14.0,1926,1911.0,-15.0,0,0,,,,2015-7-9,American Airlines Inc.
Boston,MA,Newark,NJ,1305,1302.0,-3.0,28.0,1330.0,90,87.0,51.0,200,1421.0,8.0,1435,1429.0,-6.0,0,0,,,,2015-4-1,United Air Lines Inc.
New York,NY,San Francisco,CA,1200,,,,,400,,,2586,,,1540,,,0,1,,,,2015-1-28,United Air Lines Inc.
Knoxville,TN,Atlanta,GA,939,1056.0,77.0,12.0,1108.0,60,48.0,31.0,152,1139.0,5.0,1039,1144.0,65.0,0,0,0.0,0.0,0.0,2015-4-26,Atlantic Southeast Airlines
Houston,TX,Dallas-Fort Worth,TX,1604,,,,,72,,,224,,,1716,,,0,1,,,,2015-12-27,American Airlines Inc.
Sacramento,CA,Los Angeles,CA,1841,1846.0,5.0,24.0,1910.0,89,96.0,60.0,373,2010.0,12.0,2010,2022.0,12.0,0,0,,,,2015-5-15,Skywest Airlines Inc.
St Louis,MO,Phoenix,AZ,1600,1652.0,52.0,6.0,1658.0,195,171.0,159.0,1262,1737.0,6.0,1715,1743.0,28.0,0,0,0.0,0.0,0.0,2015-4-13,Southwest Airlines Co.
Charlotte,NC,West Palm Beach,FL,745,739.0,-6.0,30.0,809.0,114,117.0,81.0,590,930.0,6.0,939,936.0,-3.0,0,0,,,,2015-11-20,American Airlines Inc.
Houston,TX,Los Angeles,CA,1035,1034.0,-1.0,14.0,1048.0,210,190.0,167.0,1379,1135.0,9.0,1205,1144.0,-21.0,0,0,,,,2015-8-9,United Air Lines Inc.
Raleigh,NC,Atlanta,GA,725,721.0,-4.0,17.0,738.0,98,84.0,60.0,356,838.0,7.0,903,845.0,-18.0,0,0,,,,2015-12-8,Delta Air Lines Inc.
San Antonio,TX,Dallas,TX,1820,1815.0,-5.0,8.0,1823.0,60,56.0,45.0,248,1908.0,3.0,1920,1911.0,-9.0,0,0,,,,2015-1-18,Southwest Airlines Co.
Houston,TX,Las Vegas,NV,800,844.0,44.0,7.0,851.0,185,166.0,153.0,1235,924.0,6.0,905,930.0,25.0,0,0,0.0,0.0,0.0,2015-7-23,Southwest Airlines Co.
San Francisco,CA,New York,NY,850,834.0,-16.0,31.0,905.0,346,343.0,299.0,2586,1704.0,13.0,1736,1717.0,-19.0,0,0,,,,2015-4-10,American Airlines Inc.
Portland,OR,Oakland,CA,2155,2148.0,-7.0,7.0,2155.0,100,88.0,76.0,543,2311.0,5.0,2335,2316.0,-19.0,0,0,,,,2015-3-31,Southwest Airlines Co.
Grand Rapids,MI,Atlanta,GA,1735,1725.0,-10.0,13.0,1738.0,128,119.0,95.0,640,1913.0,11.0,1943,1924.0,-19.0,0,0,,,,2015-5-19,Delta Air Lines Inc.
St George,UT,Salt Lake City,UT,1512,1513.0,1.0,16.0,1529.0,68,68.0,46.0,272,1615.0,6.0,1620,1621.0,1.0,0,0,,,,2015-9-20,Skywest Airlines Inc.
Albany,NY,Atlanta,GA,600,555.0,-5.0,10.0,605.0,150,148.0,128.0,853,813.0,10.0,830,823.0,-7.0,0,0,,,,2015-5-23,Delta Air Lines Inc.
Houston,TX,Indianapolis,IN,1912,1938.0,26.0,16.0,1954.0,138,131.0,111.0,844,2245.0,4.0,2230,2249.0,19.0,0,0,0.0,0.0,0.0,2015-6-2,United Air Lines Inc.
Baton Rouge,LA,Atlanta,GA,1005,1003.0,-2.0,15.0,1018.0,85,78.0,58.0,448,1216.0,5.0,1230,1221.0,-9.0,0,0,,,,2015-1-25,Atlantic Southeast Airlines
San Diego,CA,San Francisco,CA,1039,1040.0,1.0,13.0,1053.0,101,98.0,63.0,447,1156.0,22.0,1220,1218.0,-2.0,0,0,,,,2015-9-15,United Air Lines Inc.
Kansas City,MO,Los Angeles,CA,530,539.0,9.0,27.0,606.0,225,225.0,192.0,1363,718.0,6.0,715,724.0,9.0,0,0,,,,2015-12-30,Southwest Airlines Co.
Dallas-Fort Worth,TX,Killeen,TX,1050,1100.0,10.0,19.0,1119.0,55,54.0,32.0,134,1151.0,3.0,1145,1154.0,9.0,0,0,,,,2015-12-31,Atlantic Southeast Airlines
Dallas,TX,Arlington,VA,1435,1437.0,2.0,11.0,1448.0,170,144.0,129.0,1184,1757.0,4.0,1825,1801.0,-24.0,0,0,,,,2015-4-5,Southwest Airlines Co.
Ontario,CA,Seattle,WA,1745,,,,,158,,,956,,,2023,,,0,1,,,,2015-6-7,Skywest Airlines Inc.
Atlanta,GA,Akron,OH,1245,1246.0,1.0,21.0,1307.0,100,105.0,78.0,528,1425.0,6.0,1425,1431.0,6.0,0,0,,,,2015-6-11,Delta Air Lines Inc.
Houston,TX,Arlington,VA,1037,1035.0,-2.0,12.0,1047.0,185,170.0,153.0,1208,1420.0,5.0,1442,1425.0,-17.0,0,0,,,,2015-5-13,United Air Lines Inc.
Bozeman,MT,Seattle,WA,612,603.0,-9.0,10.0,613.0,108,108.0,91.0,543,644.0,7.0,700,651.0,-9.0,0,0,,,,2015-9-2,Skywest Airlines Inc.
Atlanta,GA,Kansas City,MO,1205,1204.0,-1.0,15.0,1219.0,134,132.0,113.0,692,1312.0,4.0,1319,1316.0,-3.0,0,0,,,,2015-3-28,Delta Air Lines Inc.
Phoenix,AZ,Los Angeles,CA,1450,1505.0,15.0,21.0,1526.0,93,86.0,59.0,370,1525.0,6.0,1523,1531.0,8.0,0,0,,,,2015-12-18,American Airlines Inc.
Raleigh,NC,Los Angeles,CA,700,757.0,57.0,16.0,813.0,328,322.0,297.0,2239,1010.0,9.0,928,1019.0,51.0,0,0,0.0,0.0,0.0,2015-7-8,American Airlines Inc.
Dallas,TX,Albuquerque,NM,1640,1702.0,22.0,6.0,1708.0,100,92.0,82.0,580,1730.0,4.0,1720,1734.0,14.0,0,0,,,,2015-7-29,Southwest Airlines Co.
Los Angeles,CA,Miami,FL,2335,2331.0,-4.0,18.0,2349.0,300,300.0,270.0,2342,719.0,12.0,735,731.0,-4.0,0,0,,,,2015-9-15,American Airlines Inc.
Memphis,TN,Minneapolis,MN,1156,1400.0,124.0,9.0,1409.0,141,110.0,97.0,700,1546.0,4.0,1417,1550.0,93.0,0,0,0.0,0.0,93.0,2015-12-14,Skywest Airlines Inc.
Charlotte,NC,Baltimore,MD,1950,1951.0,1.0,7.0,1958.0,85,67.0,52.0,361,2050.0,8.0,2115,2058.0,-17.0,0,0,,,,2015-3-6,Southwest Airlines Co.
Santa Ana,CA,San Jose,CA,1020,1022.0,2.0,5.0,1027.0,75,68.0,59.0,342,1126.0,4.0,1135,1130.0,-5.0,0,0,,,,2015-12-1,Southwest Airlines Co.
Portland,OR,Chicago,IL,1445,1445.0,0.0,11.0,1456.0,241,235.0,201.0,1739,2017.0,23.0,2046,2040.0,-6.0,0,0,,,,2015-4-2,American Airlines Inc.
Chicago,IL,Boston,MA,2146,2138.0,-8.0,96.0,2314.0,142,216.0,117.0,867,211.0,3.0,108,214.0,66.0,0,0,66.0,0.0,0.0,2015-8-14,American Airlines Inc.
Atlanta,GA,Little Rock,AR,912,911.0,-1.0,13.0,924.0,88,86.0,69.0,453,933.0,4.0,940,937.0,-3.0,0,0,,,,2015-5-14,Delta Air Lines Inc.
Chicago,IL,Atlanta,GA,625,640.0,15.0,10.0,650.0,115,111.0,91.0,591,921.0,10.0,920,931.0,11.0,0,0,,,,2015-3-14,Southwest Airlines Co.
Philadelphia,PA,Chicago,IL,1235,1233.0,-2.0,11.0,1244.0,135,123.0,103.0,668,1327.0,9.0,1350,1336.0,-14.0,0,0,,,,2015-2-12,Southwest Airlines Co.
Cleveland,OH,Tampa,FL,730,728.0,-2.0,19.0,747.0,157,145.0,123.0,927,950.0,3.0,1007,953.0,-14.0,0,0,,,,2015-2-11,United Air Lines Inc.
San Diego,CA,Los Angeles,CA,1718,1714.0,-4.0,11.0,1725.0,47,43.0,28.0,109,1753.0,4.0,1805,1757.0,-8.0,0,0,,,,2015-2-10,Skywest Airlines Inc.
San Antonio,TX,Las Vegas,NV,1130,1146.0,16.0,11.0,1157.0,175,167.0,151.0,1069,1228.0,5.0,1225,1233.0,8.0,0,0,,,,2015-4-10,Southwest Airlines Co.
New York,NY,Louisville,KY,2045,2119.0,34.0,19.0,2138.0,155,130.0,105.0,659,2323.0,6.0,2320,2329.0,9.0,0,0,,,,2015-11-5,Atlantic Southeast Airlines
Dallas-Fort Worth,TX,San Antonio,TX,805,801.0,-4.0,14.0,815.0,68,67.0,47.0,247,902.0,6.0,913,908.0,-5.0,0,0,,,,2015-1-7,American Airlines Inc.
New York,NY,Chicago,IL,1525,1604.0,39.0,29.0,1633.0,160,151.0,119.0,725,1732.0,3.0,1705,1735.0,30.0,0,0,0.0,0.0,0.0,2015-6-17,Southwest Airlines Co.
Dallas-Fort Worth,TX,Minneapolis,MN,2035,2033.0,-2.0,18.0,2051.0,148,137.0,112.0,852,2243.0,7.0,2303,2250.0,-13.0,0,0,,,,2015-9-23,American Airlines Inc.
Chicago,IL,San Francisco,CA,808,820.0,12.0,14.0,834.0,285,299.0,277.0,1846,1111.0,8.0,1053,1119.0,26.0,0,0,26.0,0.0,0.0,2015-5-4,United Air Lines Inc.
Salt Lake City,UT,Chicago,IL,1530,1529.0,-1.0,9.0,1538.0,186,170.0,148.0,1250,1906.0,13.0,1936,1919.0,-17.0,0,0,,,,2015-3-21,United Air Lines Inc.
Los Angeles,CA,Salt Lake City,UT,1215,1214.0,-1.0,20.0,1234.0,107,123.0,98.0,590,1512.0,5.0,1502,1517.0,15.0,0,0,15.0,0.0,0.0,2015-1-21,Skywest Airlines Inc.
West Palm Beach,FL,Atlanta,GA,930,923.0,-7.0,12.0,935.0,110,98.0,81.0,545,1056.0,5.0,1120,1101.0,-19.0,0,0,,,,2015-7-16,Delta Air Lines Inc.
Minneapolis,MN,Chicago,IL,1342,1404.0,22.0,12.0,1416.0,94,88.0,50.0,334,1506.0,26.0,1516,1532.0,16.0,0,0,0.0,16.0,0.0,2015-8-1,United Air Lines Inc.
Atlanta,GA,San Diego,CA,1410,1406.0,-4.0,15.0,1421.0,285,264.0,245.0,1892,1526.0,4.0,1555,1530.0,-25.0,0,0,,,,2015-9-22,Southwest Airlines Co.
Houston,TX,Midland,TX,1735,1940.0,125.0,9.0,1949.0,90,78.0,65.0,429,2054.0,4.0,1905,2058.0,113.0,0,0,0.0,0.0,0.0,2015-3-8,Atlantic Southeast Airlines
Wilmington,NC,Atlanta,GA,1249,1245.0,-4.0,8.0,1253.0,91,97.0,79.0,377,1412.0,10.0,1420,1422.0,2.0,0,0,,,,2015-3-22,Atlantic Southeast Airlines
Indianapolis,IN,Denver,CO,645,643.0,-2.0,10.0,653.0,170,159.0,143.0,977,716.0,6.0,735,722.0,-13.0,0,0,,,,2015-6-3,Southwest Airlines Co.
Columbia,SC,Atlanta,GA,1200,1219.0,19.0,14.0,1233.0,70,64.0,41.0,192,1314.0,9.0,1310,1323.0,13.0,0,0,,,,2015-2-18,Delta Air Lines Inc.
Minneapolis,MN,Denver,CO,1625,1645.0,20.0,9.0,1654.0,130,116.0,102.0,680,1736.0,5.0,1735,1741.0,6.0,0,0,,,,2015-6-3,Southwest Airlines Co.
Raleigh,NC,Dallas-Fort Worth,TX,1219,1228.0,9.0,11.0,1239.0,186,163.0,148.0,1061,1407.0,4.0,1425,1411.0,-14.0,0,0,,,,2015-5-31,American Airlines Inc.
Burbank,CA,San Francisco,CA,1411,1401.0,-10.0,13.0,1414.0,84,74.0,54.0,326,1508.0,7.0,1535,1515.0,-20.0,0,0,,,,2015-1-9,Skywest Airlines Inc.
Boston,MA,New York,NY,600,554.0,-6.0,15.0,609.0,80,75.0,45.0,187,654.0,15.0,720,709.0,-11.0,0,0,,,,2015-4-26,Delta Air Lines Inc.
Houston,TX,Baton Rouge,LA,1430,1428.0,-2.0,13.0,1441.0,65,57.0,40.0,253,1521.0,4.0,1535,1525.0,-10.0,0,0,,,,2015-9-28,Atlantic Southeast Airlines
Buffalo,NY,Newark,NJ,1506,1507.0,1.0,43.0,1550.0,87,102.0,49.0,282,1639.0,10.0,1633,1649.0,16.0,0,0,15.0,0.0,0.0,2015-11-15,Atlantic Southeast Airlines
Milwaukee,WI,Las Vegas,NV,540,536.0,-4.0,9.0,545.0,230,220.0,206.0,1524,711.0,5.0,730,716.0,-14.0,0,0,,,,2015-7-28,Southwest Airlines Co.
Portland,OR,Kansas City,MO,1045,1048.0,3.0,8.0,1056.0,190,186.0,174.0,1482,1550.0,4.0,1555,1554.0,-1.0,0,0,,,,2015-11-3,Southwest Airlines Co.
Milwaukee,WI,Minneapolis,MN,1725,1721.0,-4.0,31.0,1752.0,80,92.0,57.0,297,1849.0,4.0,1845,1853.0,8.0,0,0,,,,2015-12-9,Southwest Airlines Co.
Atlanta,GA,Seattle,WA,810,810.0,0.0,14.0,824.0,320,302.0,282.0,2182,1006.0,6.0,1030,1012.0,-18.0,0,0,,,,2015-5-5,Delta Air Lines Inc.
Los Angeles,CA,Miami,FL,1415,1411.0,-4.0,12.0,1423.0,281,269.0,252.0,2342,2135.0,5.0,2156,2140.0,-16.0,0,0,,,,2015-4-11,American Airlines Inc.
Seattle,WA,Los Angeles,CA,1055,1055.0,0.0,27.0,1122.0,163,180.0,145.0,954,1347.0,8.0,1338,1355.0,17.0,0,0,17.0,0.0,0.0,2015-11-8,Delta Air Lines Inc.
Chicago,IL,Atlanta,GA,620,618.0,-2.0,11.0,629.0,115,92.0,76.0,591,845.0,5.0,915,850.0,-25.0,0,0,,,,2015-1-27,Southwest Airlines Co.
Dallas-Fort Worth,TX,San Antonio,TX,1617,1632.0,15.0,12.0,1644.0,68,62.0,42.0,247,1726.0,8.0,1725,1734.0,9.0,0,0,,,,2015-4-11,American Airlines Inc.
Chattanooga,TN,Detroit,MI,1805,1755.0,-10.0,15.0,1810.0,105,110.0,79.0,505,1929.0,16.0,1950,1945.0,-5.0,0,0,,,,2015-4-29,Atlantic Southeast Airlines
Phoenix,AZ,Oakland,CA,2255,2316.0,21.0,9.0,2325.0,120,106.0,92.0,646,57.0,5.0,55,102.0,7.0,0,0,,,,2015-6-16,Southwest Airlines Co.
Denver,CO,Louisville,KY,1135,1130.0,-5.0,12.0,1142.0,150,141.0,124.0,1024,1546.0,5.0,1605,1551.0,-14.0,0,0,,,,2015-4-15,Southwest Airlines Co.
Detroit,MI,Ft. Lauderdale,FL,2006,2138.0,92.0,18.0,2156.0,184,172.0,150.0,1127,26.0,4.0,2310,30.0,80.0,0,0,0.0,0.0,0.0,2015-8-23,Delta Air Lines Inc.
Orlando,FL,Los Angeles,CA,715,710.0,-5.0,15.0,725.0,335,320.0,294.0,2218,919.0,11.0,950,930.0,-20.0,0,0,,,,2015-4-12,Delta Air Lines Inc.
Chicago,IL,Pittsburgh,PA,855,,,,,75,,,402,,,1110,,,0,1,,,,2015-5-6,Southwest Airlines Co.
Baltimore,MD,Ft. Lauderdale,FL,650,648.0,-2.0,14.0,702.0,155,144.0,126.0,925,908.0,4.0,925,912.0,-13.0,0,0,,,,2015-5-13,Southwest Airlines Co.
Denver,CO,Kansas City,MO,1250,1248.0,-2.0,9.0,1257.0,95,86.0,73.0,533,1510.0,4.0,1525,1514.0,-11.0,0,0,,,,2015-5-27,Southwest Airlines Co.
Oakland,CA,San Diego,CA,600,555.0,-5.0,12.0,607.0,90,81.0,64.0,446,711.0,5.0,730,716.0,-14.0,0,0,,,,2015-3-3,Southwest Airlines Co.
Detroit,MI,South Bend,IN,2135,2129.0,-6.0,15.0,2144.0,65,52.0,32.0,157,2216.0,5.0,2240,2221.0,-19.0,0,0,,,,2015-2-23,Skywest Airlines Inc.
Boston,MA,Chicago,IL,1658,1652.0,-6.0,26.0,1718.0,177,161.0,128.0,867,1826.0,7.0,1855,1833.0,-22.0,0,0,,,,2015-1-14,American Airlines Inc.
Kahului,HI,Phoenix,AZ,2330,2326.0,-4.0,10.0,2336.0,333,335.0,320.0,2845,756.0,5.0,803,801.0,-2.0,0,0,,,,2015-11-14,American Airlines Inc.
Newark,NJ,Chicago,IL,1200,1157.0,-3.0,18.0,1215.0,150,159.0,115.0,711,1310.0,26.0,1330,1336.0,6.0,0,0,,,,2015-12-24,Southwest Airlines Co.
Phoenix,AZ,San Antonio,TX,1340,1346.0,6.0,14.0,1400.0,120,135.0,114.0,843,1654.0,7.0,1640,1701.0,21.0,0,0,15.0,0.0,0.0,2015-2-12,Southwest Airlines Co.
St Louis,MO,Arlington,VA,840,837.0,-3.0,11.0,848.0,110,112.0,97.0,719,1125.0,4.0,1130,1129.0,-1.0,0,0,,,,2015-1-28,Southwest Airlines Co.
Dallas-Fort Worth,TX,New York,NY,1205,1236.0,31.0,23.0,1259.0,215,193.0,166.0,1389,1645.0,4.0,1640,1649.0,9.0,0,0,,,,2015-5-13,American Airlines Inc.
Orlando,FL,Charlotte,NC,635,630.0,-5.0,43.0,713.0,98,125.0,71.0,468,824.0,11.0,813,835.0,22.0,0,0,22.0,0.0,0.0,2015-12-30,American Airlines Inc.
Los Angeles,CA,Chicago,IL,1300,1259.0,-1.0,14.0,1313.0,253,234.0,188.0,1744,1821.0,32.0,1913,1853.0,-20.0,0,0,,,,2015-12-11,American Airlines Inc.
Phoenix,AZ,Los Angeles,CA,1905,1916.0,11.0,8.0,1924.0,80,77.0,61.0,370,1925.0,8.0,1925,1933.0,8.0,0,0,,,,2015-11-30,Southwest Airlines Co.
New Orleans,LA,Houston,TX,923,916.0,-7.0,11.0,927.0,77,72.0,52.0,305,1019.0,9.0,1040,1028.0,-12.0,0,0,,,,2015-5-15,United Air Lines Inc.
Arlington,VA,Chicago,IL,1146,1146.0,0.0,15.0,1201.0,129,125.0,93.0,612,1234.0,17.0,1255,1251.0,-4.0,0,0,,,,2015-11-10,Skywest Airlines Inc.
Denver,CO,Fargo,ND,1018,1017.0,-1.0,26.0,1043.0,112,116.0,85.0,627,1308.0,5.0,1310,1313.0,3.0,0,0,,,,2015-4-14,Skywest Airlines Inc.
Boston,MA,Atlanta,GA,540,812.0,152.0,21.0,833.0,190,146.0,116.0,946,1029.0,9.0,850,1038.0,108.0,0,0,0.0,0.0,0.0,2015-3-16,Southwest Airlines Co.
Los Angeles,CA,Minneapolis,MN,1850,1851.0,1.0,33.0,1924.0,206,222.0,185.0,1535,29.0,4.0,16,33.0,17.0,0,0,17.0,0.0,0.0,2015-4-25,Delta Air Lines Inc.
San Diego,CA,San Jose,CA,955,954.0,-1.0,12.0,1006.0,80,81.0,64.0,417,1110.0,5.0,1115,1115.0,0.0,0,0,,,,2015-2-8,Southwest Airlines Co.
Las Vegas,NV,Houston,TX,1420,1422.0,2.0,9.0,1431.0,175,,,1235,2042.0,16.0,1915,2058.0,,1,0,,,,2015-4-12,Southwest Airlines Co.
Flint,MI,Minneapolis,MN,720,714.0,-6.0,9.0,723.0,96,92.0,78.0,491,741.0,5.0,756,746.0,-10.0,0,0,,,,2015-7-13,Skywest Airlines Inc.
Las Vegas,NV,Miami,FL,1255,1254.0,-1.0,19.0,1313.0,280,284.0,242.0,2174,2015.0,23.0,2035,2038.0,3.0,0,0,,,,2015-11-18,American Airlines Inc.
Burbank,CA,Portland,OR,925,922.0,-3.0,10.0,932.0,142,118.0,104.0,817,1116.0,4.0,1147,1120.0,-27.0,0,0,,,,2015-4-7,Skywest Airlines Inc.
Dallas-Fort Worth,TX,San Diego,CA,850,847.0,-3.0,16.0,903.0,183,177.0,157.0,1171,940.0,4.0,953,944.0,-9.0,0,0,,,,2015-9-18,American Airlines Inc.
Austin,TX,El Paso,TX,1405,1409.0,4.0,10.0,1419.0,95,94.0,81.0,528,1440.0,3.0,1440,1443.0,3.0,0,0,,,,2015-4-10,Southwest Airlines Co.
Phoenix,AZ,Santa Ana,CA,805,804.0,-1.0,17.0,821.0,75,76.0,54.0,338,915.0,5.0,920,920.0,0.0,0,0,,,,2015-4-26,Southwest Airlines Co.
Richmond,VA,Atlanta,GA,1625,1625.0,0.0,12.0,1637.0,105,89.0,71.0,481,1748.0,6.0,1810,1754.0,-16.0,0,0,,,,2015-5-2,Delta Air Lines Inc.
Newark,NJ,Raleigh,NC,700,,,,,103,,,416,,,843,,,0,1,,,,2015-2-15,Atlantic Southeast Airlines
Tampa,FL,Denver,CO,1805,1811.0,6.0,9.0,1820.0,250,240.0,226.0,1506,2006.0,5.0,2015,2011.0,-4.0,0,0,,,,2015-3-2,Southwest Airlines Co.
Columbus,OH,Nashville,TN,1745,1744.0,-1.0,9.0,1753.0,75,68.0,53.0,337,1746.0,6.0,1800,1752.0,-8.0,0,0,,,,2015-8-26,Southwest Airlines Co.
Indianapolis,IN,Charlotte,NC,1530,1526.0,-4.0,23.0,1549.0,103,103.0,70.0,427,1659.0,10.0,1713,1709.0,-4.0,0,0,,,,2015-9-15,American Airlines Inc.
Key West,FL,Atlanta,GA,1211,1213.0,2.0,13.0,1226.0,123,117.0,95.0,646,1401.0,9.0,1414,1410.0,-4.0,0,0,,,,2015-12-18,Delta Air Lines Inc.
Jacksonville,FL,Atlanta,GA,1735,1819.0,44.0,13.0,1832.0,70,68.0,47.0,270,1919.0,8.0,1845,1927.0,42.0,0,0,0.0,0.0,0.0,2015-1-5,Southwest Airlines Co.
Atlanta,GA,Montgomery,AL,1355,1351.0,-4.0,20.0,1411.0,51,54.0,32.0,147,1343.0,2.0,1346,1345.0,-1.0,0,0,,,,2015-5-5,Atlantic Southeast Airlines
Miami,FL,Los Angeles,CA,748,744.0,-4.0,15.0,759.0,370,342.0,320.0,2342,1019.0,7.0,1058,1026.0,-32.0,0,0,,,,2015-4-4,Delta Air Lines Inc.
Detroit,MI,Nashville,TN,1525,1527.0,2.0,15.0,1542.0,105,96.0,75.0,456,1557.0,6.0,1610,1603.0,-7.0,0,0,,,,2015-6-27,Southwest Airlines Co.
Chicago,IL,Honolulu,HI,915,926.0,11.0,70.0,1036.0,558,610.0,524.0,4243,1520.0,16.0,1433,1536.0,63.0,0,0,52.0,0.0,11.0,2015-11-21,United Air Lines Inc.
Providence,RI,Chicago,IL,1300,1258.0,-2.0,9.0,1307.0,160,162.0,146.0,842,1433.0,7.0,1440,1440.0,0.0,0,0,,,,2015-12-25,Southwest Airlines Co.
Minneapolis,MN,Orlando,FL,1320,1318.0,-2.0,15.0,1333.0,185,176.0,154.0,1310,1707.0,7.0,1725,1714.0,-11.0,0,0,,,,2015-4-24,Delta Air Lines Inc.
Atlanta,GA,Montgomery,AL,1805,1800.0,-5.0,13.0,1813.0,49,43.0,28.0,147,1741.0,2.0,1754,1743.0,-11.0,0,0,,,,2015-3-15,Atlantic Southeast Airlines
Salt Lake City,UT,Denver,CO,700,703.0,3.0,17.0,720.0,105,76.0,53.0,391,813.0,6.0,845,819.0,-26.0,0,0,,,,2015-2-9,Southwest Airlines Co.
Amarillo,TX,Dallas,TX,1945,1933.0,-12.0,12.0,1945.0,65,68.0,52.0,323,2037.0,4.0,2050,2041.0,-9.0,0,0,,,,2015-9-1,Southwest Airlines Co.
Boston,MA,Houston,TX,1000,1027.0,27.0,9.0,1036.0,244,230.0,215.0,1597,1311.0,6.0,1304,1317.0,13.0,0,0,,,,2015-6-28,United Air Lines Inc.
Denver,CO,Fargo,ND,1953,1952.0,-1.0,19.0,2011.0,114,102.0,78.0,627,2229.0,5.0,2247,2234.0,-13.0,0,0,,,,2015-4-7,Skywest Airlines Inc.
Ft. Lauderdale,FL,Tampa,FL,1005,1000.0,-5.0,11.0,1011.0,60,50.0,34.0,197,1045.0,5.0,1105,1050.0,-15.0,0,0,,,,2015-6-21,Southwest Airlines Co.
Seattle,WA,San Francisco,CA,1150,1138.0,-12.0,21.0,1159.0,129,126.0,99.0,679,1338.0,6.0,1359,1344.0,-15.0,0,0,,,,2015-4-26,United Air Lines Inc.
Baltimore,MD,Atlanta,GA,900,855.0,-5.0,35.0,930.0,119,122.0,79.0,577,1049.0,8.0,1059,1057.0,-2.0,0,0,,,,2015-9-14,Delta Air Lines Inc.
Los Angeles,CA,Oakland,CA,1330,1342.0,12.0,25.0,1407.0,84,82.0,53.0,337,1500.0,4.0,1454,1504.0,10.0,0,0,,,,2015-2-13,Skywest Airlines Inc.
Mammoth Lakes,CA,San Francisco,CA,1718,1705.0,-13.0,8.0,1713.0,71,51.0,39.0,193,1752.0,4.0,1829,1756.0,-33.0,0,0,,,,2015-1-13,Skywest Airlines Inc.
San Francisco,CA,Newark,NJ,800,800.0,0.0,18.0,818.0,322,316.0,291.0,2565,1609.0,7.0,1622,1616.0,-6.0,0,0,,,,2015-11-30,United Air Lines Inc.
Providence,RI,Chicago,IL,1700,1729.0,29.0,15.0,1744.0,165,147.0,126.0,842,1850.0,6.0,1845,1856.0,11.0,0,0,,,,2015-12-7,Southwest Airlines Co.
Chicago,IL,Portland,OR,1910,1925.0,15.0,25.0,1950.0,272,263.0,232.0,1739,2142.0,6.0,2142,2148.0,6.0,0,0,,,,2015-3-24,United Air Lines Inc.
Denver,CO,Bakersfield,CA,1105,1058.0,-7.0,15.0,1113.0,156,139.0,120.0,845,1213.0,4.0,1241,1217.0,-24.0,0,0,,,,2015-5-29,Skywest Airlines Inc.
Grand Rapids,MI,Newark,NJ,2016,2156.0,100.0,9.0,2205.0,117,105.0,90.0,605,2335.0,6.0,2213,2341.0,88.0,0,0,0.0,0.0,0.0,2015-5-11,Atlantic Southeast Airlines
Los Angeles,CA,Boston,MA,915,912.0,-3.0,25.0,937.0,325,341.0,307.0,2611,1744.0,9.0,1740,1753.0,13.0,0,0,,,,2015-1-7,Delta Air Lines Inc.
Dallas-Fort Worth,TX,Ft. Lauderdale,FL,715,708.0,-7.0,15.0,723.0,179,166.0,144.0,1119,1047.0,7.0,1114,1054.0,-20.0,0,0,,,,2015-9-2,American Airlines Inc.
Los Angeles,CA,Las Vegas,NV,1700,1848.0,108.0,10.0,1858.0,65,68.0,54.0,236,1952.0,4.0,1805,1956.0,111.0,0,0,9.0,0.0,0.0,2015-4-25,Southwest Airlines Co.
Salt Lake City,UT,Los Angeles,CA,2154,2336.0,102.0,52.0,28.0,121,164.0,96.0,590,104.0,16.0,2255,120.0,145.0,0,0,145.0,0.0,0.0,2015-7-20,Delta Air Lines Inc.
Oakland,CA,Austin,TX,1100,1058.0,-2.0,10.0,1108.0,205,207.0,194.0,1497,1622.0,3.0,1625,1625.0,0.0,0,0,,,,2015-1-25,Southwest Airlines Co.
Salt Lake City,UT,Fresno,CA,2005,2006.0,1.0,35.0,2041.0,102,116.0,75.0,501,2056.0,6.0,2047,2102.0,15.0,0,0,14.0,0.0,0.0,2015-11-15,Skywest Airlines Inc.
Austin,TX,Chicago,IL,847,841.0,-6.0,12.0,853.0,162,152.0,129.0,977,1102.0,11.0,1129,1113.0,-16.0,0,0,,,,2015-11-9,United Air Lines Inc.
Windsor Locks,CT,Orlando,FL,615,612.0,-3.0,10.0,622.0,165,153.0,136.0,1050,838.0,7.0,900,845.0,-15.0,0,0,,,,2015-6-16,Southwest Airlines Co.
El Paso,TX,San Antonio,TX,2045,2044.0,-1.0,9.0,2053.0,80,75.0,63.0,496,2256.0,3.0,2305,2259.0,-6.0,0,0,,,,2015-4-17,Southwest Airlines Co.
Phoenix,AZ,Dallas-Fort Worth,TX,500,502.0,2.0,18.0,520.0,144,143.0,112.0,868,912.0,13.0,924,925.0,1.0,0,0,,,,2015-9-2,American Airlines Inc.
Pittsburgh,PA,Atlanta,GA,940,936.0,-4.0,8.0,944.0,104,95.0,77.0,526,1101.0,10.0,1124,1111.0,-13.0,0,0,,,,2015-3-31,Delta Air Lines Inc.
Phoenix,AZ,Los Angeles,CA,1705,1702.0,-3.0,8.0,1710.0,75,67.0,53.0,370,1803.0,6.0,1820,1809.0,-11.0,0,0,,,,2015-4-11,Southwest Airlines Co.
Richmond,VA,Atlanta,GA,1418,1415.0,-3.0,14.0,1429.0,109,97.0,76.0,481,1545.0,7.0,1607,1552.0,-15.0,0,0,,,,2015-4-24,Delta Air Lines Inc.
Fayetteville/Springdale/Rogers,AR,Atlanta,GA,1227,1225.0,-2.0,10.0,1235.0,113,96.0,77.0,589,1452.0,9.0,1520,1501.0,-19.0,0,0,,,,2015-9-11,Delta Air Lines Inc.
Lafayette,LA,Atlanta,GA,1125,1147.0,22.0,22.0,1209.0,98,100.0,67.0,503,1416.0,11.0,1403,1427.0,24.0,0,0,2.0,0.0,0.0,2015-1-13,Atlantic Southeast Airlines
Atlanta,GA,Salt Lake City,UT,811,823.0,12.0,24.0,847.0,259,253.0,222.0,1590,1029.0,7.0,1030,1036.0,6.0,0,0,,,,2015-12-14,Delta Air Lines Inc.
San Francisco,CA,New York,NY,715,706.0,-9.0,22.0,728.0,349,319.0,293.0,2586,1521.0,4.0,1604,1525.0,-39.0,0,0,,,,2015-7-10,American Airlines Inc.
Roanoke,VA,Chicago,IL,1033,1031.0,-2.0,9.0,1040.0,117,101.0,86.0,531,1106.0,6.0,1130,1112.0,-18.0,0,0,,,,2015-5-14,Atlantic Southeast Airlines
West Palm Beach,FL,Baltimore,MD,1540,1614.0,34.0,8.0,1622.0,140,135.0,124.0,883,1826.0,3.0,1800,1829.0,29.0,0,0,0.0,0.0,0.0,2015-4-7,Southwest Airlines Co.
Austin,TX,Chicago,IL,1235,1335.0,60.0,9.0,1344.0,150,139.0,125.0,972,1549.0,5.0,1505,1554.0,49.0,0,0,0.0,0.0,0.0,2015-5-13,Southwest Airlines Co.
Oklahoma City,OK,Los Angeles,CA,1636,1829.0,113.0,14.0,1843.0,194,185.0,159.0,1187,1922.0,12.0,1750,1934.0,104.0,0,0,0.0,0.0,0.0,2015-5-29,Skywest Airlines Inc.
Seattle,WA,Salt Lake City,UT,1020,1029.0,9.0,13.0,1042.0,108,108.0,91.0,689,1313.0,4.0,1308,1317.0,9.0,0,0,,,,2015-2-28,Delta Air Lines Inc.
Chicago,IL,Charlotte,NC,715,715.0,0.0,25.0,740.0,121,120.0,83.0,599,1003.0,12.0,1016,1015.0,-1.0,0,0,,,,2015-7-18,American Airlines Inc.
Detroit,MI,Atlanta,GA,1600,2048.0,288.0,11.0,2059.0,125,118.0,96.0,594,2235.0,11.0,1805,2246.0,281.0,0,0,0.0,0.0,0.0,2015-1-12,Southwest Airlines Co.
Minneapolis,MN,Los Angeles,CA,1419,1608.0,109.0,11.0,1619.0,236,224.0,204.0,1535,1743.0,9.0,1615,1752.0,97.0,0,0,0.0,0.0,0.0,2015-9-14,Delta Air Lines Inc.
Phoenix,AZ,Albuquerque,NM,2115,2212.0,57.0,11.0,2223.0,65,62.0,45.0,328,8.0,6.0,2320,14.0,54.0,0,0,0.0,0.0,0.0,2015-7-31,Southwest Airlines Co.
Phoenix,AZ,Denver,CO,540,607.0,27.0,7.0,614.0,115,107.0,94.0,602,748.0,6.0,735,754.0,19.0,0,0,0.0,0.0,0.0,2015-2-17,Southwest Airlines Co.
New York,NY,Dallas-Fort Worth,TX,625,615.0,-10.0,15.0,630.0,238,216.0,193.0,1389,843.0,8.0,923,851.0,-32.0,0,0,,,,2015-5-15,American Airlines Inc.
Las Vegas,NV,Austin,TX,1135,1126.0,-9.0,15.0,1141.0,165,173.0,141.0,1090,1602.0,17.0,1620,1619.0,-1.0,0,0,,,,2015-8-13,Southwest Airlines Co.
Phoenix,AZ,Las Vegas,NV,700,658.0,-2.0,11.0,709.0,65,64.0,45.0,255,654.0,8.0,705,702.0,-3.0,0,0,,,,2015-11-20,Southwest Airlines Co.
Midland,TX,Dallas,TX,1810,1807.0,-3.0,17.0,1824.0,65,73.0,51.0,319,1915.0,5.0,1915,1920.0,5.0,0,0,,,,2015-1-22,Southwest Airlines Co.
Newark,NJ,Detroit,MI,1810,1808.0,-2.0,16.0,1824.0,119,110.0,86.0,488,1950.0,8.0,2009,1958.0,-11.0,0,0,,,,2015-6-26,Atlantic Southeast Airlines
Idaho Falls,ID,Salt Lake City,UT,1828,1822.0,-6.0,14.0,1836.0,57,58.0,37.0,188,1913.0,7.0,1925,1920.0,-5.0,0,0,,,,2015-9-29,Skywest Airlines Inc.
Dallas-Fort Worth,TX,Cleveland,OH,1420,1440.0,20.0,17.0,1457.0,156,141.0,121.0,1021,1758.0,3.0,1756,1801.0,5.0,0,0,,,,2015-3-12,American Airlines Inc.
San Francisco,CA,Atlanta,GA,730,729.0,-1.0,15.0,744.0,287,264.0,243.0,2139,1447.0,6.0,1517,1453.0,-24.0,0,0,,,,2015-7-27,Delta Air Lines Inc.
New Orleans,LA,Atlanta,GA,1215,1214.0,-1.0,11.0,1225.0,91,80.0,57.0,425,1422.0,12.0,1446,1434.0,-12.0,0,0,,,,2015-5-7,Delta Air Lines Inc.
Charlotte,NC,Atlanta,GA,1745,1751.0,6.0,12.0,1803.0,73,61.0,40.0,226,1843.0,9.0,1858,1852.0,-6.0,0,0,,,,2015-11-11,American Airlines Inc.
Houston,TX,Orlando,FL,1310,1307.0,-3.0,14.0,1321.0,145,147.0,119.0,854,1620.0,14.0,1635,1634.0,-1.0,0,0,,,,2015-9-26,United Air Lines Inc.
El Paso,TX,Dallas-Fort Worth,TX,1327,1323.0,-4.0,16.0,1339.0,108,106.0,81.0,551,1600.0,9.0,1615,1609.0,-6.0,0,0,,,,2015-8-20,American Airlines Inc.
Detroit,MI,Atlanta,GA,540,537.0,-3.0,16.0,553.0,110,119.0,96.0,594,729.0,7.0,730,736.0,6.0,0,0,,,,2015-9-29,Southwest Airlines Co.
Houston,TX,Phoenix,AZ,1500,1456.0,-4.0,11.0,1507.0,163,153.0,125.0,1009,1512.0,17.0,1543,1529.0,-14.0,0,0,,,,2015-9-6,American Airlines Inc.
San Francisco,CA,Boston,MA,1101,1101.0,0.0,15.0,1116.0,344,324.0,304.0,2704,1920.0,5.0,1945,1925.0,-20.0,0,0,,,,2015-11-4,United Air Lines Inc.
Denver,CO,Omaha,NE,2217,2212.0,-5.0,13.0,2225.0,88,78.0,61.0,472,26.0,4.0,45,30.0,-15.0,0,0,,,,2015-3-5,Skywest Airlines Inc.
Las Vegas,NV,Orlando,FL,940,941.0,1.0,10.0,951.0,280,298.0,277.0,2039,1728.0,11.0,1720,1739.0,19.0,0,0,19.0,0.0,0.0,2015-7-2,Southwest Airlines Co.
Dallas-Fort Worth,TX,Mobile,AL,1005,1036.0,31.0,12.0,1048.0,90,86.0,70.0,539,1158.0,4.0,1135,1202.0,27.0,0,0,0.0,0.0,0.0,2015-1-10,Atlantic Southeast Airlines
Moline,IL,Chicago,IL,1325,1313.0,-12.0,8.0,1321.0,55,55.0,36.0,139,1357.0,11.0,1420,1408.0,-12.0,0,0,,,,2015-2-21,Atlantic Southeast Airlines
Atlanta,GA,Chicago,IL,530,526.0,-4.0,15.0,541.0,110,109.0,88.0,591,609.0,6.0,620,615.0,-5.0,0,0,,,,2015-8-4,Southwest Airlines Co.
Denver,CO,Dallas,TX,950,,,,,115,,,651,,,1245,,,0,1,,,,2015-2-22,Southwest Airlines Co.
Salt Lake City,UT,Houston,TX,1400,1357.0,-3.0,13.0,1410.0,184,169.0,150.0,1195,1740.0,6.0,1804,1746.0,-18.0,0,0,,,,2015-5-12,Delta Air Lines Inc.
St Louis,MO,Orlando,FL,1505,1504.0,-1.0,9.0,1513.0,140,131.0,112.0,882,1805.0,10.0,1825,1815.0,-10.0,0,0,,,,2015-7-24,Southwest Airlines Co.
Los Angeles,CA,Honolulu,HI,955,951.0,-4.0,14.0,1005.0,354,352.0,335.0,2556,1240.0,3.0,1249,1243.0,-6.0,0,0,,,,2015-4-27,American Airlines Inc.
Chantilly,VA,Dallas-Fort Worth,TX,1928,1924.0,-4.0,16.0,1940.0,217,192.0,165.0,1172,2125.0,11.0,2205,2136.0,-29.0,0,0,,,,2015-1-16,American Airlines Inc.
Atlanta,GA,Charleston,SC,1642,1637.0,-5.0,12.0,1649.0,75,59.0,42.0,259,1731.0,5.0,1757,1736.0,-21.0,0,0,,,,2015-7-7,Delta Air Lines Inc.
Charlotte,NC,Indianapolis,IN,939,934.0,-5.0,25.0,959.0,99,95.0,65.0,427,1104.0,5.0,1118,1109.0,-9.0,0,0,,,,2015-9-18,American Airlines Inc.
Chicago,IL,Dallas-Fort Worth,TX,1720,1725.0,5.0,22.0,1747.0,155,139.0,111.0,802,1938.0,6.0,1955,1944.0,-11.0,0,0,,,,2015-1-15,Skywest Airlines Inc.
Dallas,TX,New York,NY,1740,1915.0,95.0,7.0,1922.0,200,170.0,157.0,1381,2259.0,6.0,2200,2305.0,65.0,0,0,0.0,0.0,65.0,2015-3-20,Southwest Airlines Co.
Milwaukee,WI,Minneapolis,MN,1200,1157.0,-3.0,15.0,1212.0,75,76.0,57.0,297,1309.0,4.0,1315,1313.0,-2.0,0,0,,,,2015-11-29,Delta Air Lines Inc.
Houston,TX,Memphis,TN,1035,1046.0,11.0,12.0,1058.0,85,86.0,70.0,484,1208.0,4.0,1200,1212.0,12.0,0,0,,,,2015-12-19,Southwest Airlines Co.
Chicago,IL,San Diego,CA,1530,1528.0,-2.0,13.0,1541.0,255,255.0,238.0,1728,1739.0,4.0,1745,1743.0,-2.0,0,0,,,,2015-5-28,Southwest Airlines Co.
Duluth,MN,Chicago,IL,614,608.0,-6.0,14.0,622.0,93,100.0,68.0,397,730.0,18.0,747,748.0,1.0,0,0,,,,2015-7-28,Skywest Airlines Inc.
Ft. Lauderdale,FL,Phoenix,AZ,1635,1658.0,23.0,12.0,1710.0,325,293.0,276.0,1972,1846.0,5.0,1900,1851.0,-9.0,0,0,,,,2015-4-4,Southwest Airlines Co.
Dallas-Fort Worth,TX,Pensacola,FL,1325,1554.0,149.0,10.0,1604.0,108,90.0,76.0,604,1720.0,4.0,1513,1724.0,131.0,0,0,0.0,0.0,0.0,2015-3-24,American Airlines Inc.
Orlando,FL,Louisville,KY,1000,1110.0,70.0,15.0,1125.0,125,129.0,109.0,719,1314.0,5.0,1205,1319.0,74.0,0,0,4.0,0.0,70.0,2015-2-3,Southwest Airlines Co.
Phoenix,AZ,Oakland,CA,1945,1941.0,-4.0,8.0,1949.0,120,111.0,95.0,646,2024.0,8.0,2045,2032.0,-13.0,0,0,,,,2015-12-28,Southwest Airlines Co.
Norfolk,VA,Houston,TX,1738,1726.0,-12.0,11.0,1737.0,199,206.0,189.0,1201,1946.0,6.0,1957,1952.0,-5.0,0,0,,,,2015-8-23,Atlantic Southeast Airlines
Colorado Springs,CO,Salt Lake City,UT,825,821.0,-4.0,19.0,840.0,103,107.0,84.0,411,1004.0,4.0,1008,1008.0,0.0,0,0,,,,2015-6-24,Skywest Airlines Inc.
Dallas-Fort Worth,TX,Charlotte,NC,2015,2011.0,-4.0,18.0,2029.0,163,142.0,117.0,936,2326.0,7.0,2358,2333.0,-25.0,0,0,,,,2015-7-24,American Airlines Inc.
Seattle,WA,Dallas-Fort Worth,TX,1551,1552.0,1.0,18.0,1610.0,219,229.0,206.0,1660,2136.0,5.0,2130,2141.0,11.0,0,0,,,,2015-1-22,American Airlines Inc.
Tampa,FL,Chicago,IL,1050,1044.0,-6.0,13.0,1057.0,165,155.0,135.0,997,1212.0,7.0,1235,1219.0,-16.0,0,0,,,,2015-9-3,Southwest Airlines Co.
Great Falls,MT,Salt Lake City,UT,1730,1720.0,-10.0,9.0,1729.0,89,81.0,67.0,463,1836.0,5.0,1859,1841.0,-18.0,0,0,,,,2015-9-18,Skywest Airlines Inc.
Chicago,IL,Los Angeles,CA,1916,1915.0,-1.0,21.0,1936.0,274,259.0,230.0,1744,2126.0,8.0,2150,2134.0,-16.0,0,0,,,,2015-12-8,United Air Lines Inc.
Medford,OR,Denver,CO,540,530.0,-10.0,17.0,547.0,159,177.0,148.0,964,915.0,12.0,919,927.0,8.0,0,0,,,,2015-6-12,Skywest Airlines Inc.
Minneapolis,MN,Dayton,OH,1500,1457.0,-3.0,11.0,1508.0,111,92.0,77.0,574,1725.0,4.0,1751,1729.0,-22.0,0,0,,,,2015-11-27,Skywest Airlines Inc.
Houston,TX,Tampa,FL,1929,2028.0,59.0,23.0,2051.0,129,147.0,115.0,787,2346.0,9.0,2238,2355.0,77.0,0,0,18.0,0.0,33.0,2015-11-17,United Air Lines Inc.
Detroit,MI,Omaha,NE,1540,1559.0,19.0,13.0,1612.0,132,115.0,98.0,651,1650.0,4.0,1652,1654.0,2.0,0,0,,,,2015-1-17,Atlantic Southeast Airlines
Indianapolis,IN,Denver,CO,1520,1527.0,7.0,8.0,1535.0,165,155.0,140.0,977,1555.0,7.0,1605,1602.0,-3.0,0,0,,,,2015-7-12,Southwest Airlines Co.
Atlanta,GA,Las Vegas,NV,1955,1953.0,-2.0,14.0,2007.0,260,241.0,220.0,1747,2047.0,7.0,2115,2054.0,-21.0,0,0,,,,2015-9-7,Delta Air Lines Inc.
Providence,RI,Atlanta,GA,1231,1224.0,-7.0,15.0,1239.0,170,139.0,117.0,903,1436.0,7.0,1521,1443.0,-38.0,0,0,,,,2015-9-4,Delta Air Lines Inc.
Los Angeles,CA,San Francisco,CA,700,654.0,-6.0,18.0,712.0,83,74.0,51.0,337,803.0,5.0,823,808.0,-15.0,0,0,,,,2015-8-20,Delta Air Lines Inc.
Milwaukee,WI,Phoenix,AZ,1130,1152.0,22.0,10.0,1202.0,230,214.0,197.0,1460,1319.0,7.0,1320,1326.0,6.0,0,0,,,,2015-3-21,Southwest Airlines Co.
Atlanta,GA,Greer,SC,2256,2252.0,-4.0,16.0,2308.0,61,53.0,33.0,153,2341.0,4.0,2357,2345.0,-12.0,0,0,,,,2015-5-3,Delta Air Lines Inc.
Atlanta,GA,Philadelphia,PA,1506,1503.0,-3.0,19.0,1522.0,127,114.0,91.0,666,1653.0,4.0,1713,1657.0,-16.0,0,0,,,,2015-2-5,Delta Air Lines Inc.
Flint,MI,Atlanta,GA,1201,1200.0,-1.0,8.0,1208.0,131,117.0,103.0,645,1351.0,6.0,1412,1357.0,-15.0,0,0,,,,2015-4-8,Delta Air Lines Inc.
Salt Lake City,UT,Minneapolis,MN,2005,2001.0,-4.0,18.0,2019.0,153,141.0,120.0,991,2319.0,3.0,2338,2322.0,-16.0,0,0,,,,2015-6-8,Delta Air Lines Inc.
Atlanta,GA,Asheville,NC,908,909.0,1.0,12.0,921.0,53,51.0,37.0,164,958.0,2.0,1001,1000.0,-1.0,0,0,,,,2015-11-9,Atlantic Southeast Airlines
Las Vegas,NV,Dallas-Fort Worth,TX,55,52.0,-3.0,16.0,108.0,165,146.0,125.0,1055,513.0,5.0,540,518.0,-22.0,0,0,,,,2015-4-19,American Airlines Inc.
Albuquerque,NM,San Diego,CA,730,736.0,6.0,20.0,756.0,110,115.0,91.0,628,827.0,4.0,820,831.0,11.0,0,0,,,,2015-4-26,Southwest Airlines Co.
Akron,OH,Atlanta,GA,1120,1113.0,-7.0,11.0,1124.0,99,100.0,83.0,528,1247.0,6.0,1259,1253.0,-6.0,0,0,,,,2015-8-29,Atlantic Southeast Airlines
Pocatello,ID,Salt Lake City,UT,1525,1511.0,-14.0,9.0,1520.0,45,46.0,33.0,150,1553.0,4.0,1610,1557.0,-13.0,0,0,,,,2015-7-23,Skywest Airlines Inc.
Atlanta,GA,Baltimore,MD,945,1031.0,46.0,17.0,1048.0,110,111.0,88.0,577,1216.0,6.0,1135,1222.0,47.0,0,0,1.0,0.0,0.0,2015-5-11,Southwest Airlines Co.
Chicago,IL,Tulsa,OK,2028,2102.0,34.0,23.0,2125.0,119,127.0,98.0,585,2303.0,6.0,2227,2309.0,42.0,0,0,8.0,0.0,0.0,2015-6-22,American Airlines Inc.
Minneapolis,MN,Sacramento,CA,1125,1119.0,-6.0,15.0,1134.0,225,229.0,207.0,1517,1301.0,7.0,1310,1308.0,-2.0,0,0,,,,2015-7-12,Delta Air Lines Inc.
Chicago,IL,Kansas City,MO,1230,1230.0,0.0,9.0,1239.0,80,79.0,65.0,405,1344.0,5.0,1350,1349.0,-1.0,0,0,,,,2015-7-30,Southwest Airlines Co.
Chantilly,VA,Dallas-Fort Worth,TX,1200,1158.0,-2.0,11.0,1209.0,205,177.0,156.0,1172,1345.0,10.0,1425,1355.0,-30.0,0,0,,,,2015-4-29,American Airlines Inc.
Austin,TX,Dallas-Fort Worth,TX,1703,1652.0,-11.0,11.0,1703.0,67,76.0,34.0,190,1737.0,31.0,1810,1808.0,-2.0,0,0,,,,2015-2-21,American Airlines Inc.
Minneapolis,MN,Minot,ND,1520,1516.0,-4.0,22.0,1538.0,95,107.0,77.0,449,1655.0,8.0,1655,1703.0,8.0,0,0,,,,2015-5-30,Skywest Airlines Inc.
Denver,CO,Tampa,FL,1606,1600.0,-6.0,17.0,1617.0,199,203.0,178.0,1506,2115.0,8.0,2125,2123.0,-2.0,0,0,,,,2015-3-17,United Air Lines Inc.
San Francisco,CA,Santa Barbara,CA,700,650.0,-10.0,14.0,704.0,70,66.0,49.0,262,753.0,3.0,810,756.0,-14.0,0,0,,,,2015-9-22,Skywest Airlines Inc.
Kansas City,MO,St Louis,MO,1815,1814.0,-1.0,5.0,1819.0,55,50.0,40.0,237,1859.0,5.0,1910,1904.0,-6.0,0,0,,,,2015-5-8,Southwest Airlines Co.
Ft. Myers,FL,Atlanta,GA,1945,1940.0,-5.0,8.0,1948.0,110,135.0,79.0,515,2107.0,48.0,2135,2155.0,20.0,0,0,20.0,0.0,0.0,2015-6-2,Southwest Airlines Co.
Detroit,MI,Milwaukee,WI,1741,1738.0,-3.0,30.0,1808.0,69,77.0,43.0,237,1751.0,4.0,1750,1755.0,5.0,0,0,,,,2015-7-13,Delta Air Lines Inc.
Yuma,AZ,Phoenix,AZ,700,659.0,-1.0,16.0,715.0,55,55.0,31.0,160,746.0,8.0,755,754.0,-1.0,0,0,,,,2015-9-3,Skywest Airlines Inc.
Chicago,IL,Paducah,KY,2105,2057.0,-8.0,19.0,2116.0,77,71.0,48.0,342,2204.0,4.0,2222,2208.0,-14.0,0,0,,,,2015-7-26,Skywest Airlines Inc.
Minneapolis,MN,Spokane,WA,1132,1128.0,-4.0,23.0,1151.0,186,184.0,159.0,1175,1230.0,2.0,1238,1232.0,-6.0,0,0,,,,2015-6-12,Delta Air Lines Inc.
Dallas-Fort Worth,TX,Baton Rouge,LA,1421,1429.0,8.0,12.0,1441.0,79,83.0,65.0,383,1546.0,6.0,1540,1552.0,12.0,0,0,,,,2015-5-18,Atlantic Southeast Airlines
Miami,FL,Dallas-Fort Worth,TX,710,708.0,-2.0,27.0,735.0,186,186.0,153.0,1121,908.0,6.0,916,914.0,-2.0,0,0,,,,2015-6-28,American Airlines Inc.
Salt Lake City,UT,Palm Springs,CA,1110,1107.0,-3.0,17.0,1124.0,105,102.0,79.0,541,1143.0,6.0,1155,1149.0,-6.0,0,0,,,,2015-8-21,Skywest Airlines Inc.
Dallas,TX,Atlanta,GA,1820,1820.0,0.0,11.0,1831.0,130,124.0,102.0,721,2113.0,11.0,2130,2124.0,-6.0,0,0,,,,2015-6-15,Southwest Airlines Co.
Santa Ana,CA,Denver,CO,645,644.0,-1.0,27.0,711.0,150,152.0,118.0,846,1009.0,7.0,1015,1016.0,1.0,0,0,,,,2015-3-6,Southwest Airlines Co.
Dallas-Fort Worth,TX,Nashville,TN,2025,2020.0,-5.0,11.0,2031.0,101,109.0,93.0,631,2204.0,5.0,2206,2209.0,3.0,0,0,,,,2015-1-25,American Airlines Inc.
Chicago,IL,Nashville,TN,705,659.0,-6.0,29.0,728.0,85,89.0,54.0,395,822.0,6.0,830,828.0,-2.0,0,0,,,,2015-3-31,Southwest Airlines Co.
Boston,MA,Dallas-Fort Worth,TX,1105,1102.0,-3.0,11.0,1113.0,272,269.0,252.0,1562,1425.0,6.0,1437,1431.0,-6.0,0,0,,,,2015-12-22,American Airlines Inc.
San Diego,CA,Los Angeles,CA,900,856.0,-4.0,16.0,912.0,48,62.0,24.0,109,936.0,22.0,948,958.0,10.0,0,0,,,,2015-5-28,Skywest Airlines Inc.
Pittsburgh,PA,Detroit,MI,630,628.0,-2.0,11.0,639.0,66,54.0,36.0,201,715.0,7.0,736,722.0,-14.0,0,0,,,,2015-6-2,Delta Air Lines Inc.
Jacksonville,FL,Atlanta,GA,630,626.0,-4.0,13.0,639.0,68,63.0,45.0,270,724.0,5.0,738,729.0,-9.0,0,0,,,,2015-7-25,Delta Air Lines Inc.
Phoenix,AZ,Sacramento,CA,1735,1729.0,-6.0,10.0,1739.0,121,102.0,87.0,647,1806.0,5.0,1836,1811.0,-25.0,0,0,,,,2015-11-7,American Airlines Inc.
Los Angeles,CA,Dallas-Fort Worth,TX,730,731.0,1.0,17.0,748.0,194,182.0,160.0,1235,1228.0,5.0,1244,1233.0,-11.0,0,0,,,,2015-9-25,American Airlines Inc.
Tampa,FL,Raleigh,NC,2020,2020.0,0.0,9.0,2029.0,100,91.0,79.0,587,2148.0,3.0,2200,2151.0,-9.0,0,0,,,,2015-3-22,Southwest Airlines Co.
Chicago,IL,Bozeman,MT,930,933.0,3.0,22.0,955.0,198,188.0,162.0,1186,1137.0,4.0,1148,1141.0,-7.0,0,0,,,,2015-8-28,United Air Lines Inc.
Atlanta,GA,Jacksonville,FL,732,731.0,-1.0,15.0,746.0,62,62.0,43.0,270,829.0,4.0,834,833.0,-1.0,0,0,,,,2015-8-28,Delta Air Lines Inc.
Dallas,TX,Denver,CO,1235,1230.0,-5.0,18.0,1248.0,130,114.0,89.0,651,1317.0,7.0,1345,1324.0,-21.0,0,0,,,,2015-2-11,Southwest Airlines Co.
Eugene,OR,San Francisco,CA,615,613.0,-2.0,15.0,628.0,90,85.0,66.0,451,734.0,4.0,745,738.0,-7.0,0,0,,,,2015-3-25,Skywest Airlines Inc.
Pasco,WA,Salt Lake City,UT,1633,1622.0,-11.0,15.0,1637.0,95,96.0,75.0,521,1852.0,6.0,1908,1858.0,-10.0,0,0,,,,2015-2-26,Skywest Airlines Inc.
Orlando,FL,Chicago,IL,1715,1731.0,16.0,16.0,1747.0,178,192.0,140.0,1005,1907.0,36.0,1913,1943.0,30.0,0,0,14.0,0.0,0.0,2015-11-2,American Airlines Inc.
Los Angeles,CA,Miami,FL,1500,1502.0,2.0,17.0,1519.0,293,289.0,265.0,2342,2244.0,7.0,2253,2251.0,-2.0,0,0,,,,2015-2-5,American Airlines Inc.
Atlanta,GA,Pittsburgh,PA,2151,2150.0,-1.0,12.0,2202.0,101,89.0,69.0,526,2311.0,8.0,2332,2319.0,-13.0,0,0,,,,2015-1-9,Delta Air Lines Inc.
Houston,TX,Shreveport,LA,1535,1531.0,-4.0,23.0,1554.0,60,62.0,34.0,192,1628.0,5.0,1635,1633.0,-2.0,0,0,,,,2015-2-2,Atlantic Southeast Airlines
White Plains,NY,Atlanta,GA,1509,1553.0,44.0,26.0,1619.0,136,133.0,101.0,780,1800.0,6.0,1725,1806.0,41.0,0,0,0.0,0.0,0.0,2015-7-13,Atlantic Southeast Airlines
Houston,TX,Chicago,IL,1610,1621.0,11.0,8.0,1629.0,150,140.0,129.0,937,1838.0,3.0,1840,1841.0,1.0,0,0,,,,2015-6-12,Southwest Airlines Co.
Detroit,MI,Atlanta,GA,2130,2140.0,10.0,9.0,2149.0,122,95.0,81.0,594,2310.0,5.0,2332,2315.0,-17.0,0,0,,,,2015-3-11,Delta Air Lines Inc.
Atlanta,GA,San Francisco,CA,1943,2027.0,44.0,15.0,2042.0,312,299.0,277.0,2139,2219.0,7.0,2155,2226.0,31.0,0,0,31.0,0.0,0.0,2015-7-9,United Air Lines Inc.
Houston,TX,Chicago,IL,1250,1314.0,24.0,19.0,1333.0,165,162.0,128.0,925,1541.0,15.0,1535,1556.0,21.0,0,0,0.0,0.0,0.0,2015-6-19,United Air Lines Inc.
Los Angeles,CA,Colorado Springs,CO,805,804.0,-1.0,36.0,840.0,145,160.0,116.0,833,1136.0,8.0,1130,1144.0,14.0,0,0,,,,2015-8-23,Skywest Airlines Inc.
Los Angeles,CA,Charlotte,NC,1140,1145.0,5.0,23.0,1208.0,278,260.0,228.0,2125,1856.0,9.0,1918,1905.0,-13.0,0,0,,,,2015-12-11,American Airlines Inc.
Las Vegas,NV,Kansas City,MO,2115,2230.0,75.0,10.0,2240.0,155,138.0,124.0,1139,244.0,4.0,150,248.0,58.0,0,0,0.0,0.0,0.0,2015-12-23,Southwest Airlines Co.
Chicago,IL,San Francisco,CA,1205,1209.0,4.0,22.0,1231.0,288,267.0,238.0,1846,1429.0,7.0,1453,1436.0,-17.0,0,0,,,,2015-12-1,American Airlines Inc.
San Jose,CA,Phoenix,AZ,951,944.0,-7.0,9.0,953.0,109,99.0,86.0,621,1119.0,4.0,1140,1123.0,-17.0,0,0,,,,2015-8-29,American Airlines Inc.
Atlanta,GA,Jacksonville,NC,2110,2112.0,2.0,18.0,2130.0,78,74.0,53.0,399,2223.0,3.0,2228,2226.0,-2.0,0,0,,,,2015-8-16,Atlantic Southeast Airlines
Chicago,IL,San Antonio,TX,2052,2227.0,95.0,19.0,2246.0,167,160.0,138.0,1041,104.0,3.0,2339,107.0,88.0,0,0,0.0,0.0,0.0,2015-7-8,United Air Lines Inc.
Chicago,IL,Kansas City,MO,700,654.0,-6.0,9.0,703.0,85,83.0,70.0,405,813.0,4.0,825,817.0,-8.0,0,0,,,,2015-4-5,Southwest Airlines Co.
Little Rock,AR,Atlanta,GA,1718,1720.0,2.0,31.0,1751.0,102,103.0,66.0,453,1957.0,6.0,2000,2003.0,3.0,0,0,,,,2015-5-21,Delta Air Lines Inc.
Sioux Falls,SD,Atlanta,GA,615,608.0,-7.0,11.0,619.0,147,143.0,126.0,954,925.0,6.0,942,931.0,-11.0,0,0,,,,2015-5-14,Atlantic Southeast Airlines
Santa Ana,CA,Oakland,CA,2120,2136.0,16.0,8.0,2144.0,80,75.0,61.0,371,2245.0,6.0,2240,2251.0,11.0,0,0,,,,2015-2-12,Southwest Airlines Co.
Houston,TX,Arlington,VA,1605,1759.0,114.0,7.0,1806.0,175,169.0,155.0,1218,2141.0,7.0,2000,2148.0,108.0,0,0,0.0,0.0,0.0,2015-5-19,Southwest Airlines Co.
Philadelphia,PA,Las Vegas,NV,800,759.0,-1.0,21.0,820.0,323,314.0,284.0,2176,1004.0,9.0,1023,1013.0,-10.0,0,0,,,,2015-8-1,American Airlines Inc.
Kahului,HI,San Francisco,CA,2201,2156.0,-5.0,12.0,2208.0,292,262.0,245.0,2338,413.0,5.0,453,418.0,-35.0,0,0,,,,2015-2-4,United Air Lines Inc.
Detroit,MI,Los Angeles,CA,1520,1521.0,1.0,10.0,1531.0,295,271.0,256.0,1979,1647.0,5.0,1715,1652.0,-23.0,0,0,,,,2015-9-9,Delta Air Lines Inc.
Denver,CO,Chicago,IL,1514,1523.0,9.0,12.0,1535.0,146,123.0,95.0,888,1810.0,16.0,1840,1826.0,-14.0,0,0,,,,2015-12-24,United Air Lines Inc.
Phoenix,AZ,Seattle,WA,1104,1104.0,0.0,23.0,1127.0,175,193.0,159.0,1107,1406.0,11.0,1359,1417.0,18.0,0,0,18.0,0.0,0.0,2015-6-20,Skywest Airlines Inc.
Dallas-Fort Worth,TX,Chicago,IL,1540,1532.0,-8.0,17.0,1549.0,153,145.0,113.0,802,1742.0,15.0,1813,1757.0,-16.0,0,0,,,,2015-6-23,American Airlines Inc.
Minneapolis,MN,Ft. Lauderdale,FL,910,933.0,23.0,15.0,948.0,211,189.0,170.0,1487,1338.0,4.0,1341,1342.0,1.0,0,0,,,,2015-4-5,Delta Air Lines Inc.
Ft. Lauderdale,FL,Newark,NJ,642,634.0,-8.0,13.0,647.0,175,165.0,144.0,1065,911.0,8.0,937,919.0,-18.0,0,0,,,,2015-11-3,United Air Lines Inc.
Los Angeles,CA,Salt Lake City,UT,1825,1943.0,78.0,10.0,1953.0,100,99.0,85.0,590,2218.0,4.0,2105,2222.0,77.0,0,0,0.0,0.0,0.0,2015-4-13,Southwest Airlines Co.
Houston,TX,Grand Junction,CO,907,857.0,-10.0,14.0,911.0,165,153.0,134.0,979,1025.0,5.0,1052,1030.0,-22.0,0,0,,,,2015-6-23,Atlantic Southeast Airlines
Detroit,MI,Seattle,WA,1205,1202.0,-3.0,16.0,1218.0,294,305.0,283.0,1927,1401.0,6.0,1359,1407.0,8.0,0,0,,,,2015-3-16,Delta Air Lines Inc.
Las Vegas,NV,Atlanta,GA,615,611.0,-4.0,10.0,621.0,225,195.0,177.0,1747,1218.0,8.0,1300,1226.0,-34.0,0,0,,,,2015-2-20,Southwest Airlines Co.
San Jose,CA,Burbank,CA,1615,1652.0,37.0,6.0,1658.0,60,53.0,45.0,296,1743.0,2.0,1715,1745.0,30.0,0,0,0.0,0.0,0.0,2015-1-30,Southwest Airlines Co.
Great Falls,MT,Salt Lake City,UT,605,600.0,-5.0,8.0,608.0,101,87.0,74.0,463,722.0,5.0,746,727.0,-19.0,0,0,,,,2015-4-1,Skywest Airlines Inc.
Atlanta,GA,St Louis,MO,1659,1659.0,0.0,23.0,1722.0,108,116.0,88.0,484,1750.0,5.0,1747,1755.0,8.0,0,0,,,,2015-6-19,Delta Air Lines Inc.
Baton Rouge,LA,Atlanta,GA,1206,1217.0,11.0,9.0,1226.0,89,80.0,60.0,448,1426.0,11.0,1435,1437.0,2.0,0,0,,,,2015-3-9,Atlantic Southeast Airlines
Fresno,CA,Los Angeles,CA,1045,1036.0,-9.0,20.0,1056.0,75,70.0,40.0,209,1136.0,10.0,1200,1146.0,-14.0,0,0,,,,2015-12-5,Skywest Airlines Inc.
New York,NY,Los Angeles,CA,1530,1527.0,-3.0,29.0,1556.0,388,386.0,348.0,2475,1844.0,9.0,1858,1853.0,-5.0,0,0,,,,2015-12-17,American Airlines Inc.
Dallas-Fort Worth,TX,Honolulu,HI,1315,1313.0,-2.0,17.0,1330.0,523,498.0,476.0,3784,1726.0,5.0,1758,1731.0,-27.0,0,0,,,,2015-1-10,American Airlines Inc.
Tucson,AZ,Houston,TX,745,737.0,-8.0,11.0,748.0,151,150.0,126.0,936,1154.0,13.0,1216,1207.0,-9.0,0,0,,,,2015-7-16,Skywest Airlines Inc.
Dallas-Fort Worth,TX,Baltimore,MD,1700,1653.0,-7.0,11.0,1704.0,166,165.0,150.0,1217,2034.0,4.0,2046,2038.0,-8.0,0,0,,,,2015-1-20,American Airlines Inc.
New York,NY,Atlanta,GA,700,700.0,0.0,20.0,720.0,145,128.0,104.0,762,904.0,4.0,925,908.0,-17.0,0,0,,,,2015-6-21,Delta Air Lines Inc.
Atlanta,GA,Valdosta,GA,905,859.0,-6.0,21.0,920.0,55,66.0,42.0,208,1002.0,3.0,1000,1005.0,5.0,0,0,,,,2015-3-13,Atlantic Southeast Airlines
Denver,CO,San Antonio,TX,1330,1329.0,-1.0,13.0,1342.0,120,135.0,117.0,794,1639.0,5.0,1630,1644.0,14.0,0,0,,,,2015-3-20,Southwest Airlines Co.
Orlando,FL,Houston,TX,1210,1310.0,60.0,14.0,1324.0,160,139.0,118.0,854,1422.0,7.0,1350,1429.0,39.0,0,0,0.0,0.0,0.0,2015-3-4,United Air Lines Inc.
Boston,MA,Indianapolis,IN,1135,1133.0,-2.0,13.0,1146.0,160,149.0,113.0,818,1339.0,23.0,1415,1402.0,-13.0,0,0,,,,2015-7-6,Southwest Airlines Co.
Dallas-Fort Worth,TX,Austin,TX,2230,2226.0,-4.0,12.0,2238.0,56,56.0,40.0,190,2318.0,4.0,2326,2322.0,-4.0,0,0,,,,2015-4-14,American Airlines Inc.
Santa Ana,CA,Las Vegas,NV,1825,,,,,60,,,226,,,1925,,,0,1,,,,2015-8-13,Southwest Airlines Co.
Chicago,IL,Buffalo,NY,1325,1325.0,0.0,10.0,1335.0,85,70.0,56.0,468,1531.0,4.0,1550,1535.0,-15.0,0,0,,,,2015-12-24,Southwest Airlines Co.
Seattle,WA,Phoenix,AZ,820,815.0,-5.0,18.0,833.0,164,179.0,155.0,1107,1208.0,6.0,1204,1214.0,10.0,0,0,,,,2015-12-11,American Airlines Inc.
Dallas-Fort Worth,TX,Tulsa,OK,1325,1321.0,-4.0,10.0,1331.0,61,57.0,41.0,237,1412.0,6.0,1426,1418.0,-8.0,0,0,,,,2015-2-18,American Airlines Inc.
Tampa,FL,Windsor Locks,CT,2100,2055.0,-5.0,15.0,2110.0,165,173.0,152.0,1111,2342.0,6.0,2345,2348.0,3.0,0,0,,,,2015-8-8,Southwest Airlines Co.
Denver,CO,Oklahoma City,OK,1628,1619.0,-9.0,15.0,1634.0,94,87.0,66.0,495,1840.0,6.0,1902,1846.0,-16.0,0,0,,,,2015-8-20,Skywest Airlines Inc.
Los Angeles,CA,Las Vegas,NV,1455,1511.0,16.0,10.0,1521.0,65,55.0,40.0,236,1601.0,5.0,1600,1606.0,6.0,0,0,,,,2015-6-10,Southwest Airlines Co.
Detroit,MI,Allentown,PA,1412,1404.0,-8.0,17.0,1421.0,93,82.0,62.0,425,1523.0,3.0,1545,1526.0,-19.0,0,0,,,,2015-7-20,Atlantic Southeast Airlines
Los Angeles,CA,Las Vegas,NV,2115,2109.0,-6.0,10.0,2119.0,72,63.0,46.0,236,2205.0,7.0,2227,2212.0,-15.0,0,0,,,,2015-9-1,Delta Air Lines Inc.
Detroit,MI,Greensboro,NC,1519,1516.0,-3.0,12.0,1528.0,96,87.0,72.0,460,1640.0,3.0,1655,1643.0,-12.0,0,0,,,,2015-6-16,Atlantic Southeast Airlines
Detroit,MI,Madison,WI,1539,1536.0,-3.0,18.0,1554.0,78,80.0,58.0,311,1552.0,4.0,1557,1556.0,-1.0,0,0,,,,2015-12-25,Delta Air Lines Inc.
Detroit,MI,Orlando,FL,1952,1951.0,-1.0,14.0,2005.0,154,143.0,120.0,957,2205.0,9.0,2226,2214.0,-12.0,0,0,,,,2015-4-24,Delta Air Lines Inc.
Detroit,MI,West Palm Beach,FL,1215,1211.0,-4.0,12.0,1223.0,165,156.0,134.0,1086,1437.0,10.0,1500,1447.0,-13.0,0,0,,,,2015-4-4,Delta Air Lines Inc.
Arlington,VA,Chicago,IL,1700,1713.0,13.0,31.0,1744.0,120,147.0,110.0,601,1834.0,6.0,1800,1840.0,40.0,0,0,27.0,0.0,0.0,2015-6-14,Southwest Airlines Co.
Dallas-Fort Worth,TX,Los Angeles,CA,1655,1720.0,25.0,22.0,1742.0,206,202.0,173.0,1235,1835.0,7.0,1821,1842.0,21.0,0,0,0.0,0.0,0.0,2015-11-22,Skywest Airlines Inc.
Atlanta,GA,Sioux Falls,SD,2002,2001.0,-1.0,12.0,2013.0,160,152.0,136.0,954,2129.0,4.0,2142,2133.0,-9.0,0,0,,,,2015-3-24,Atlantic Southeast Airlines
Spokane,WA,Las Vegas,NV,1130,1130.0,0.0,8.0,1138.0,135,126.0,112.0,806,1330.0,6.0,1345,1336.0,-9.0,0,0,,,,2015-11-5,Southwest Airlines Co.
Chicago,IL,San Diego,CA,715,709.0,-6.0,15.0,724.0,266,255.0,235.0,1723,919.0,5.0,941,924.0,-17.0,0,0,,,,2015-12-21,American Airlines Inc.
Dallas-Fort Worth,TX,Ft. Lauderdale,FL,1025,1018.0,-7.0,18.0,1036.0,179,168.0,145.0,1119,1401.0,5.0,1424,1406.0,-18.0,0,0,,,,2015-8-31,American Airlines Inc.
White Plains,NY,Atlanta,GA,1233,1231.0,-2.0,13.0,1244.0,142,148.0,129.0,780,1453.0,6.0,1455,1459.0,4.0,0,0,,,,2015-12-17,Atlantic Southeast Airlines
Philadelphia,PA,Denver,CO,755,755.0,0.0,15.0,810.0,255,223.0,200.0,1558,930.0,8.0,1010,938.0,-32.0,0,0,,,,2015-9-12,American Airlines Inc.
Denver,CO,Columbus,OH,1005,1008.0,3.0,16.0,1024.0,165,152.0,132.0,1154,1436.0,4.0,1450,1440.0,-10.0,0,0,,,,2015-6-23,Southwest Airlines Co.
Burbank,CA,Oakland,CA,2135,2135.0,0.0,8.0,2143.0,70,66.0,53.0,325,2236.0,5.0,2245,2241.0,-4.0,0,0,,,,2015-4-23,Southwest Airlines Co.
Chicago,IL,Philadelphia,PA,2205,2203.0,-2.0,15.0,2218.0,110,106.0,86.0,668,44.0,5.0,55,49.0,-6.0,0,0,,,,2015-9-13,Southwest Airlines Co.
Phoenix,AZ,Baltimore,MD,700,656.0,-4.0,11.0,707.0,265,266.0,250.0,1999,1417.0,5.0,1425,1422.0,-3.0,0,0,,,,2015-9-26,Southwest Airlines Co.
Dallas-Fort Worth,TX,Chicago,IL,707,1223.0,316.0,44.0,1307.0,142,156.0,104.0,802,1451.0,8.0,929,1459.0,330.0,0,0,14.0,0.0,0.0,2015-12-27,Skywest Airlines Inc.
Las Vegas,NV,Denver,CO,700,655.0,-5.0,22.0,717.0,110,117.0,90.0,628,947.0,5.0,950,952.0,2.0,0,0,,,,2015-4-27,Southwest Airlines Co.
Santa Ana,CA,San Francisco,CA,1640,1639.0,-1.0,15.0,1654.0,85,84.0,64.0,372,1758.0,5.0,1805,1803.0,-2.0,0,0,,,,2015-12-1,Southwest Airlines Co.
Dallas-Fort Worth,TX,Chantilly,VA,1350,1455.0,65.0,9.0,1504.0,182,156.0,142.0,1172,1826.0,5.0,1752,1831.0,39.0,0,0,0.0,0.0,0.0,2015-7-31,American Airlines Inc.
Las Vegas,NV,Omaha,NE,825,824.0,-1.0,17.0,841.0,160,149.0,129.0,1099,1250.0,3.0,1305,1253.0,-12.0,0,0,,,,2015-9-21,Southwest Airlines Co.
Tampa,FL,Nashville,TN,905,907.0,2.0,11.0,918.0,115,102.0,87.0,612,945.0,4.0,1000,949.0,-11.0,0,0,,,,2015-3-28,Southwest Airlines Co.
Houston,TX,Newark,NJ,630,633.0,3.0,12.0,645.0,210,182.0,165.0,1400,1030.0,5.0,1100,1035.0,-25.0,0,0,,,,2015-4-22,United Air Lines Inc.
Richmond,VA,Atlanta,GA,800,757.0,-3.0,20.0,817.0,104,98.0,72.0,481,929.0,6.0,944,935.0,-9.0,0,0,,,,2015-6-13,Delta Air Lines Inc.
San Diego,CA,New York,NY,1225,1229.0,4.0,12.0,1241.0,324,292.0,272.0,2446,2013.0,8.0,2049,2021.0,-28.0,0,0,,,,2015-11-3,Delta Air Lines Inc.
Las Vegas,NV,Los Angeles,CA,1435,1431.0,-4.0,19.0,1450.0,70,65.0,40.0,236,1530.0,6.0,1545,1536.0,-9.0,0,0,,,,2015-11-13,Southwest Airlines Co.
Nashville,TN,New Orleans,LA,1420,1435.0,15.0,9.0,1444.0,95,80.0,67.0,471,1551.0,4.0,1555,1555.0,0.0,0,0,,,,2015-2-20,Southwest Airlines Co.
Chicago,IL,Houston,TX,617,624.0,7.0,13.0,637.0,160,158.0,134.0,925,851.0,11.0,857,902.0,5.0,0,0,,,,2015-8-10,United Air Lines Inc.
Baltimore,MD,Dallas,TX,2035,2045.0,10.0,19.0,2104.0,200,184.0,159.0,1209,2243.0,6.0,2255,2249.0,-6.0,0,0,,,,2015-5-6,Southwest Airlines Co.
Chicago,IL,Atlanta,GA,1928,1920.0,-8.0,15.0,1935.0,119,101.0,80.0,591,2155.0,6.0,2227,2201.0,-26.0,0,0,,,,2015-7-22,Delta Air Lines Inc.
Dallas-Fort Worth,TX,Chicago,IL,1425,1417.0,-8.0,12.0,1429.0,144,126.0,103.0,802,1612.0,11.0,1649,1623.0,-26.0,0,0,,,,2015-5-21,Skywest Airlines Inc.
Chicago,IL,Knoxville,TN,1035,1036.0,1.0,16.0,1052.0,95,88.0,67.0,475,1259.0,5.0,1310,1304.0,-6.0,0,0,,,,2015-3-26,Atlantic Southeast Airlines
Phoenix,AZ,Monterey,CA,2000,1959.0,-1.0,17.0,2016.0,114,116.0,93.0,598,2149.0,6.0,2154,2155.0,1.0,0,0,,,,2015-8-1,Skywest Airlines Inc.
Orlando,FL,Denver,CO,1750,1747.0,-3.0,13.0,1800.0,240,226.0,205.0,1546,1925.0,8.0,1950,1933.0,-17.0,0,0,,,,2015-6-18,Southwest Airlines Co.
Chicago,IL,Traverse City,MI,815,825.0,10.0,12.0,837.0,67,72.0,35.0,224,1012.0,25.0,1022,1037.0,15.0,0,0,5.0,0.0,0.0,2015-6-4,Atlantic Southeast Airlines
Harlingen,TX,Houston,TX,526,524.0,-2.0,11.0,535.0,73,74.0,50.0,295,625.0,13.0,639,638.0,-1.0,0,0,,,,2015-7-13,Atlantic Southeast Airlines
Reno,NV,San Francisco,CA,1719,1756.0,37.0,15.0,1811.0,71,65.0,47.0,192,1858.0,3.0,1830,1901.0,31.0,0,0,0.0,0.0,0.0,2015-6-9,Skywest Airlines Inc.
Manchester,NH,Baltimore,MD,1425,1422.0,-3.0,9.0,1431.0,90,82.0,69.0,377,1540.0,4.0,1555,1544.0,-11.0,0,0,,,,2015-5-20,Southwest Airlines Co.
Baltimore,MD,Newark,NJ,1338,1330.0,-8.0,72.0,1442.0,72,117.0,38.0,169,1520.0,7.0,1450,1527.0,37.0,0,0,37.0,0.0,0.0,2015-3-2,Atlantic Southeast Airlines
Philadelphia,PA,Los Angeles,CA,2030,2042.0,12.0,21.0,2103.0,351,338.0,310.0,2402,2313.0,7.0,2321,2320.0,-1.0,0,0,,,,2015-7-10,American Airlines Inc.
San Jose,CA,Las Vegas,NV,1645,1646.0,1.0,9.0,1655.0,80,74.0,60.0,386,1755.0,5.0,1805,1800.0,-5.0,0,0,,,,2015-4-1,Southwest Airlines Co.
Omaha,NE,Houston,TX,550,549.0,-1.0,10.0,559.0,135,136.0,121.0,781,800.0,5.0,805,805.0,0.0,0,0,,,,2015-6-22,Skywest Airlines Inc.
Pittsburgh,PA,Philadelphia,PA,720,713.0,-7.0,46.0,759.0,89,115.0,64.0,268,903.0,5.0,849,908.0,19.0,0,0,19.0,0.0,0.0,2015-8-20,American Airlines Inc.
Phoenix,AZ,Chicago,IL,1855,2050.0,115.0,9.0,2059.0,195,189.0,175.0,1444,154.0,5.0,10,159.0,109.0,0,0,0.0,0.0,0.0,2015-8-25,Southwest Airlines Co.
Baltimore,MD,Islip,NY,1040,1045.0,5.0,14.0,1059.0,60,60.0,42.0,220,1141.0,4.0,1140,1145.0,5.0,0,0,,,,2015-1-17,Southwest Airlines Co.
Arlington,VA,Houston,TX,759,755.0,-4.0,13.0,808.0,186,172.0,154.0,1208,942.0,5.0,1005,947.0,-18.0,0,0,,,,2015-6-10,United Air Lines Inc.
Tampa,FL,Atlanta,GA,830,1559.0,449.0,13.0,1612.0,104,89.0,72.0,406,1724.0,4.0,1014,1728.0,434.0,0,0,0.0,0.0,0.0,2015-1-20,Delta Air Lines Inc.
Nashville,TN,Baltimore,MD,935,931.0,-4.0,10.0,941.0,95,105.0,88.0,587,1209.0,7.0,1210,1216.0,6.0,0,0,,,,2015-11-18,Southwest Airlines Co.
Atlanta,GA,Kansas City,MO,1620,1618.0,-2.0,14.0,1632.0,129,139.0,101.0,692,1713.0,24.0,1729,1737.0,8.0,0,0,,,,2015-6-28,Delta Air Lines Inc.
Denver,CO,Bozeman,MT,1427,1427.0,0.0,17.0,1444.0,108,113.0,92.0,524,1616.0,4.0,1615,1620.0,5.0,0,0,,,,2015-8-18,Skywest Airlines Inc.
Minneapolis,MN,Windsor Locks,CT,1411,1411.0,0.0,13.0,1424.0,149,139.0,120.0,1050,1724.0,6.0,1740,1730.0,-10.0,0,0,,,,2015-3-20,Delta Air Lines Inc.
Miami,FL,Los Angeles,CA,2100,2138.0,38.0,17.0,2155.0,349,317.0,293.0,2342,2348.0,7.0,2349,2355.0,6.0,0,0,,,,2015-5-29,American Airlines Inc.
Salt Lake City,UT,Pasco,WA,1130,1119.0,-11.0,18.0,1137.0,105,98.0,75.0,521,1152.0,5.0,1215,1157.0,-18.0,0,0,,,,2015-9-1,Skywest Airlines Inc.
Santa Ana,CA,San Jose,CA,1335,1331.0,-4.0,8.0,1339.0,70,64.0,51.0,342,1430.0,5.0,1445,1435.0,-10.0,0,0,,,,2015-6-26,Southwest Airlines Co.
Charlotte,NC,Orlando,FL,1120,1116.0,-4.0,16.0,1132.0,94,96.0,69.0,468,1241.0,11.0,1254,1252.0,-2.0,0,0,,,,2015-7-24,American Airlines Inc.
Dallas-Fort Worth,TX,Lawton,OK,855,851.0,-4.0,16.0,907.0,53,60.0,39.0,140,946.0,5.0,948,951.0,3.0,0,0,,,,2015-7-28,Atlantic Southeast Airlines
Minneapolis,MN,Windsor Locks,CT,1333,1327.0,-6.0,9.0,1336.0,145,166.0,153.0,1050,1709.0,4.0,1658,1713.0,15.0,0,0,15.0,0.0,0.0,2015-4-27,Delta Air Lines Inc.
Oakland,CA,Ontario,CA,600,556.0,-4.0,9.0,605.0,80,68.0,55.0,362,700.0,4.0,720,704.0,-16.0,0,0,,,,2015-1-15,Southwest Airlines Co.
New York,NY,Orlando,FL,815,812.0,-3.0,24.0,836.0,185,162.0,125.0,944,1041.0,13.0,1120,1054.0,-26.0,0,0,,,,2015-2-7,Delta Air Lines Inc.
New York,NY,Columbia,SC,940,934.0,-6.0,36.0,1010.0,141,134.0,95.0,617,1145.0,3.0,1201,1148.0,-13.0,0,0,,,,2015-7-17,Atlantic Southeast Airlines
Burbank,CA,San Francisco,CA,700,700.0,0.0,18.0,718.0,86,80.0,56.0,326,814.0,6.0,826,820.0,-6.0,0,0,,,,2015-3-30,Skywest Airlines Inc.
Miami,FL,Charlotte,NC,955,1025.0,30.0,21.0,1046.0,137,118.0,88.0,650,1214.0,9.0,1212,1223.0,11.0,0,0,,,,2015-12-6,American Airlines Inc.
Sacramento,CA,Burbank,CA,1540,1533.0,-7.0,8.0,1541.0,70,68.0,58.0,358,1639.0,2.0,1650,1641.0,-9.0,0,0,,,,2015-1-25,Southwest Airlines Co.
Portland,OR,Salt Lake City,UT,950,951.0,1.0,15.0,1006.0,110,103.0,81.0,630,1227.0,7.0,1240,1234.0,-6.0,0,0,,,,2015-2-20,Skywest Airlines Inc.
Nashville,TN,Arlington,VA,1740,,,,,100,,,562,,,2020,,,0,1,,,,2015-6-1,Southwest Airlines Co.
Houston,TX,Ontario,CA,1740,1830.0,50.0,23.0,1853.0,207,218.0,191.0,1334,2004.0,4.0,1907,2008.0,61.0,0,0,11.0,0.0,0.0,2015-4-12,Skywest Airlines Inc.
Phoenix,AZ,Houston,TX,505,504.0,-1.0,15.0,519.0,150,147.0,124.0,1009,923.0,8.0,935,931.0,-4.0,0,0,,,,2015-5-29,United Air Lines Inc.
Charlotte,NC,Detroit,MI,939,932.0,-7.0,18.0,950.0,111,102.0,81.0,500,1111.0,3.0,1130,1114.0,-16.0,0,0,,,,2015-8-14,Delta Air Lines Inc.
Los Angeles,CA,Phoenix,AZ,1737,1811.0,34.0,19.0,1830.0,84,82.0,57.0,370,1927.0,6.0,1901,1933.0,32.0,0,0,0.0,0.0,0.0,2015-5-13,Skywest Airlines Inc.
Cleveland,OH,Atlanta,GA,1110,1107.0,-3.0,13.0,1120.0,108,98.0,80.0,554,1240.0,5.0,1258,1245.0,-13.0,0,0,,,,2015-4-26,Delta Air Lines Inc.
Jackson,MS,Atlanta,GA,1844,,,,,91,,,341,,,2115,,,0,1,,,,2015-6-24,Delta Air Lines Inc.
Indianapolis,IN,Boston,MA,1600,1621.0,21.0,22.0,1643.0,125,124.0,94.0,818,1817.0,8.0,1805,1825.0,20.0,0,0,0.0,0.0,0.0,2015-12-31,Southwest Airlines Co.
Ft. Lauderdale,FL,Charlotte,NC,630,624.0,-6.0,12.0,636.0,116,110.0,93.0,632,809.0,5.0,826,814.0,-12.0,0,0,,,,2015-8-18,American Airlines Inc.
Louisville,KY,Phoenix,AZ,630,623.0,-7.0,8.0,631.0,235,206.0,193.0,1506,644.0,5.0,725,649.0,-36.0,0,0,,,,2015-4-30,Southwest Airlines Co.
Charlotte,NC,Providence,RI,2204,2203.0,-1.0,11.0,2214.0,106,103.0,88.0,683,2342.0,4.0,2350,2346.0,-4.0,0,0,,,,2015-12-21,American Airlines Inc.
Atlanta,GA,Orlando,FL,2200,2231.0,31.0,24.0,2255.0,86,86.0,56.0,404,2351.0,6.0,2326,2357.0,31.0,0,0,0.0,0.0,0.0,2015-8-21,Delta Air Lines Inc.
San Francisco,CA,Newark,NJ,921,921.0,0.0,13.0,934.0,339,326.0,301.0,2565,1735.0,12.0,1800,1747.0,-13.0,0,0,,,,2015-8-6,United Air Lines Inc.
Atlanta,GA,Charleston,SC,2307,2300.0,-7.0,18.0,2318.0,68,64.0,41.0,259,2359.0,5.0,15,4.0,-11.0,0,0,,,,2015-8-12,Delta Air Lines Inc.
Pasco,WA,Denver,CO,600,553.0,-7.0,17.0,610.0,140,155.0,129.0,852,919.0,9.0,920,928.0,8.0,0,0,,,,2015-9-18,Skywest Airlines Inc.
San Diego,CA,New York,NY,630,631.0,1.0,24.0,655.0,332,312.0,276.0,2446,1431.0,12.0,1502,1443.0,-19.0,0,0,,,,2015-9-19,Delta Air Lines Inc.
Denver,CO,Tucson,AZ,2156,2316.0,80.0,13.0,2329.0,122,110.0,90.0,639,59.0,7.0,2358,106.0,68.0,0,0,0.0,0.0,0.0,2015-2-5,Skywest Airlines Inc.
Charlotte Amalie,VI,Charlotte,NC,1650,1711.0,21.0,10.0,1721.0,227,214.0,192.0,1520,2033.0,12.0,2037,2045.0,8.0,0,0,,,,2015-9-13,American Airlines Inc.
Charleston,SC,Atlanta,GA,1900,1855.0,-5.0,13.0,1908.0,91,68.0,45.0,259,1953.0,10.0,2031,2003.0,-28.0,0,0,,,,2015-3-18,Delta Air Lines Inc.
Atlanta,GA,Lexington,KY,1617,1631.0,14.0,12.0,1643.0,78,62.0,46.0,304,1729.0,4.0,1735,1733.0,-2.0,0,0,,,,2015-5-12,Delta Air Lines Inc.
Miami,FL,Philadelphia,PA,600,553.0,-7.0,13.0,606.0,162,165.0,146.0,1013,832.0,6.0,842,838.0,-4.0,0,0,,,,2015-2-11,American Airlines Inc.
Sarasota,FL,Atlanta,GA,700,659.0,-1.0,12.0,711.0,94,93.0,72.0,444,823.0,9.0,834,832.0,-2.0,0,0,,,,2015-11-7,Delta Air Lines Inc.
Chicago,IL,Charleston,SC,1345,1341.0,-4.0,17.0,1358.0,134,140.0,106.0,760,1644.0,17.0,1659,1701.0,2.0,0,0,,,,2015-5-10,Atlantic Southeast Airlines
Phoenix,AZ,Las Vegas,NV,1115,1115.0,0.0,9.0,1124.0,65,57.0,41.0,255,1205.0,7.0,1220,1212.0,-8.0,0,0,,,,2015-9-8,Southwest Airlines Co.
Indianapolis,IN,Phoenix,AZ,1805,1906.0,61.0,11.0,1917.0,223,213.0,195.0,1488,1932.0,7.0,1848,1939.0,51.0,0,0,0.0,0.0,0.0,2015-8-9,American Airlines Inc.
San Juan,PR,Miami,FL,1440,1553.0,73.0,9.0,1602.0,166,154.0,130.0,1045,1812.0,15.0,1726,1827.0,61.0,0,0,0.0,0.0,0.0,2015-6-21,American Airlines Inc.
Chicago,IL,Santa Ana,CA,846,902.0,16.0,24.0,926.0,263,260.0,230.0,1726,1116.0,6.0,1109,1122.0,13.0,0,0,,,,2015-3-19,United Air Lines Inc.
Newark,NJ,Charlotte Amalie,VI,700,651.0,-9.0,15.0,706.0,250,211.0,191.0,1634,1017.0,5.0,1110,1022.0,-48.0,0,0,,,,2015-4-4,United Air Lines Inc.
Chantilly,VA,San Francisco,CA,600,557.0,-3.0,12.0,609.0,345,346.0,320.0,2419,829.0,14.0,845,843.0,-2.0,0,0,,,,2015-8-10,United Air Lines Inc.
Norfolk,VA,Atlanta,GA,700,704.0,4.0,16.0,720.0,108,99.0,76.0,516,836.0,7.0,848,843.0,-5.0,0,0,,,,2015-5-20,Delta Air Lines Inc.
Nashville,TN,Denver,CO,826,818.0,-8.0,19.0,837.0,187,204.0,179.0,1014,1036.0,6.0,1033,1042.0,9.0,0,0,,,,2015-9-11,Skywest Airlines Inc.
Orlando,FL,Covington,KY,1650,1630.0,-20.0,13.0,1643.0,129,125.0,108.0,757,1831.0,4.0,1859,1835.0,-24.0,0,0,,,,2015-1-31,Delta Air Lines Inc.
Salt Lake City,UT,Phoenix,AZ,835,834.0,-1.0,48.0,922.0,101,141.0,87.0,507,1049.0,6.0,1016,1055.0,39.0,0,0,39.0,0.0,0.0,2015-12-11,Delta Air Lines Inc.
St Louis,MO,Orlando,FL,2150,2145.0,-5.0,6.0,2151.0,125,119.0,108.0,882,39.0,5.0,55,44.0,-11.0,0,0,,,,2015-3-21,Southwest Airlines Co.
Atlanta,GA,Jacksonville,FL,940,938.0,-2.0,22.0,1000.0,66,65.0,40.0,270,1040.0,3.0,1046,1043.0,-3.0,0,0,,,,2015-1-10,Delta Air Lines Inc.
Chicago,IL,Phoenix,AZ,1725,1730.0,5.0,12.0,1742.0,220,220.0,201.0,1444,1903.0,7.0,1905,1910.0,5.0,0,0,,,,2015-6-24,Southwest Airlines Co.
Nashville,TN,Chicago,IL,1215,1348.0,93.0,12.0,1400.0,85,94.0,78.0,395,1518.0,4.0,1340,1522.0,102.0,0,0,9.0,0.0,0.0,2015-11-17,Southwest Airlines Co.
Minneapolis,MN,Orlando,FL,1930,1922.0,-8.0,26.0,1948.0,191,195.0,164.0,1310,2332.0,5.0,2341,2337.0,-4.0,0,0,,,,2015-12-14,Delta Air Lines Inc.
Houston,TX,Dallas,TX,1900,1931.0,31.0,10.0,1941.0,60,57.0,41.0,239,2022.0,6.0,2000,2028.0,28.0,0,0,0.0,0.0,0.0,2015-2-23,Southwest Airlines Co.
Denver,CO,Miami,FL,1030,1029.0,-1.0,24.0,1053.0,227,235.0,195.0,1709,1608.0,16.0,1617,1624.0,7.0,0,0,,,,2015-1-30,American Airlines Inc.
Houston,TX,New York,NY,1544,1545.0,1.0,19.0,1604.0,210,203.0,175.0,1416,1959.0,9.0,2014,2008.0,-6.0,0,0,,,,2015-12-10,United Air Lines Inc.
San Francisco,CA,Dallas-Fort Worth,TX,1720,1715.0,-5.0,11.0,1726.0,196,205.0,188.0,1464,2234.0,6.0,2236,2240.0,4.0,0,0,,,,2015-3-15,American Airlines Inc.
Houston,TX,New York,NY,1305,1353.0,48.0,37.0,1430.0,204,214.0,169.0,1416,1819.0,8.0,1729,1827.0,58.0,0,0,36.0,0.0,0.0,2015-1-6,United Air Lines Inc.
Bozeman,MT,Minneapolis,MN,1105,1111.0,6.0,10.0,1121.0,132,132.0,118.0,874,1419.0,4.0,1417,1423.0,6.0,0,0,,,,2015-8-18,Delta Air Lines Inc.
Baltimore,MD,San Antonio,TX,1410,1424.0,14.0,9.0,1433.0,235,207.0,195.0,1407,1648.0,3.0,1705,1651.0,-14.0,0,0,,,,2015-3-15,Southwest Airlines Co.
Cleveland,OH,Chicago,IL,750,921.0,91.0,14.0,935.0,85,67.0,49.0,315,924.0,4.0,815,928.0,73.0,0,0,0.0,0.0,0.0,2015-8-9,United Air Lines Inc.
Las Vegas,NV,San Antonio,TX,1225,1226.0,1.0,10.0,1236.0,150,146.0,133.0,1069,1649.0,3.0,1655,1652.0,-3.0,0,0,,,,2015-6-2,Southwest Airlines Co.
Islip,NY,Orlando,FL,1425,1429.0,4.0,12.0,1441.0,165,169.0,147.0,971,1708.0,10.0,1710,1718.0,8.0,0,0,,,,2015-8-12,Southwest Airlines Co.
New York,NY,Houston,TX,1024,1019.0,-5.0,15.0,1034.0,236,203.0,176.0,1416,1230.0,12.0,1320,1242.0,-38.0,0,0,,,,2015-8-14,United Air Lines Inc.
San Francisco,CA,Denver,CO,1940,1936.0,-4.0,18.0,1954.0,142,150.0,126.0,967,2300.0,6.0,2302,2306.0,4.0,0,0,,,,2015-3-19,United Air Lines Inc.
San Jose,CA,Los Angeles,CA,1720,,,,,75,,,308,,,1835,,,0,1,,,,2015-1-12,Southwest Airlines Co.
Honolulu,HI,New York,NY,1740,1741.0,1.0,19.0,1800.0,585,566.0,529.0,4983,749.0,18.0,825,807.0,-18.0,0,0,,,,2015-12-28,Delta Air Lines Inc.
Sacramento,CA,Seattle,WA,520,517.0,-3.0,9.0,526.0,110,109.0,92.0,605,658.0,8.0,710,706.0,-4.0,0,0,,,,2015-5-8,Southwest Airlines Co.
Memphis,TN,Houston,TX,610,610.0,0.0,11.0,621.0,107,95.0,75.0,468,736.0,9.0,757,745.0,-12.0,0,0,,,,2015-5-11,Skywest Airlines Inc.
Omaha,NE,Chicago,IL,1030,1029.0,-1.0,11.0,1040.0,85,82.0,66.0,423,1146.0,5.0,1155,1151.0,-4.0,0,0,,,,2015-3-12,Southwest Airlines Co.
Portland,OR,Phoenix,AZ,2020,2115.0,55.0,9.0,2124.0,157,147.0,134.0,1009,2338.0,4.0,2257,2342.0,45.0,0,0,0.0,0.0,0.0,2015-7-13,American Airlines Inc.
Orlando,FL,Atlanta,GA,820,820.0,0.0,13.0,833.0,100,86.0,61.0,404,934.0,12.0,1000,946.0,-14.0,0,0,,,,2015-7-12,Delta Air Lines Inc.
Atlanta,GA,Chattanooga,TN,1546,1543.0,-3.0,17.0,1600.0,50,43.0,24.0,106,1624.0,2.0,1636,1626.0,-10.0,0,0,,,,2015-1-7,Delta Air Lines Inc.
Dallas-Fort Worth,TX,Kahului,HI,905,930.0,25.0,14.0,944.0,502,491.0,473.0,3711,1237.0,4.0,1227,1241.0,14.0,0,0,,,,2015-5-3,American Airlines Inc.
San Diego,CA,Denver,CO,840,837.0,-3.0,12.0,849.0,135,138.0,119.0,853,1148.0,7.0,1155,1155.0,0.0,0,0,,,,2015-6-18,Southwest Airlines Co.
Minneapolis,MN,Green Bay,WI,1322,1318.0,-4.0,16.0,1334.0,70,61.0,41.0,252,1415.0,4.0,1432,1419.0,-13.0,0,0,,,,2015-12-19,Skywest Airlines Inc.
Atlanta,GA,Windsor Locks,CT,725,722.0,-3.0,14.0,736.0,132,133.0,115.0,859,931.0,4.0,937,935.0,-2.0,0,0,,,,2015-2-13,Delta Air Lines Inc.
Orlando,FL,Raleigh,NC,1510,1510.0,0.0,13.0,1523.0,100,97.0,79.0,534,1642.0,5.0,1650,1647.0,-3.0,0,0,,,,2015-4-22,Southwest Airlines Co.
Manchester,NH,New York,NY,600,552.0,-8.0,16.0,608.0,77,65.0,42.0,195,650.0,7.0,717,657.0,-20.0,0,0,,,,2015-1-23,Atlantic Southeast Airlines
Phoenix,AZ,Seattle,WA,1045,1039.0,-6.0,9.0,1048.0,195,172.0,151.0,1107,1219.0,12.0,1300,1231.0,-29.0,0,0,,,,2015-1-25,Southwest Airlines Co.
McAllen,TX,Houston,TX,1621,1822.0,121.0,11.0,1833.0,73,65.0,47.0,316,1920.0,7.0,1734,1927.0,113.0,0,0,0.0,0.0,0.0,2015-5-24,Atlantic Southeast Airlines
Saginaw,MI,Chicago,IL,1956,1947.0,-9.0,10.0,1957.0,74,75.0,49.0,222,1946.0,16.0,2010,2002.0,-8.0,0,0,,,,2015-9-24,Skywest Airlines Inc.
Chicago,IL,Houston,TX,1220,1216.0,-4.0,12.0,1228.0,163,149.0,126.0,925,1434.0,11.0,1503,1445.0,-18.0,0,0,,,,2015-9-17,United Air Lines Inc.
St George,UT,Salt Lake City,UT,637,624.0,-13.0,20.0,644.0,68,72.0,45.0,272,729.0,7.0,745,736.0,-9.0,0,0,,,,2015-1-19,Skywest Airlines Inc.
Atlanta,GA,Sarasota,FL,1834,1945.0,71.0,37.0,2022.0,97,107.0,64.0,444,2126.0,6.0,2011,2132.0,81.0,0,0,10.0,0.0,0.0,2015-7-30,Delta Air Lines Inc.
Chicago,IL,Boston,MA,2056,2050.0,-6.0,23.0,2113.0,139,127.0,100.0,867,2353.0,4.0,15,2357.0,-18.0,0,0,,,,2015-5-13,United Air Lines Inc.
San Jose,CA,Portland,OR,2000,2000.0,0.0,10.0,2010.0,105,104.0,90.0,569,2140.0,4.0,2145,2144.0,-1.0,0,0,,,,2015-12-19,Southwest Airlines Co.
Gulfport-Biloxi,MS,Houston,TX,1854,1853.0,-1.0,11.0,1904.0,91,81.0,65.0,376,2009.0,5.0,2025,2014.0,-11.0,0,0,,,,2015-2-11,Atlantic Southeast Airlines
New York,NY,Tampa,FL,1910,1944.0,34.0,57.0,2041.0,192,206.0,146.0,1005,2307.0,3.0,2222,2310.0,48.0,0,0,48.0,0.0,0.0,2015-6-30,Delta Air Lines Inc.
Tampa,FL,St Louis,MO,1955,1952.0,-3.0,10.0,2002.0,140,127.0,112.0,869,2054.0,5.0,2115,2059.0,-16.0,0,0,,,,2015-4-13,Southwest Airlines Co.
Minneapolis,MN,St Louis,MO,1500,1801.0,181.0,42.0,1843.0,89,112.0,66.0,448,1949.0,4.0,1629,1953.0,204.0,0,0,23.0,0.0,0.0,2015-12-1,Delta Air Lines Inc.
San Jose,CA,Salt Lake City,UT,615,613.0,-2.0,18.0,631.0,110,108.0,85.0,584,856.0,5.0,905,901.0,-4.0,0,0,,,,2015-5-4,Delta Air Lines Inc.
Phoenix,AZ,Detroit,MI,1528,1519.0,-9.0,12.0,1531.0,227,212.0,190.0,1671,2041.0,10.0,2115,2051.0,-24.0,0,0,,,,2015-1-19,Delta Air Lines Inc.
Atlanta,GA,Philadelphia,PA,1506,1503.0,-3.0,25.0,1528.0,127,129.0,98.0,666,1706.0,6.0,1713,1712.0,-1.0,0,0,,,,2015-1-11,Delta Air Lines Inc.
St Louis,MO,Atlanta,GA,600,559.0,-1.0,11.0,610.0,95,91.0,69.0,484,819.0,11.0,835,830.0,-5.0,0,0,,,,2015-6-9,Delta Air Lines Inc.
Houston,TX,Atlanta,GA,1804,1801.0,-3.0,17.0,1818.0,121,130.0,92.0,689,2050.0,21.0,2105,2111.0,6.0,0,0,,,,2015-4-6,Delta Air Lines Inc.
Newark,NJ,Los Angeles,CA,1603,1619.0,16.0,11.0,1630.0,374,332.0,313.0,2454,1843.0,8.0,1917,1851.0,-26.0,0,0,,,,2015-7-1,United Air Lines Inc.
Dallas-Fort Worth,TX,Atlanta,GA,2020,2212.0,112.0,17.0,2229.0,137,125.0,97.0,731,106.0,11.0,2337,117.0,100.0,0,0,0.0,0.0,0.0,2015-5-23,American Airlines Inc.
Los Angeles,CA,San Francisco,CA,1030,1048.0,18.0,32.0,1120.0,83,110.0,74.0,337,1234.0,4.0,1153,1238.0,45.0,0,0,45.0,0.0,0.0,2015-1-11,American Airlines Inc.
Billings,MT,Minneapolis,MN,600,557.0,-3.0,10.0,607.0,114,107.0,94.0,748,841.0,3.0,854,844.0,-10.0,0,0,,,,2015-7-8,Delta Air Lines Inc.
New York,NY,Phoenix,AZ,1630,1629.0,-1.0,41.0,1710.0,343,354.0,309.0,2153,2019.0,4.0,2013,2023.0,10.0,0,0,,,,2015-12-18,American Airlines Inc.
Milwaukee,WI,Chicago,IL,1151,1143.0,-8.0,14.0,1157.0,54,53.0,24.0,67,1221.0,15.0,1245,1236.0,-9.0,0,0,,,,2015-5-26,Skywest Airlines Inc.
New York,NY,Los Angeles,CA,1730,,,,,394,,,2475,,,2104,,,0,1,,,,2015-3-1,American Airlines Inc.
Salt Lake City,UT,Phoenix,AZ,2135,2159.0,24.0,32.0,2231.0,95,102.0,66.0,507,2337.0,4.0,2310,2341.0,31.0,0,0,7.0,0.0,0.0,2015-12-16,Southwest Airlines Co.
New York,NY,San Juan,PR,1945,1943.0,-2.0,36.0,2019.0,242,240.0,197.0,1598,36.0,7.0,47,43.0,-4.0,0,0,,,,2015-12-14,American Airlines Inc.
Windsor Locks,CT,Newark,NJ,955,944.0,-11.0,8.0,952.0,56,50.0,32.0,116,1024.0,10.0,1051,1034.0,-17.0,0,0,,,,2015-4-5,Atlantic Southeast Airlines
Portland,OR,Sacramento,CA,1305,1303.0,-2.0,7.0,1310.0,85,80.0,70.0,479,1420.0,3.0,1430,1423.0,-7.0,0,0,,,,2015-9-15,Southwest Airlines Co.
Ft. Lauderdale,FL,Dallas-Fort Worth,TX,1200,1156.0,-4.0,14.0,1210.0,201,173.0,151.0,1119,1341.0,8.0,1421,1349.0,-32.0,0,0,,,,2015-5-16,American Airlines Inc.
Albany,NY,Detroit,MI,603,603.0,0.0,6.0,609.0,105,105.0,88.0,489,737.0,11.0,748,748.0,0.0,0,0,,,,2015-7-9,Atlantic Southeast Airlines
Miami,FL,Newark,NJ,1235,1230.0,-5.0,14.0,1244.0,179,171.0,150.0,1085,1514.0,7.0,1534,1521.0,-13.0,0,0,,,,2015-12-15,United Air Lines Inc.
New Orleans,LA,Dallas,TX,1230,1314.0,44.0,38.0,1352.0,85,111.0,68.0,436,1500.0,5.0,1355,1505.0,70.0,0,0,26.0,0.0,44.0,2015-4-25,Southwest Airlines Co.
Arlington,VA,Salt Lake City,UT,715,715.0,0.0,23.0,738.0,299,305.0,273.0,1851,1011.0,9.0,1014,1020.0,6.0,0,0,,,,2015-1-4,Delta Air Lines Inc.
San Francisco,CA,Honolulu,HI,1125,1324.0,119.0,18.0,1342.0,322,330.0,298.0,2398,1540.0,14.0,1347,1554.0,127.0,0,0,8.0,0.0,0.0,2015-5-27,United Air Lines Inc.
Jacksonville,NC,Atlanta,GA,600,658.0,58.0,18.0,716.0,94,101.0,67.0,399,823.0,16.0,734,839.0,65.0,0,0,7.0,0.0,0.0,2015-3-2,Atlantic Southeast Airlines
Dayton,OH,Chicago,IL,753,804.0,11.0,10.0,814.0,74,62.0,47.0,240,801.0,5.0,807,806.0,-1.0,0,0,,,,2015-8-2,Atlantic Southeast Airlines
Chicago,IL,Charlottesville,VA,820,828.0,8.0,17.0,845.0,115,105.0,83.0,567,1108.0,5.0,1115,1113.0,-2.0,0,0,,,,2015-6-28,Skywest Airlines Inc.
Austin,TX,New Orleans,LA,1220,1221.0,1.0,12.0,1233.0,75,74.0,59.0,444,1332.0,3.0,1335,1335.0,0.0,0,0,,,,2015-2-20,Southwest Airlines Co.
Denver,CO,Ft. Myers,FL,1205,1216.0,11.0,12.0,1228.0,215,201.0,179.0,1607,1727.0,10.0,1740,1737.0,-3.0,0,0,,,,2015-3-7,Southwest Airlines Co.
St Louis,MO,Tampa,FL,1440,1453.0,13.0,13.0,1506.0,130,131.0,114.0,869,1800.0,4.0,1750,1804.0,14.0,0,0,,,,2015-6-20,Southwest Airlines Co.
Philadelphia,PA,Atlanta,GA,630,629.0,-1.0,23.0,652.0,135,148.0,97.0,666,829.0,28.0,845,857.0,12.0,0,0,,,,2015-4-9,Southwest Airlines Co.
Philadelphia,PA,Chicago,IL,1235,1238.0,3.0,10.0,1248.0,135,145.0,130.0,668,1358.0,5.0,1350,1403.0,13.0,0,0,,,,2015-3-4,Southwest Airlines Co.
Lexington,KY,Detroit,MI,625,634.0,9.0,8.0,642.0,79,71.0,57.0,296,739.0,6.0,744,745.0,1.0,0,0,,,,2015-6-22,Atlantic Southeast Airlines
Orlando,FL,Chicago,IL,1240,1242.0,2.0,13.0,1255.0,180,169.0,150.0,1005,1425.0,6.0,1440,1431.0,-9.0,0,0,,,,2015-3-1,United Air Lines Inc.
Atlanta,GA,Indianapolis,IN,1355,1352.0,-3.0,16.0,1408.0,90,89.0,66.0,432,1514.0,7.0,1525,1521.0,-4.0,0,0,,,,2015-9-17,Southwest Airlines Co.
New Orleans,LA,Houston,TX,1455,,,,,75,,,302,,,1610,,,0,1,,,,2015-8-19,Southwest Airlines Co.
Las Vegas,NV,San Francisco,CA,1435,1434.0,-1.0,11.0,1445.0,90,78.0,62.0,414,1547.0,5.0,1605,1552.0,-13.0,0,0,,,,2015-11-3,Southwest Airlines Co.
Fresno,CA,Los Angeles,CA,750,853.0,63.0,9.0,902.0,77,61.0,44.0,209,946.0,8.0,907,954.0,47.0,0,0,47.0,0.0,0.0,2015-9-26,Skywest Airlines Inc.
Ft. Lauderdale,FL,Arlington,VA,700,656.0,-4.0,11.0,707.0,149,143.0,126.0,899,913.0,6.0,929,919.0,-10.0,0,0,,,,2015-8-24,American Airlines Inc.
Houston,TX,Ft. Lauderdale,FL,717,710.0,-7.0,13.0,723.0,154,152.0,134.0,966,1037.0,5.0,1051,1042.0,-9.0,0,0,,,,2015-9-29,United Air Lines Inc.
Denver,CO,Santa Ana,CA,2100,2059.0,-1.0,10.0,2109.0,145,131.0,117.0,846,2206.0,4.0,2225,2210.0,-15.0,0,0,,,,2015-2-24,Southwest Airlines Co.
Madison,WI,Minneapolis,MN,1710,1710.0,0.0,20.0,1730.0,77,74.0,49.0,228,1819.0,5.0,1827,1824.0,-3.0,0,0,,,,2015-2-2,Delta Air Lines Inc.
New York,NY,Greensboro,NC,1605,1558.0,-7.0,33.0,1631.0,106,101.0,65.0,461,1736.0,3.0,1751,1739.0,-12.0,0,0,,,,2015-7-25,Atlantic Southeast Airlines
Miami,FL,St Louis,MO,2005,2045.0,40.0,20.0,2105.0,171,164.0,140.0,1068,2225.0,4.0,2156,2229.0,33.0,0,0,0.0,0.0,0.0,2015-6-7,American Airlines Inc.
Los Angeles,CA,Denver,CO,1056,1059.0,3.0,12.0,1111.0,141,126.0,107.0,862,1358.0,7.0,1417,1405.0,-12.0,0,0,,,,2015-2-7,United Air Lines Inc.
Chicago,IL,St Louis,MO,1100,1112.0,12.0,28.0,1140.0,65,76.0,44.0,251,1224.0,4.0,1205,1228.0,23.0,0,0,11.0,0.0,0.0,2015-2-9,Southwest Airlines Co.
Milwaukee,WI,Minneapolis,MN,1712,1712.0,0.0,17.0,1729.0,74,73.0,50.0,297,1819.0,6.0,1826,1825.0,-1.0,0,0,,,,2015-8-30,Delta Air Lines Inc.
Alexandria,LA,Atlanta,GA,1323,1314.0,-9.0,14.0,1328.0,97,84.0,66.0,500,1534.0,4.0,1600,1538.0,-22.0,0,0,,,,2015-1-22,Atlantic Southeast Airlines
San Diego,CA,Kansas City,MO,805,807.0,2.0,12.0,819.0,180,179.0,162.0,1334,1301.0,5.0,1305,1306.0,1.0,0,0,,,,2015-5-14,Southwest Airlines Co.
Denver,CO,Madison,WI,1529,1528.0,-1.0,12.0,1540.0,133,127.0,108.0,826,1828.0,7.0,1842,1835.0,-7.0,0,0,,,,2015-5-26,Atlantic Southeast Airlines
Daytona Beach,FL,Atlanta,GA,1402,1357.0,-5.0,17.0,1414.0,93,90.0,58.0,366,1512.0,15.0,1535,1527.0,-8.0,0,0,,,,2015-12-20,Delta Air Lines Inc.
Chicago,IL,Tulsa,OK,1318,,,,,121,,,585,,,1519,,,0,1,,,,2015-11-18,Atlantic Southeast Airlines
Minneapolis,MN,Denver,CO,1639,1634.0,-5.0,14.0,1648.0,131,112.0,92.0,680,1720.0,6.0,1750,1726.0,-24.0,0,0,,,,2015-8-25,United Air Lines Inc.
Los Angeles,CA,Arlington,VA,820,818.0,-2.0,20.0,838.0,289,295.0,272.0,2311,1610.0,3.0,1609,1613.0,4.0,0,0,,,,2015-1-12,American Airlines Inc.
Denver,CO,Dallas-Fort Worth,TX,1110,1109.0,-1.0,10.0,1119.0,116,103.0,87.0,641,1346.0,6.0,1406,1352.0,-14.0,0,0,,,,2015-6-10,American Airlines Inc.
Eugene,OR,San Francisco,CA,1253,1354.0,61.0,11.0,1405.0,100,93.0,69.0,451,1514.0,13.0,1433,1527.0,54.0,0,0,0.0,0.0,0.0,2015-7-14,Skywest Airlines Inc.
Denver,CO,Birmingham,AL,1045,1045.0,0.0,10.0,1055.0,170,154.0,132.0,1083,1407.0,12.0,1435,1419.0,-16.0,0,0,,,,2015-6-25,Atlantic Southeast Airlines
Salt Lake City,UT,Seattle,WA,2005,2005.0,0.0,14.0,2019.0,122,112.0,94.0,689,2053.0,4.0,2107,2057.0,-10.0,0,0,,,,2015-5-28,Delta Air Lines Inc.
Chicago,IL,Minneapolis,MN,1258,1305.0,7.0,15.0,1320.0,85,76.0,58.0,349,1418.0,3.0,1423,1421.0,-2.0,0,0,,,,2015-8-29,Skywest Airlines Inc.
San Juan,PR,Dallas-Fort Worth,TX,1435,1446.0,11.0,19.0,1505.0,329,315.0,288.0,2165,1753.0,8.0,1804,1801.0,-3.0,0,0,,,,2015-11-6,American Airlines Inc.
Phoenix,AZ,Denver,CO,1151,1144.0,-7.0,11.0,1155.0,109,93.0,77.0,602,1412.0,5.0,1440,1417.0,-23.0,0,0,,,,2015-9-6,United Air Lines Inc.
Dallas-Fort Worth,TX,Seattle,WA,1855,1901.0,6.0,23.0,1924.0,262,261.0,230.0,1660,2114.0,8.0,2117,2122.0,5.0,0,0,,,,2015-9-16,American Airlines Inc.
Cleveland,OH,New York,NY,840,832.0,-8.0,16.0,848.0,102,88.0,65.0,419,953.0,7.0,1022,1000.0,-22.0,0,0,,,,2015-1-16,Atlantic Southeast Airlines
Denver,CO,Chantilly,VA,1252,1338.0,46.0,27.0,1405.0,206,210.0,178.0,1452,1903.0,5.0,1818,1908.0,50.0,0,0,50.0,0.0,0.0,2015-7-18,United Air Lines Inc.
Dallas-Fort Worth,TX,Memphis,TN,1700,1700.0,0.0,18.0,1718.0,97,94.0,66.0,431,1824.0,10.0,1837,1834.0,-3.0,0,0,,,,2015-5-1,American Airlines Inc.
Houston,TX,Lake Charles,LA,1250,1247.0,-3.0,17.0,1304.0,50,49.0,26.0,127,1330.0,6.0,1340,1336.0,-4.0,0,0,,,,2015-1-5,Atlantic Southeast Airlines
Baltimore,MD,Dallas-Fort Worth,TX,1030,1031.0,1.0,13.0,1044.0,210,220.0,198.0,1217,1302.0,9.0,1300,1311.0,11.0,0,0,,,,2015-11-1,American Airlines Inc.
New York,NY,West Palm Beach,FL,800,759.0,-1.0,34.0,833.0,180,193.0,153.0,1035,1106.0,6.0,1100,1112.0,12.0,0,0,,,,2015-5-6,Delta Air Lines Inc.
Atlanta,GA,New Orleans,LA,806,804.0,-2.0,8.0,812.0,94,84.0,72.0,425,824.0,4.0,840,828.0,-12.0,0,0,,,,2015-3-24,Delta Air Lines Inc.
Dallas-Fort Worth,TX,Albuquerque,NM,2155,2147.0,-8.0,14.0,2201.0,110,101.0,79.0,569,2220.0,8.0,2245,2228.0,-17.0,0,0,,,,2015-8-15,American Airlines Inc.
Orlando,FL,Detroit,MI,1818,1821.0,3.0,13.0,1834.0,160,147.0,126.0,957,2040.0,8.0,2058,2048.0,-10.0,0,0,,,,2015-8-27,Delta Air Lines Inc.
Dallas,TX,Phoenix,AZ,1020,1018.0,-2.0,10.0,1028.0,160,162.0,146.0,879,1154.0,6.0,1200,1200.0,0.0,0,0,,,,2015-11-5,Southwest Airlines Co.
New York,NY,Los Angeles,CA,1629,1622.0,-7.0,29.0,1651.0,378,360.0,313.0,2475,1904.0,18.0,1947,1922.0,-25.0,0,0,,,,2015-5-24,American Airlines Inc.
Minneapolis,MN,Great Falls,MT,1925,1948.0,23.0,25.0,2013.0,155,150.0,119.0,887,2112.0,6.0,2100,2118.0,18.0,0,0,0.0,0.0,0.0,2015-8-29,Skywest Airlines Inc.
Atlanta,GA,Charlotte,NC,1345,1354.0,9.0,18.0,1412.0,80,75.0,44.0,226,1456.0,13.0,1505,1509.0,4.0,0,0,,,,2015-6-19,Delta Air Lines Inc.
Boise,ID,Denver,CO,1530,1525.0,-5.0,7.0,1532.0,110,103.0,91.0,649,1703.0,5.0,1720,1708.0,-12.0,0,0,,,,2015-4-8,Southwest Airlines Co.
Chicago,IL,Las Vegas,NV,1150,1156.0,6.0,15.0,1211.0,230,229.0,208.0,1521,1339.0,6.0,1340,1345.0,5.0,0,0,,,,2015-5-4,Southwest Airlines Co.
Appleton,WI,Chicago,IL,1345,1350.0,5.0,12.0,1402.0,65,57.0,37.0,160,1439.0,8.0,1450,1447.0,-3.0,0,0,,,,2015-3-13,Atlantic Southeast Airlines
Chicago,IL,Rochester,NY,1340,1410.0,30.0,11.0,1421.0,95,88.0,68.0,523,1629.0,9.0,1615,1638.0,23.0,0,0,0.0,0.0,0.0,2015-6-8,Southwest Airlines Co.
Tampa,FL,Chicago,IL,1406,1406.0,0.0,15.0,1421.0,173,159.0,132.0,1012,1533.0,12.0,1559,1545.0,-14.0,0,0,,,,2015-9-16,American Airlines Inc.
Islip,NY,Baltimore,MD,955,949.0,-6.0,8.0,957.0,70,63.0,51.0,220,1048.0,4.0,1105,1052.0,-13.0,0,0,,,,2015-6-16,Southwest Airlines Co.
Albuquerque,NM,Dallas-Fort Worth,TX,1625,1652.0,27.0,14.0,1706.0,103,96.0,74.0,569,1920.0,8.0,1908,1928.0,20.0,0,0,0.0,0.0,0.0,2015-11-2,American Airlines Inc.
Yuma,AZ,Phoenix,AZ,1155,1141.0,-14.0,17.0,1158.0,53,62.0,35.0,160,1233.0,10.0,1248,1243.0,-5.0,0,0,,,,2015-9-10,Skywest Airlines Inc.
Phoenix,AZ,Tampa,FL,1510,1503.0,-7.0,10.0,1513.0,241,237.0,222.0,1788,2155.0,5.0,2211,2200.0,-11.0,0,0,,,,2015-9-6,American Airlines Inc.
Arlington,VA,Atlanta,GA,2055,,,,,115,,,547,,,2250,,,0,1,,,,2015-6-30,Southwest Airlines Co.
San Jose,CA,Los Angeles,CA,1432,1427.0,-5.0,14.0,1441.0,83,78.0,47.0,308,1528.0,17.0,1555,1545.0,-10.0,0,0,,,,2015-4-4,Skywest Airlines Inc.
Milwaukee,WI,Chicago,IL,1626,1621.0,-5.0,13.0,1634.0,53,51.0,24.0,67,1658.0,14.0,1719,1712.0,-7.0,0,0,,,,2015-6-16,Skywest Airlines Inc.
Birmingham,AL,Baltimore,MD,1740,1751.0,11.0,8.0,1759.0,110,,,682,2251.0,9.0,2030,2300.0,,1,0,,,,2015-2-16,Southwest Airlines Co.
Oklahoma City,OK,Houston,TX,1140,1139.0,-1.0,9.0,1148.0,80,78.0,66.0,419,1254.0,3.0,1300,1257.0,-3.0,0,0,,,,2015-3-16,Southwest Airlines Co.
Las Vegas,NV,Los Angeles,CA,605,559.0,-6.0,21.0,620.0,77,71.0,46.0,236,706.0,4.0,722,710.0,-12.0,0,0,,,,2015-4-3,Skywest Airlines Inc.
Seattle,WA,Boise,ID,2140,,,,,79,,,399,,,2359,,,0,1,,,,2015-12-26,Skywest Airlines Inc.
Minneapolis,MN,Denver,CO,2030,2144.0,74.0,21.0,2205.0,125,152.0,111.0,680,2256.0,20.0,2135,2316.0,101.0,0,0,27.0,0.0,59.0,2015-6-11,Southwest Airlines Co.
Tampa,FL,Baltimore,MD,755,749.0,-6.0,9.0,758.0,135,127.0,113.0,842,951.0,5.0,1010,956.0,-14.0,0,0,,,,2015-6-16,Southwest Airlines Co.
Miami,FL,Los Angeles,CA,1855,1908.0,13.0,16.0,1924.0,364,340.0,318.0,2342,2142.0,6.0,2159,2148.0,-11.0,0,0,,,,2015-1-11,American Airlines Inc.
Atlanta,GA,New Orleans,LA,1555,1557.0,2.0,10.0,1607.0,93,85.0,68.0,425,1615.0,7.0,1628,1622.0,-6.0,0,0,,,,2015-5-24,Delta Air Lines Inc.
Denver,CO,Las Vegas,NV,1835,1924.0,49.0,10.0,1934.0,115,100.0,86.0,628,2000.0,4.0,1930,2004.0,34.0,0,0,0.0,0.0,0.0,2015-5-23,Southwest Airlines Co.
San Francisco,CA,San Diego,CA,1555,1550.0,-5.0,7.0,1557.0,85,79.0,66.0,447,1703.0,6.0,1720,1709.0,-11.0,0,0,,,,2015-12-8,Southwest Airlines Co.
Denver,CO,Chicago,IL,1730,1800.0,30.0,12.0,1812.0,150,147.0,117.0,888,2109.0,18.0,2100,2127.0,27.0,0,0,0.0,0.0,0.0,2015-6-26,American Airlines Inc.
Phoenix,AZ,Omaha,NE,905,858.0,-7.0,19.0,917.0,163,163.0,135.0,1037,1332.0,9.0,1348,1341.0,-7.0,0,0,,,,2015-9-25,American Airlines Inc.
Dallas-Fort Worth,TX,St Louis,MO,1915,1911.0,-4.0,13.0,1924.0,94,95.0,79.0,550,2043.0,3.0,2049,2046.0,-3.0,0,0,,,,2015-1-18,American Airlines Inc.
Burbank,CA,Sacramento,CA,1120,1117.0,-3.0,11.0,1128.0,75,68.0,53.0,358,1221.0,4.0,1235,1225.0,-10.0,0,0,,,,2015-1-29,Southwest Airlines Co.
Charleston,SC,Atlanta,GA,1710,1708.0,-2.0,14.0,1722.0,85,65.0,43.0,259,1805.0,8.0,1835,1813.0,-22.0,0,0,,,,2015-3-8,Delta Air Lines Inc.
Los Angeles,CA,Denver,CO,540,540.0,0.0,17.0,557.0,140,130.0,107.0,862,844.0,6.0,900,850.0,-10.0,0,0,,,,2015-8-7,Southwest Airlines Co.
Austin,TX,El Paso,TX,1415,1412.0,-3.0,7.0,1419.0,95,78.0,67.0,528,1426.0,4.0,1450,1430.0,-20.0,0,0,,,,2015-8-10,Southwest Airlines Co.
Alexandria,LA,Houston,TX,1154,1155.0,1.0,10.0,1205.0,64,53.0,36.0,190,1241.0,7.0,1258,1248.0,-10.0,0,0,,,,2015-11-19,Atlantic Southeast Airlines
Orlando,FL,Houston,TX,1906,1902.0,-4.0,15.0,1917.0,143,135.0,114.0,854,2011.0,6.0,2029,2017.0,-12.0,0,0,,,,2015-8-5,United Air Lines Inc.
Atlanta,GA,Dallas-Fort Worth,TX,820,817.0,-3.0,23.0,840.0,150,144.0,109.0,731,929.0,12.0,950,941.0,-9.0,0,0,,,,2015-4-30,American Airlines Inc.
Atlanta,GA,Norfolk,VA,1211,1207.0,-4.0,19.0,1226.0,96,92.0,69.0,516,1335.0,4.0,1347,1339.0,-8.0,0,0,,,,2015-5-30,Delta Air Lines Inc.
Newark,NJ,Nashville,TN,1034,1026.0,-8.0,31.0,1057.0,153,141.0,102.0,748,1139.0,8.0,1207,1147.0,-20.0,0,0,,,,2015-11-5,Atlantic Southeast Airlines
Atlanta,GA,Dallas-Fort Worth,TX,830,839.0,9.0,19.0,858.0,152,139.0,114.0,731,952.0,6.0,1002,958.0,-4.0,0,0,,,,2015-1-24,Delta Air Lines Inc.
Sacramento,CA,Salt Lake City,UT,1025,1022.0,-3.0,19.0,1041.0,98,98.0,73.0,532,1254.0,6.0,1303,1300.0,-3.0,0,0,,,,2015-3-17,Skywest Airlines Inc.
Los Angeles,CA,Atlanta,GA,725,747.0,22.0,12.0,759.0,253,234.0,214.0,1947,1433.0,8.0,1438,1441.0,3.0,0,0,,,,2015-12-3,Delta Air Lines Inc.
Santa Ana,CA,Chicago,IL,645,,,,,242,,,1726,,,1247,,,0,1,,,,2015-4-10,United Air Lines Inc.
Atlanta,GA,Columbus,OH,2215,2219.0,4.0,9.0,2228.0,95,90.0,74.0,447,2342.0,7.0,2350,2349.0,-1.0,0,0,,,,2015-6-20,Delta Air Lines Inc.
Fort Wayne,IN,Detroit,MI,1557,1554.0,-3.0,16.0,1610.0,57,56.0,35.0,128,1645.0,5.0,1654,1650.0,-4.0,0,0,,,,2015-4-2,Skywest Airlines Inc.
Rochester,NY,Atlanta,GA,600,559.0,-1.0,12.0,611.0,155,126.0,109.0,749,800.0,5.0,835,805.0,-30.0,0,0,,,,2015-12-11,Delta Air Lines Inc.
San Diego,CA,New York,NY,630,634.0,4.0,17.0,651.0,320,305.0,281.0,2446,1432.0,7.0,1450,1439.0,-11.0,0,0,,,,2015-11-23,Delta Air Lines Inc.
Duluth,MN,Chicago,IL,1815,1834.0,19.0,17.0,1851.0,94,92.0,66.0,397,1957.0,9.0,1949,2006.0,17.0,0,0,0.0,0.0,0.0,2015-9-27,Skywest Airlines Inc.
Houston,TX,Ft. Lauderdale,FL,727,726.0,-1.0,49.0,815.0,150,172.0,119.0,965,1114.0,4.0,1057,1118.0,21.0,0,0,21.0,0.0,0.0,2015-2-3,United Air Lines Inc.
Bozeman,MT,Newark,NJ,1300,1352.0,52.0,23.0,1415.0,250,257.0,229.0,1882,2004.0,5.0,1910,2009.0,59.0,0,0,7.0,0.0,45.0,2015-12-27,United Air Lines Inc.
Chicago,IL,Savannah,GA,1911,1935.0,24.0,32.0,2007.0,139,146.0,102.0,773,2249.0,12.0,2230,2301.0,31.0,0,0,7.0,0.0,0.0,2015-5-20,Atlantic Southeast Airlines
Denver,CO,Sacramento,CA,1735,1727.0,-8.0,12.0,1739.0,155,150.0,134.0,909,1853.0,4.0,1910,1857.0,-13.0,0,0,,,,2015-2-10,Southwest Airlines Co.
Houston,TX,Milwaukee,WI,1620,1625.0,5.0,33.0,1658.0,154,173.0,118.0,984,1856.0,22.0,1854,1918.0,24.0,0,0,19.0,0.0,0.0,2015-12-16,Skywest Airlines Inc.
Brunswick,GA,Atlanta,GA,1159,1154.0,-5.0,9.0,1203.0,74,64.0,48.0,238,1251.0,7.0,1313,1258.0,-15.0,0,0,,,,2015-5-7,Atlantic Southeast Airlines
Las Vegas,NV,Salt Lake City,UT,800,755.0,-5.0,18.0,813.0,82,78.0,56.0,368,1009.0,4.0,1022,1013.0,-9.0,0,0,,,,2015-9-14,Delta Air Lines Inc.
Los Angeles,CA,Tucson,AZ,805,757.0,-8.0,13.0,810.0,84,83.0,66.0,451,916.0,4.0,929,920.0,-9.0,0,0,,,,2015-3-17,Skywest Airlines Inc.
Tyler,TX,Dallas-Fort Worth,TX,519,514.0,-5.0,14.0,528.0,61,54.0,26.0,102,554.0,14.0,620,608.0,-12.0,0,0,,,,2015-12-21,Atlantic Southeast Airlines
Atlanta,GA,Gulfport-Biloxi,MS,2119,2116.0,-3.0,19.0,2135.0,83,78.0,55.0,352,2130.0,4.0,2142,2134.0,-8.0,0,0,,,,2015-8-30,Delta Air Lines Inc.
San Jose,CA,Seattle,WA,1243,1238.0,-5.0,13.0,1251.0,130,116.0,95.0,697,1426.0,8.0,1453,1434.0,-19.0,0,0,,,,2015-7-26,Skywest Airlines Inc.
Detroit,MI,Rochester,NY,748,855.0,67.0,49.0,944.0,84,104.0,46.0,296,1030.0,9.0,912,1039.0,87.0,0,0,20.0,0.0,0.0,2015-1-12,Atlantic Southeast Airlines
Austin,TX,Denver,CO,1152,1225.0,33.0,12.0,1237.0,138,124.0,104.0,775,1321.0,8.0,1310,1329.0,19.0,0,0,0.0,0.0,0.0,2015-6-25,Skywest Airlines Inc.
Los Angeles,CA,Oakland,CA,1445,1511.0,26.0,10.0,1521.0,75,71.0,57.0,337,1618.0,4.0,1600,1622.0,22.0,0,0,0.0,0.0,0.0,2015-12-16,Southwest Airlines Co.
Arlington,VA,Houston,TX,655,647.0,-8.0,8.0,655.0,225,210.0,189.0,1218,904.0,13.0,940,917.0,-23.0,0,0,,,,2015-1-24,Southwest Airlines Co.
Lincoln,NE,Minneapolis,MN,1300,1249.0,-11.0,11.0,1300.0,79,77.0,60.0,331,1400.0,6.0,1419,1406.0,-13.0,0,0,,,,2015-7-4,Skywest Airlines Inc.
Milwaukee,WI,Dallas-Fort Worth,TX,1500,1500.0,0.0,20.0,1520.0,175,172.0,136.0,853,1736.0,16.0,1755,1752.0,-3.0,0,0,,,,2015-2-21,American Airlines Inc.
Oakland,CA,Portland,OR,545,542.0,-3.0,11.0,553.0,105,95.0,80.0,543,713.0,4.0,730,717.0,-13.0,0,0,,,,2015-3-30,Southwest Airlines Co.
Nashville,TN,St Louis,MO,855,,,,,70,,,272,,,1005,,,0,1,,,,2015-2-16,Southwest Airlines Co.
Sacramento,CA,Santa Ana,CA,2100,2131.0,31.0,8.0,2139.0,85,77.0,65.0,404,2244.0,4.0,2225,2248.0,23.0,0,0,0.0,0.0,0.0,2015-7-17,Southwest Airlines Co.
New York,NY,Los Angeles,CA,930,932.0,2.0,26.0,958.0,390,363.0,325.0,2475,1223.0,12.0,1300,1235.0,-25.0,0,0,,,,2015-11-4,Delta Air Lines Inc.
Ontario,CA,Salt Lake City,UT,1015,1005.0,-10.0,19.0,1024.0,103,105.0,81.0,558,1245.0,5.0,1258,1250.0,-8.0,0,0,,,,2015-7-29,Skywest Airlines Inc.
Santa Ana,CA,Houston,TX,645,639.0,-6.0,22.0,701.0,204,195.0,166.0,1346,1147.0,7.0,1209,1154.0,-15.0,0,0,,,,2015-9-29,United Air Lines Inc.
Atlanta,GA,Key West,FL,1515,1511.0,-4.0,17.0,1528.0,117,104.0,85.0,646,1653.0,2.0,1712,1655.0,-17.0,0,0,,,,2015-6-5,Delta Air Lines Inc.
Baton Rouge,LA,Dallas-Fort Worth,TX,1539,1649.0,70.0,11.0,1700.0,98,112.0,66.0,383,1806.0,35.0,1717,1841.0,84.0,0,0,14.0,0.0,0.0,2015-12-30,Atlantic Southeast Airlines
Milwaukee,WI,Detroit,MI,1816,1806.0,-10.0,14.0,1820.0,67,63.0,39.0,237,1959.0,10.0,2023,2009.0,-14.0,0,0,,,,2015-12-11,Delta Air Lines Inc.
Atlanta,GA,Fort Wayne,IN,1946,1942.0,-4.0,14.0,1956.0,107,89.0,70.0,508,2106.0,5.0,2133,2111.0,-22.0,0,0,,,,2015-12-8,Skywest Airlines Inc.
Newark,NJ,Atlanta,GA,700,654.0,-6.0,22.0,716.0,148,138.0,106.0,746,902.0,10.0,928,912.0,-16.0,0,0,,,,2015-11-5,Delta Air Lines Inc.
Atlanta,GA,Savannah,GA,1247,1317.0,30.0,9.0,1326.0,62,49.0,34.0,214,1400.0,6.0,1349,1406.0,17.0,0,0,0.0,0.0,0.0,2015-8-31,Delta Air Lines Inc.
Islip,NY,Orlando,FL,640,634.0,-6.0,8.0,642.0,170,140.0,126.0,971,848.0,6.0,930,854.0,-36.0,0,0,,,,2015-5-12,Southwest Airlines Co.
Dallas,TX,Chicago,IL,1740,1810.0,30.0,16.0,1826.0,130,136.0,114.0,793,2020.0,6.0,1950,2026.0,36.0,0,0,6.0,0.0,0.0,2015-11-22,Southwest Airlines Co.
San Diego,CA,Philadelphia,PA,835,828.0,-7.0,14.0,842.0,306,264.0,244.0,2370,1546.0,6.0,1641,1552.0,-49.0,0,0,,,,2015-11-28,American Airlines Inc.
Chicago,IL,Rochester,NY,1315,1311.0,-4.0,15.0,1326.0,101,88.0,67.0,528,1533.0,6.0,1556,1539.0,-17.0,0,0,,,,2015-1-20,United Air Lines Inc.
Eugene,OR,San Francisco,CA,1335,1508.0,93.0,14.0,1522.0,95,89.0,72.0,451,1634.0,3.0,1510,1637.0,87.0,0,0,17.0,0.0,0.0,2015-2-4,Skywest Airlines Inc.
Charlotte,NC,Newark,NJ,1005,959.0,-6.0,46.0,1045.0,116,139.0,84.0,529,1209.0,9.0,1201,1218.0,17.0,0,0,17.0,0.0,0.0,2015-11-13,American Airlines Inc.
Santa Ana,CA,Oakland,CA,645,708.0,23.0,10.0,718.0,95,74.0,57.0,371,815.0,7.0,820,822.0,2.0,0,0,,,,2015-6-27,Southwest Airlines Co.
Houston,TX,St Louis,MO,1125,1116.0,-9.0,15.0,1131.0,121,139.0,119.0,667,1330.0,5.0,1326,1335.0,9.0,0,0,,,,2015-4-1,Atlantic Southeast Airlines
Denver,CO,Los Angeles,CA,1645,1644.0,-1.0,8.0,1652.0,160,140.0,124.0,862,1756.0,8.0,1825,1804.0,-21.0,0,0,,,,2015-2-10,Southwest Airlines Co.
Knoxville,TN,Houston,TX,645,642.0,-3.0,12.0,654.0,133,121.0,101.0,771,735.0,8.0,758,743.0,-15.0,0,0,,,,2015-6-24,Atlantic Southeast Airlines
Chicago,IL,Charleston,WV,1407,1403.0,-4.0,26.0,1429.0,92,94.0,64.0,416,1633.0,4.0,1639,1637.0,-2.0,0,0,,,,2015-5-15,Atlantic Southeast Airlines
Kahului,HI,Seattle,WA,2301,2315.0,14.0,15.0,2330.0,317,336.0,312.0,2640,642.0,9.0,618,651.0,33.0,0,0,19.0,0.0,0.0,2015-2-19,Delta Air Lines Inc.
Monterey,CA,Los Angeles,CA,748,739.0,-9.0,14.0,753.0,77,77.0,46.0,266,839.0,17.0,905,856.0,-9.0,0,0,,,,2015-3-9,Skywest Airlines Inc.
Denver,CO,Milwaukee,WI,1035,1035.0,0.0,19.0,1054.0,140,131.0,108.0,896,1342.0,4.0,1355,1346.0,-9.0,0,0,,,,2015-8-22,Southwest Airlines Co.
Boston,MA,New York,NY,1200,1203.0,3.0,37.0,1240.0,74,88.0,48.0,184,1328.0,3.0,1314,1331.0,17.0,0,0,17.0,0.0,0.0,2015-7-15,American Airlines Inc.
Newark,NJ,Houston,TX,701,701.0,0.0,15.0,716.0,234,230.0,205.0,1400,941.0,10.0,955,951.0,-4.0,0,0,,,,2015-11-30,United Air Lines Inc.
Los Angeles,CA,Oakland,CA,805,801.0,-4.0,28.0,829.0,87,83.0,51.0,337,920.0,4.0,932,924.0,-8.0,0,0,,,,2015-9-21,Skywest Airlines Inc.
Boston,MA,Chicago,IL,851,850.0,-1.0,14.0,904.0,174,160.0,131.0,867,1015.0,15.0,1045,1030.0,-15.0,0,0,,,,2015-2-14,American Airlines Inc.
San Francisco,CA,Honolulu,HI,1125,,,,,322,,,2398,,,1347,,,0,1,,,,2015-5-15,United Air Lines Inc.
San Antonio,TX,Houston,TX,810,803.0,-7.0,11.0,814.0,65,55.0,35.0,191,849.0,9.0,915,858.0,-17.0,0,0,,,,2015-5-23,United Air Lines Inc.
Chicago,IL,Newark,NJ,1335,1331.0,-4.0,21.0,1352.0,137,120.0,92.0,719,1624.0,7.0,1652,1631.0,-21.0,0,0,,,,2015-5-28,United Air Lines Inc.
Tampa,FL,Chicago,IL,1040,1035.0,-5.0,11.0,1046.0,160,151.0,135.0,997,1201.0,5.0,1220,1206.0,-14.0,0,0,,,,2015-7-28,Southwest Airlines Co.
Atlanta,GA,Denver,CO,2115,2132.0,17.0,18.0,2150.0,204,189.0,162.0,1199,2232.0,9.0,2239,2241.0,2.0,0,0,,,,2015-6-19,Delta Air Lines Inc.
San Luis Obispo,CA,Los Angeles,CA,1026,1021.0,-5.0,9.0,1030.0,64,63.0,41.0,156,1111.0,13.0,1130,1124.0,-6.0,0,0,,,,2015-9-20,Skywest Airlines Inc.
Las Vegas,NV,Milwaukee,WI,900,859.0,-1.0,16.0,915.0,205,216.0,192.0,1524,1427.0,8.0,1425,1435.0,10.0,0,0,,,,2015-2-17,Southwest Airlines Co.
Seattle,WA,Philadelphia,PA,820,818.0,-2.0,27.0,845.0,310,303.0,270.0,2378,1615.0,6.0,1630,1621.0,-9.0,0,0,,,,2015-8-6,American Airlines Inc.
Oklahoma City,OK,Dallas,TX,1310,1305.0,-5.0,6.0,1311.0,50,46.0,34.0,181,1345.0,6.0,1400,1351.0,-9.0,0,0,,,,2015-9-16,Southwest Airlines Co.
Pensacola,FL,Houston,TX,1145,1142.0,-3.0,7.0,1149.0,105,99.0,88.0,488,1317.0,4.0,1330,1321.0,-9.0,0,0,,,,2015-1-21,Southwest Airlines Co.
Knoxville,TN,Denver,CO,755,751.0,-4.0,14.0,805.0,222,212.0,189.0,1162,914.0,9.0,937,923.0,-14.0,0,0,,,,2015-3-10,Atlantic Southeast Airlines
Arlington,VA,Dallas-Fort Worth,TX,1900,1857.0,-3.0,17.0,1914.0,214,200.0,164.0,1192,2058.0,19.0,2134,2117.0,-17.0,0,0,,,,2015-3-16,American Airlines Inc.
Allentown,PA,Atlanta,GA,1400,1613.0,133.0,10.0,1623.0,138,135.0,115.0,692,1818.0,10.0,1618,1828.0,130.0,0,0,0.0,0.0,0.0,2015-2-28,Atlantic Southeast Airlines
San Diego,CA,Austin,TX,1355,1445.0,50.0,6.0,1451.0,160,138.0,128.0,1164,1859.0,4.0,1835,1903.0,28.0,0,0,0.0,0.0,0.0,2015-12-24,Southwest Airlines Co.
Los Angeles,CA,Denver,CO,825,819.0,-6.0,12.0,831.0,140,133.0,114.0,862,1125.0,7.0,1145,1132.0,-13.0,0,0,,,,2015-4-15,United Air Lines Inc.
Chicago,IL,Appleton,WI,1441,1437.0,-4.0,9.0,1446.0,59,47.0,35.0,160,1521.0,3.0,1540,1524.0,-16.0,0,0,,,,2015-2-19,Atlantic Southeast Airlines
Charlotte,NC,Houston,TX,1455,1453.0,-2.0,16.0,1509.0,172,171.0,148.0,912,1637.0,7.0,1647,1644.0,-3.0,0,0,,,,2015-12-2,American Airlines Inc.
Las Vegas,NV,Houston,TX,740,736.0,-4.0,14.0,750.0,181,167.0,145.0,1222,1215.0,8.0,1241,1223.0,-18.0,0,0,,,,2015-4-27,United Air Lines Inc.
Atlanta,GA,San Francisco,CA,830,854.0,24.0,9.0,903.0,320,286.0,272.0,2139,1035.0,5.0,1050,1040.0,-10.0,0,0,,,,2015-5-15,Southwest Airlines Co.
Tampa,FL,Philadelphia,PA,1210,1204.0,-6.0,11.0,1215.0,145,143.0,128.0,920,1423.0,4.0,1435,1427.0,-8.0,0,0,,,,2015-11-29,American Airlines Inc.
Ft. Myers,FL,Atlanta,GA,1200,1155.0,-5.0,15.0,1210.0,110,97.0,78.0,515,1328.0,4.0,1350,1332.0,-18.0,0,0,,,,2015-6-6,Delta Air Lines Inc.
Houston,TX,Dallas-Fort Worth,TX,1004,1014.0,10.0,17.0,1031.0,76,68.0,44.0,247,1115.0,7.0,1120,1122.0,2.0,0,0,,,,2015-12-18,Atlantic Southeast Airlines
Dallas-Fort Worth,TX,Greensboro,NC,1440,1529.0,49.0,26.0,1555.0,151,160.0,132.0,999,1907.0,2.0,1811,1909.0,58.0,0,0,9.0,0.0,0.0,2015-5-27,Atlantic Southeast Airlines
Dallas-Fort Worth,TX,Pittsburgh,PA,1415,1418.0,3.0,19.0,1437.0,165,161.0,138.0,1067,1755.0,4.0,1800,1759.0,-1.0,0,0,,,,2015-5-29,American Airlines Inc.
Atlanta,GA,Montgomery,AL,1837,1836.0,-1.0,16.0,1852.0,53,52.0,33.0,147,1825.0,3.0,1830,1828.0,-2.0,0,0,,,,2015-9-1,Atlantic Southeast Airlines
Houston,TX,Grand Junction,CO,907,903.0,-4.0,20.0,923.0,165,169.0,144.0,979,1047.0,5.0,1052,1052.0,0.0,0,0,,,,2015-6-7,Atlantic Southeast Airlines
Minneapolis,MN,Boston,MA,1920,2007.0,47.0,68.0,2115.0,166,207.0,132.0,1124,27.0,7.0,2306,34.0,88.0,0,0,41.0,0.0,0.0,2015-11-5,Delta Air Lines Inc.
Detroit,MI,New York,NY,737,840.0,63.0,30.0,910.0,113,110.0,73.0,502,1023.0,7.0,930,1030.0,60.0,0,0,0.0,0.0,0.0,2015-11-12,Delta Air Lines Inc.
San Francisco,CA,Austin,TX,1605,1603.0,-2.0,20.0,1623.0,220,218.0,191.0,1504,2134.0,7.0,2145,2141.0,-4.0,0,0,,,,2015-4-11,Skywest Airlines Inc.
Ft. Myers,FL,Dallas-Fort Worth,TX,725,751.0,26.0,10.0,801.0,185,198.0,175.0,1017,956.0,13.0,930,1009.0,39.0,0,0,13.0,0.0,0.0,2015-9-9,American Airlines Inc.
Chicago,IL,Cleveland,OH,648,817.0,89.0,14.0,831.0,77,74.0,55.0,315,1026.0,5.0,905,1031.0,86.0,0,0,0.0,0.0,0.0,2015-8-12,Skywest Airlines Inc.
Orlando,FL,Milwaukee,WI,2110,2116.0,6.0,8.0,2124.0,175,156.0,144.0,1066,2248.0,4.0,2305,2252.0,-13.0,0,0,,,,2015-3-22,Southwest Airlines Co.
San Francisco,CA,Lihue,HI,912,920.0,8.0,44.0,1004.0,337,331.0,284.0,2447,1148.0,3.0,1149,1151.0,2.0,0,0,,,,2015-7-1,United Air Lines Inc.
Los Angeles,CA,Monterey,CA,1335,1419.0,44.0,30.0,1449.0,74,80.0,44.0,266,1533.0,6.0,1449,1539.0,50.0,0,0,6.0,0.0,0.0,2015-12-1,Skywest Airlines Inc.
Tampa,FL,Miami,FL,1911,1928.0,17.0,18.0,1946.0,66,67.0,38.0,204,2024.0,11.0,2017,2035.0,18.0,0,0,1.0,0.0,0.0,2015-3-9,American Airlines Inc.
Atlanta,GA,Charleston,SC,1507,1506.0,-1.0,65.0,1611.0,78,117.0,45.0,259,1656.0,7.0,1625,1703.0,38.0,0,0,38.0,0.0,0.0,2015-7-23,Delta Air Lines Inc.
Baltimore,MD,Jacksonville,FL,1945,2000.0,15.0,13.0,2013.0,125,100.0,83.0,663,2136.0,4.0,2150,2140.0,-10.0,0,0,,,,2015-1-28,Southwest Airlines Co.
Dallas-Fort Worth,TX,Corpus Christi,TX,2015,2014.0,-1.0,24.0,2038.0,88,81.0,54.0,354,2132.0,3.0,2143,2135.0,-8.0,0,0,,,,2015-5-13,Atlantic Southeast Airlines
Newark,NJ,Chicago,IL,1805,1848.0,43.0,21.0,1909.0,164,135.0,98.0,719,1947.0,16.0,1949,2003.0,14.0,0,0,,,,2015-4-27,United Air Lines Inc.
Houston,TX,Kansas City,MO,1915,1908.0,-7.0,20.0,1928.0,120,116.0,89.0,643,2057.0,7.0,2115,2104.0,-11.0,0,0,,,,2015-5-28,Atlantic Southeast Airlines
Pensacola,FL,Atlanta,GA,1559,1603.0,4.0,28.0,1631.0,81,76.0,42.0,271,1813.0,6.0,1820,1819.0,-1.0,0,0,,,,2015-4-21,Delta Air Lines Inc.
Atlanta,GA,Raleigh,NC,1605,1605.0,0.0,15.0,1620.0,75,76.0,57.0,356,1717.0,4.0,1720,1721.0,1.0,0,0,,,,2015-12-20,Southwest Airlines Co.
Las Vegas,NV,Minneapolis,MN,1143,1140.0,-3.0,14.0,1154.0,184,162.0,143.0,1299,1617.0,5.0,1647,1622.0,-25.0,0,0,,,,2015-11-4,Delta Air Lines Inc.
Aspen,CO,Denver,CO,1935,1921.0,-14.0,10.0,1931.0,57,49.0,25.0,125,1956.0,14.0,2032,2010.0,-22.0,0,0,,,,2015-4-6,Skywest Airlines Inc.
Atlanta,GA,Portland,OR,951,949.0,-2.0,24.0,1013.0,333,337.0,306.0,2172,1219.0,7.0,1224,1226.0,2.0,0,0,,,,2015-2-9,Delta Air Lines Inc.
Louisville,KY,Atlanta,GA,730,736.0,6.0,37.0,813.0,93,91.0,49.0,321,902.0,5.0,903,907.0,4.0,0,0,,,,2015-3-29,Delta Air Lines Inc.
Chicago,IL,Louisville,KY,2210,3.0,113.0,10.0,13.0,70,66.0,50.0,271,203.0,6.0,20,209.0,109.0,0,0,0.0,0.0,0.0,2015-12-15,Southwest Airlines Co.
Tampa,FL,San Juan,PR,1320,1315.0,-5.0,8.0,1323.0,160,161.0,148.0,1237,1551.0,5.0,1600,1556.0,-4.0,0,0,,,,2015-3-29,Southwest Airlines Co.
Arlington,VA,Chicago,IL,1400,1357.0,-3.0,8.0,1405.0,125,114.0,100.0,601,1445.0,6.0,1505,1451.0,-14.0,0,0,,,,2015-12-19,Southwest Airlines Co.
Austin,TX,Los Angeles,CA,535,625.0,50.0,15.0,640.0,207,214.0,172.0,1242,732.0,27.0,702,759.0,57.0,0,0,7.0,0.0,0.0,2015-5-18,Skywest Airlines Inc.
Atlanta,GA,Houston,TX,1250,1247.0,-3.0,18.0,1305.0,122,115.0,92.0,696,1337.0,5.0,1352,1342.0,-10.0,0,0,,,,2015-7-12,Atlantic Southeast Airlines
Detroit,MI,Norfolk,VA,843,843.0,0.0,16.0,859.0,107,96.0,77.0,529,1016.0,3.0,1030,1019.0,-11.0,0,0,,,,2015-6-9,Atlantic Southeast Airlines
Orlando,FL,Miami,FL,1905,2013.0,68.0,22.0,2035.0,67,69.0,42.0,192,2117.0,5.0,2012,2122.0,70.0,0,0,2.0,0.0,0.0,2015-5-12,American Airlines Inc.
Salt Lake City,UT,St Louis,MO,1355,1347.0,-8.0,14.0,1401.0,173,157.0,139.0,1156,1720.0,4.0,1748,1724.0,-24.0,0,0,,,,2015-7-15,Skywest Airlines Inc.
Atlanta,GA,Columbus,OH,2210,2208.0,-2.0,18.0,2226.0,95,87.0,65.0,447,2331.0,4.0,2345,2335.0,-10.0,0,0,,,,2015-8-2,Southwest Airlines Co.
Orlando,FL,Islip,NY,2045,2046.0,1.0,16.0,2102.0,150,143.0,123.0,971,2305.0,4.0,2315,2309.0,-6.0,0,0,,,,2015-9-24,Southwest Airlines Co.
San Francisco,CA,Chicago,IL,500,721.0,141.0,12.0,733.0,254,242.0,214.0,1846,1307.0,16.0,1114,1323.0,129.0,0,0,0.0,0.0,0.0,2015-6-11,American Airlines Inc.
Las Vegas,NV,Houston,TX,1518,1511.0,-7.0,13.0,1524.0,182,165.0,140.0,1222,1944.0,12.0,2020,1956.0,-24.0,0,0,,,,2015-12-23,United Air Lines Inc.
Atlanta,GA,Omaha,NE,2110,2121.0,11.0,36.0,2157.0,149,154.0,113.0,821,2250.0,5.0,2239,2255.0,16.0,0,0,5.0,0.0,11.0,2015-7-21,Delta Air Lines Inc.
Salt Lake City,UT,Jackson,WY,1340,1333.0,-7.0,14.0,1347.0,61,55.0,39.0,205,1426.0,2.0,1441,1428.0,-13.0,0,0,,,,2015-8-28,Delta Air Lines Inc.
San Francisco,CA,Los Angeles,CA,1255,1248.0,-7.0,16.0,1304.0,87,80.0,55.0,337,1359.0,9.0,1422,1408.0,-14.0,0,0,,,,2015-2-11,American Airlines Inc.
Salt Lake City,UT,Las Vegas,NV,1359,1356.0,-3.0,13.0,1409.0,83,69.0,50.0,368,1359.0,6.0,1422,1405.0,-17.0,0,0,,,,2015-8-19,Delta Air Lines Inc.
Boston,MA,Charlotte,NC,940,938.0,-2.0,20.0,958.0,141,135.0,98.0,728,1136.0,17.0,1201,1153.0,-8.0,0,0,,,,2015-7-29,American Airlines Inc.
New York,NY,Chicago,IL,1759,1752.0,-7.0,11.0,1803.0,168,137.0,112.0,733,1855.0,14.0,1947,1909.0,-38.0,0,0,,,,2015-5-26,American Airlines Inc.
Houston,TX,Orlando,FL,1250,1312.0,22.0,19.0,1331.0,152,137.0,110.0,854,1621.0,8.0,1622,1629.0,7.0,0,0,,,,2015-6-27,United Air Lines Inc.
New York,NY,Atlanta,GA,1955,1952.0,-3.0,13.0,2005.0,160,153.0,105.0,762,2150.0,35.0,2235,2225.0,-10.0,0,0,,,,2015-5-24,Southwest Airlines Co.
Louisville,KY,Chicago,IL,1502,1456.0,-6.0,13.0,1509.0,85,88.0,52.0,287,1501.0,23.0,1527,1524.0,-3.0,0,0,,,,2015-2-2,Atlantic Southeast Airlines
Los Angeles,CA,San Jose,CA,1825,1822.0,-3.0,23.0,1845.0,76,78.0,51.0,308,1936.0,4.0,1941,1940.0,-1.0,0,0,,,,2015-6-10,Skywest Airlines Inc.
Atlanta,GA,Jacksonville,FL,842,839.0,-3.0,19.0,858.0,62,66.0,43.0,270,941.0,4.0,944,945.0,1.0,0,0,,,,2015-6-22,Delta Air Lines Inc.
Nashville,TN,Charlotte,NC,625,617.0,-8.0,27.0,644.0,82,91.0,55.0,328,839.0,9.0,847,848.0,1.0,0,0,,,,2015-12-2,American Airlines Inc.
Eugene,OR,Denver,CO,1523,1709.0,106.0,12.0,1721.0,163,152.0,132.0,996,2033.0,8.0,1906,2041.0,95.0,0,0,0.0,0.0,0.0,2015-1-12,Skywest Airlines Inc.
San Francisco,CA,Los Angeles,CA,1102,1100.0,-2.0,16.0,1116.0,91,90.0,61.0,337,1217.0,13.0,1233,1230.0,-3.0,0,0,,,,2015-5-13,United Air Lines Inc.
Detroit,MI,Ft. Lauderdale,FL,725,728.0,3.0,17.0,745.0,182,166.0,146.0,1127,1011.0,3.0,1027,1014.0,-13.0,0,0,,,,2015-4-17,Delta Air Lines Inc.
Sacramento,CA,Santa Ana,CA,1230,1235.0,5.0,8.0,1243.0,80,79.0,67.0,404,1350.0,4.0,1350,1354.0,4.0,0,0,,,,2015-11-6,Southwest Airlines Co.
San Francisco,CA,Santa Ana,CA,2005,2001.0,-4.0,15.0,2016.0,90,81.0,62.0,372,2118.0,4.0,2135,2122.0,-13.0,0,0,,,,2015-5-11,Southwest Airlines Co.
Los Angeles,CA,San Jose,CA,2125,2120.0,-5.0,12.0,2132.0,69,70.0,54.0,308,2226.0,4.0,2234,2230.0,-4.0,0,0,,,,2015-4-14,Skywest Airlines Inc.
Cleveland,OH,New York,NY,1926,1932.0,6.0,27.0,1959.0,98,122.0,78.0,419,2117.0,17.0,2104,2134.0,30.0,0,0,26.0,0.0,0.0,2015-1-30,Atlantic Southeast Airlines
Dallas,TX,Houston,TX,915,915.0,0.0,12.0,927.0,66,60.0,41.0,216,1008.0,7.0,1021,1015.0,-6.0,0,0,,,,2015-2-12,Atlantic Southeast Airlines
San Francisco,CA,Arlington,VA,1100,1113.0,13.0,27.0,1140.0,319,300.0,267.0,2442,1907.0,6.0,1919,1913.0,-6.0,0,0,,,,2015-6-21,United Air Lines Inc.
Jacksonville,NC,Atlanta,GA,1832,1831.0,-1.0,12.0,1843.0,93,91.0,69.0,399,1952.0,10.0,2005,2002.0,-3.0,0,0,,,,2015-6-29,Atlantic Southeast Airlines
Orlando,FL,Akron,OH,1930,1952.0,22.0,13.0,2005.0,135,135.0,118.0,861,2203.0,4.0,2145,2207.0,22.0,0,0,0.0,0.0,0.0,2015-6-5,Southwest Airlines Co.
Cleveland,OH,Chicago,IL,1243,1240.0,-3.0,12.0,1252.0,82,86.0,67.0,315,1259.0,7.0,1305,1306.0,1.0,0,0,,,,2015-4-26,Atlantic Southeast Airlines
Dallas-Fort Worth,TX,New Orleans,LA,1225,1232.0,7.0,16.0,1248.0,95,82.0,61.0,447,1349.0,5.0,1400,1354.0,-6.0,0,0,,,,2015-8-4,American Airlines Inc.
Los Angeles,CA,San Diego,CA,2100,2057.0,-3.0,15.0,2112.0,47,46.0,26.0,109,2138.0,5.0,2147,2143.0,-4.0,0,0,,,,2015-2-19,Skywest Airlines Inc.
Atlanta,GA,Denver,CO,1346,1342.0,-4.0,10.0,1352.0,195,180.0,166.0,1199,1438.0,4.0,1501,1442.0,-19.0,0,0,,,,2015-7-25,Delta Air Lines Inc.
Chicago,IL,San Antonio,TX,735,800.0,25.0,20.0,820.0,165,175.0,152.0,1036,1052.0,3.0,1020,1055.0,35.0,0,0,10.0,0.0,0.0,2015-4-8,Southwest Airlines Co.
Newark,NJ,Columbus,OH,610,608.0,-2.0,15.0,623.0,104,,,463,929.0,9.0,754,938.0,,1,0,,,,2015-6-30,Atlantic Southeast Airlines
Los Angeles,CA,Houston,TX,915,929.0,14.0,24.0,953.0,199,183.0,151.0,1379,1424.0,8.0,1434,1432.0,-2.0,0,0,,,,2015-12-16,United Air Lines Inc.
Charleston,SC,Atlanta,GA,530,526.0,-4.0,10.0,536.0,68,55.0,40.0,259,616.0,5.0,638,621.0,-17.0,0,0,,,,2015-7-30,Delta Air Lines Inc.
San Diego,CA,Salt Lake City,UT,1308,1306.0,-2.0,18.0,1324.0,107,110.0,85.0,626,1549.0,7.0,1555,1556.0,1.0,0,0,,,,2015-8-21,Delta Air Lines Inc.
Atlanta,GA,Seattle,WA,2131,2150.0,19.0,24.0,2214.0,320,319.0,282.0,2182,2356.0,13.0,2351,9.0,18.0,0,0,18.0,0.0,0.0,2015-8-14,Delta Air Lines Inc.
Chicago,IL,Las Vegas,NV,1945,1951.0,6.0,7.0,1958.0,240,215.0,202.0,1521,2120.0,6.0,2145,2126.0,-19.0,0,0,,,,2015-1-27,Southwest Airlines Co.
Atlanta,GA,Cedar Rapids,IA,1049,1047.0,-2.0,32.0,1119.0,135,151.0,114.0,694,1213.0,5.0,1204,1218.0,14.0,0,0,,,,2015-1-15,Skywest Airlines Inc.
Dallas,TX,Kansas City,MO,805,759.0,-6.0,15.0,814.0,85,89.0,69.0,460,923.0,5.0,930,928.0,-2.0,0,0,,,,2015-3-19,Southwest Airlines Co.
San Antonio,TX,Tampa,FL,1605,1634.0,29.0,9.0,1643.0,140,139.0,127.0,972,1950.0,3.0,1925,1953.0,28.0,0,0,0.0,0.0,0.0,2015-5-29,Southwest Airlines Co.
San Antonio,TX,Orlando,FL,1405,1415.0,10.0,10.0,1425.0,155,132.0,116.0,1041,1721.0,6.0,1740,1727.0,-13.0,0,0,,,,2015-4-22,Southwest Airlines Co.
Denver,CO,Minneapolis,MN,1115,1126.0,11.0,18.0,1144.0,110,105.0,85.0,680,1409.0,2.0,1405,1411.0,6.0,0,0,,,,2015-9-2,Delta Air Lines Inc.
Dallas-Fort Worth,TX,West Palm Beach,FL,1335,1418.0,43.0,13.0,1431.0,152,145.0,129.0,1102,1740.0,3.0,1707,1743.0,36.0,0,0,0.0,0.0,0.0,2015-3-1,American Airlines Inc.
Dallas-Fort Worth,TX,New York,NY,705,702.0,-3.0,17.0,719.0,211,182.0,162.0,1389,1101.0,3.0,1136,1104.0,-32.0,0,0,,,,2015-6-28,American Airlines Inc.
Portland,OR,Ontario,CA,640,639.0,-1.0,11.0,650.0,136,125.0,111.0,838,841.0,3.0,856,844.0,-12.0,0,0,,,,2015-9-12,Skywest Airlines Inc.
Charleston,SC,Baltimore,MD,735,731.0,-4.0,21.0,752.0,105,96.0,68.0,472,900.0,7.0,920,907.0,-13.0,0,0,,,,2015-4-14,Southwest Airlines Co.
Melbourne,FL,Atlanta,GA,1410,1411.0,1.0,11.0,1422.0,101,96.0,74.0,442,1536.0,11.0,1551,1547.0,-4.0,0,0,,,,2015-7-14,Delta Air Lines Inc.
Atlanta,GA,Minneapolis,MN,2100,2113.0,13.0,20.0,2133.0,160,166.0,141.0,907,2254.0,5.0,2240,2259.0,19.0,0,0,6.0,0.0,0.0,2015-7-31,Southwest Airlines Co.
Nashville,TN,Dallas-Fort Worth,TX,930,935.0,5.0,14.0,949.0,125,108.0,89.0,631,1118.0,5.0,1135,1123.0,-12.0,0,0,,,,2015-5-2,American Airlines Inc.
Arlington,VA,Dallas,TX,1610,1616.0,6.0,15.0,1631.0,185,182.0,164.0,1184,1815.0,3.0,1815,1818.0,3.0,0,0,,,,2015-6-17,Southwest Airlines Co.
Newark,NJ,Denver,CO,634,924.0,170.0,19.0,943.0,259,239.0,207.0,1605,1110.0,13.0,853,1123.0,150.0,0,0,0.0,0.0,0.0,2015-5-31,United Air Lines Inc.
Atlanta,GA,Tampa,FL,825,940.0,75.0,11.0,951.0,78,74.0,60.0,406,1051.0,3.0,943,1054.0,71.0,0,0,0.0,0.0,0.0,2015-5-15,Delta Air Lines Inc.
Ft. Lauderdale,FL,Las Vegas,NV,730,723.0,-7.0,11.0,734.0,330,312.0,296.0,2173,930.0,5.0,1000,935.0,-25.0,0,0,,,,2015-12-5,Southwest Airlines Co.
San Francisco,CA,Salt Lake City,UT,1250,1337.0,47.0,21.0,1358.0,120,102.0,75.0,599,1613.0,6.0,1550,1619.0,29.0,0,0,0.0,0.0,0.0,2015-6-14,Skywest Airlines Inc.
Charlotte,NC,Pittsburgh,PA,1959,2118.0,79.0,27.0,2145.0,80,83.0,53.0,366,2238.0,3.0,2119,2241.0,82.0,0,0,3.0,0.0,79.0,2015-8-20,American Airlines Inc.
New York,NY,Milwaukee,WI,905,855.0,-10.0,28.0,923.0,152,146.0,114.0,738,1017.0,4.0,1037,1021.0,-16.0,0,0,,,,2015-3-24,Atlantic Southeast Airlines
Atlanta,GA,Moline,IL,939,936.0,-3.0,15.0,951.0,114,110.0,91.0,633,1022.0,4.0,1033,1026.0,-7.0,0,0,,,,2015-5-9,Atlantic Southeast Airlines
Philadelphia,PA,Orlando,FL,700,656.0,-4.0,10.0,706.0,150,136.0,118.0,861,904.0,8.0,930,912.0,-18.0,0,0,,,,2015-5-13,Southwest Airlines Co.
Chicago,IL,San Francisco,CA,1603,1646.0,43.0,19.0,1705.0,285,268.0,242.0,1846,1907.0,7.0,1848,1914.0,26.0,0,0,0.0,0.0,0.0,2015-11-3,United Air Lines Inc.
New Orleans,LA,Houston,TX,1640,1640.0,0.0,7.0,1647.0,75,67.0,55.0,302,1742.0,5.0,1755,1747.0,-8.0,0,0,,,,2015-4-23,Southwest Airlines Co.
Atlanta,GA,Rochester,NY,915,912.0,-3.0,10.0,922.0,122,114.0,98.0,749,1100.0,6.0,1117,1106.0,-11.0,0,0,,,,2015-4-18,Delta Air Lines Inc.
Raleigh,NC,Nashville,TN,1250,1249.0,-1.0,9.0,1258.0,95,88.0,75.0,442,1313.0,4.0,1325,1317.0,-8.0,0,0,,,,2015-12-14,Southwest Airlines Co.
Boston,MA,Houston,TX,700,717.0,17.0,30.0,747.0,273,291.0,257.0,1597,1104.0,4.0,1033,1108.0,35.0,0,0,18.0,0.0,0.0,2015-1-2,United Air Lines Inc.
Houston,TX,Atlanta,GA,920,924.0,4.0,10.0,934.0,120,111.0,95.0,696,1209.0,6.0,1220,1215.0,-5.0,0,0,,,,2015-8-14,Southwest Airlines Co.
Orlando,FL,Los Angeles,CA,1832,1935.0,63.0,12.0,1947.0,346,345.0,268.0,2218,2115.0,65.0,2118,2220.0,62.0,0,0,0.0,0.0,0.0,2015-3-15,Delta Air Lines Inc.
Milwaukee,WI,Denver,CO,600,618.0,18.0,9.0,627.0,155,137.0,121.0,896,728.0,7.0,735,735.0,0.0,0,0,,,,2015-9-16,Southwest Airlines Co.
Milwaukee,WI,San Francisco,CA,1030,1028.0,-2.0,8.0,1036.0,270,264.0,252.0,1845,1248.0,4.0,1300,1252.0,-8.0,0,0,,,,2015-7-6,Southwest Airlines Co.
Charlotte,NC,New York,NY,2209,2345.0,96.0,12.0,2357.0,105,99.0,74.0,541,111.0,13.0,2354,124.0,90.0,0,0,0.0,0.0,0.0,2015-9-27,American Airlines Inc.
Houston,TX,Ontario,CA,918,1057.0,99.0,16.0,1113.0,206,190.0,169.0,1334,1202.0,5.0,1044,1207.0,83.0,0,0,0.0,0.0,0.0,2015-9-22,Skywest Airlines Inc.
Chicago,IL,Indianapolis,IN,946,1023.0,37.0,38.0,1101.0,64,74.0,30.0,177,1231.0,6.0,1150,1237.0,47.0,0,0,10.0,0.0,0.0,2015-7-18,Skywest Airlines Inc.
Tucson,AZ,Phoenix,AZ,1520,1513.0,-7.0,13.0,1526.0,48,44.0,24.0,110,1550.0,7.0,1608,1557.0,-11.0,0,0,,,,2015-8-5,Skywest Airlines Inc.
New Orleans,LA,Charlotte,NC,1610,1604.0,-6.0,10.0,1614.0,113,108.0,83.0,651,1837.0,15.0,1903,1852.0,-11.0,0,0,,,,2015-9-20,American Airlines Inc.
Atlanta,GA,Minneapolis,MN,1053,1104.0,11.0,17.0,1121.0,154,147.0,125.0,907,1226.0,5.0,1227,1231.0,4.0,0,0,,,,2015-8-15,Delta Air Lines Inc.
Tampa,FL,Denver,CO,1645,1722.0,37.0,9.0,1731.0,230,209.0,194.0,1506,1845.0,6.0,1835,1851.0,16.0,0,0,0.0,0.0,0.0,2015-8-23,Southwest Airlines Co.
Santa Barbara,CA,San Francisco,CA,1535,1615.0,40.0,15.0,1630.0,70,76.0,55.0,262,1725.0,6.0,1645,1731.0,46.0,0,0,6.0,0.0,0.0,2015-2-8,Skywest Airlines Inc.
Denver,CO,Houston,TX,1942,1942.0,0.0,9.0,1951.0,147,146.0,111.0,862,2242.0,26.0,2309,2308.0,-1.0,0,0,,,,2015-7-12,United Air Lines Inc.
Appleton,WI,Detroit,MI,635,629.0,-6.0,23.0,652.0,91,86.0,54.0,296,846.0,9.0,906,855.0,-11.0,0,0,,,,2015-3-5,Atlantic Southeast Airlines
Kahului,HI,Seattle,WA,2147,2145.0,-2.0,10.0,2155.0,334,339.0,298.0,2640,553.0,31.0,621,624.0,3.0,0,0,,,,2015-7-10,Delta Air Lines Inc.
Oklahoma City,OK,Houston,TX,1736,1728.0,-8.0,14.0,1742.0,84,77.0,59.0,395,1841.0,4.0,1900,1845.0,-15.0,0,0,,,,2015-4-15,Skywest Airlines Inc.
Detroit,MI,Austin,TX,2023,2029.0,6.0,17.0,2046.0,185,181.0,158.0,1149,2224.0,6.0,2228,2230.0,2.0,0,0,,,,2015-7-15,Delta Air Lines Inc.
Dallas-Fort Worth,TX,Baltimore,MD,1445,1515.0,30.0,15.0,1530.0,166,158.0,136.0,1217,1846.0,7.0,1831,1853.0,22.0,0,0,0.0,0.0,0.0,2015-3-6,American Airlines Inc.
West Palm Beach,FL,Atlanta,GA,1634,1809.0,95.0,13.0,1822.0,116,101.0,84.0,545,1946.0,4.0,1830,1950.0,80.0,0,0,0.0,0.0,0.0,2015-12-30,Delta Air Lines Inc.
Louisville,KY,Chicago,IL,1050,1143.0,53.0,15.0,1158.0,84,81.0,56.0,287,1154.0,10.0,1114,1204.0,50.0,0,0,0.0,0.0,0.0,2015-1-19,Skywest Airlines Inc.
Las Vegas,NV,Des Moines,IA,1245,1304.0,19.0,16.0,1320.0,175,149.0,130.0,1216,1730.0,3.0,1740,1733.0,-7.0,0,0,,,,2015-2-20,Southwest Airlines Co.
Chicago,IL,Nashville,TN,940,936.0,-4.0,10.0,946.0,80,73.0,57.0,395,1043.0,6.0,1100,1049.0,-11.0,0,0,,,,2015-3-9,Southwest Airlines Co.
Chicago,IL,Tucson,AZ,2010,2225.0,135.0,30.0,2255.0,222,217.0,182.0,1437,2357.0,5.0,2152,2.0,130.0,0,0,0.0,0.0,0.0,2015-6-8,American Airlines Inc.
Salt Lake City,UT,San Francisco,CA,835,840.0,5.0,19.0,859.0,131,121.0,97.0,599,936.0,5.0,946,941.0,-5.0,0,0,,,,2015-11-3,Skywest Airlines Inc.
Atlanta,GA,Minneapolis,MN,2050,2044.0,-6.0,17.0,2101.0,154,147.0,127.0,907,2208.0,3.0,2224,2211.0,-13.0,0,0,,,,2015-5-23,Delta Air Lines Inc.
Chantilly,VA,Newark,NJ,1720,1829.0,69.0,14.0,1843.0,85,66.0,45.0,212,1928.0,7.0,1845,1935.0,50.0,0,0,41.0,0.0,0.0,2015-1-10,Atlantic Southeast Airlines
Arlington,VA,Charlotte,NC,1200,1155.0,-5.0,21.0,1216.0,87,78.0,53.0,331,1309.0,4.0,1327,1313.0,-14.0,0,0,,,,2015-9-10,American Airlines Inc.
Akron,OH,Atlanta,GA,1840,2026.0,106.0,13.0,2039.0,105,97.0,76.0,528,2155.0,8.0,2025,2203.0,98.0,0,0,0.0,0.0,0.0,2015-7-23,Southwest Airlines Co.
Spokane,WA,Chicago,IL,1525,1753.0,148.0,8.0,1801.0,205,185.0,171.0,1511,2252.0,6.0,2050,2258.0,128.0,0,0,0.0,0.0,0.0,2015-8-1,Southwest Airlines Co.
Chantilly,VA,Dallas-Fort Worth,TX,625,622.0,-3.0,15.0,637.0,209,230.0,193.0,1172,850.0,22.0,854,912.0,18.0,0,0,18.0,0.0,0.0,2015-3-22,American Airlines Inc.
Miami,FL,Christiansted,VI,1900,1855.0,-5.0,18.0,1913.0,166,177.0,152.0,1139,2145.0,7.0,2146,2152.0,6.0,0,0,,,,2015-7-15,American Airlines Inc.
Boston,MA,Chicago,IL,705,658.0,-7.0,12.0,710.0,187,182.0,149.0,867,839.0,21.0,912,900.0,-12.0,0,0,,,,2015-12-13,American Airlines Inc.
Tallahassee,FL,Dallas-Fort Worth,TX,619,605.0,-14.0,12.0,617.0,150,146.0,122.0,767,719.0,12.0,749,731.0,-18.0,0,0,,,,2015-9-20,Atlantic Southeast Airlines
Seattle,WA,Oakland,CA,1705,1706.0,1.0,16.0,1722.0,125,123.0,102.0,672,1904.0,5.0,1910,1909.0,-1.0,0,0,,,,2015-7-12,Southwest Airlines Co.
Mobile,AL,Houston,TX,1030,1029.0,-1.0,7.0,1036.0,97,93.0,80.0,427,1156.0,6.0,1207,1202.0,-5.0,0,0,,,,2015-1-13,Atlantic Southeast Airlines
Dallas-Fort Worth,TX,Oklahoma City,OK,1557,1548.0,-9.0,10.0,1558.0,62,53.0,37.0,175,1635.0,6.0,1659,1641.0,-18.0,0,0,,,,2015-6-22,American Airlines Inc.
Miami,FL,Arlington,VA,1410,1408.0,-2.0,13.0,1421.0,153,155.0,130.0,919,1631.0,12.0,1643,1643.0,0.0,0,0,,,,2015-7-20,American Airlines Inc.
Phoenix,AZ,Los Angeles,CA,1700,1659.0,-1.0,15.0,1714.0,90,79.0,57.0,370,1711.0,7.0,1730,1718.0,-12.0,0,0,,,,2015-2-5,Skywest Airlines Inc.
Chicago,IL,San Francisco,CA,1240,1248.0,8.0,29.0,1317.0,295,276.0,241.0,1846,1518.0,6.0,1535,1524.0,-11.0,0,0,,,,2015-12-2,United Air Lines Inc.
Phoenix,AZ,Sacramento,CA,1240,1301.0,21.0,8.0,1309.0,115,103.0,91.0,647,1440.0,4.0,1435,1444.0,9.0,0,0,,,,2015-8-21,Southwest Airlines Co.
Chicago,IL,Ft. Lauderdale,FL,1720,1737.0,17.0,17.0,1754.0,181,168.0,147.0,1182,2121.0,4.0,2121,2125.0,4.0,0,0,,,,2015-1-21,American Airlines Inc.
Atlanta,GA,Daytona Beach,FL,932,927.0,-5.0,18.0,945.0,74,85.0,63.0,366,1048.0,4.0,1046,1052.0,6.0,0,0,,,,2015-4-22,Delta Air Lines Inc.
Houston,TX,Miami,FL,500,455.0,-5.0,9.0,504.0,143,146.0,130.0,964,814.0,7.0,823,821.0,-2.0,0,0,,,,2015-9-23,American Airlines Inc.
Indianapolis,IN,Orlando,FL,1505,1514.0,9.0,10.0,1524.0,135,137.0,118.0,829,1722.0,9.0,1720,1731.0,11.0,0,0,,,,2015-8-31,Southwest Airlines Co.
Austin,TX,Atlanta,GA,1045,1045.0,0.0,19.0,1104.0,129,115.0,91.0,813,1335.0,5.0,1354,1340.0,-14.0,0,0,,,,2015-4-28,Delta Air Lines Inc.
Minneapolis,MN,Rapid City,SD,905,1249.0,224.0,36.0,1325.0,119,115.0,73.0,489,1338.0,6.0,1004,1344.0,220.0,0,0,0.0,0.0,0.0,2015-12-14,Skywest Airlines Inc.
New Orleans,LA,St Louis,MO,1205,1206.0,1.0,7.0,1213.0,100,98.0,87.0,604,1340.0,4.0,1345,1344.0,-1.0,0,0,,,,2015-12-19,Southwest Airlines Co.
Orlando,FL,Buffalo,NY,2040,2054.0,14.0,14.0,2108.0,150,135.0,118.0,1011,2306.0,3.0,2310,2309.0,-1.0,0,0,,,,2015-2-17,Southwest Airlines Co.
Idaho Falls,ID,Salt Lake City,UT,800,754.0,-6.0,6.0,800.0,63,42.0,31.0,188,831.0,5.0,903,836.0,-27.0,0,0,,,,2015-4-29,Skywest Airlines Inc.
Denver,CO,Detroit,MI,610,608.0,-2.0,13.0,621.0,165,162.0,144.0,1123,1045.0,5.0,1055,1050.0,-5.0,0,0,,,,2015-11-14,Delta Air Lines Inc.
Phoenix,AZ,Grand Junction,CO,950,945.0,-5.0,28.0,1013.0,97,93.0,62.0,438,1115.0,3.0,1127,1118.0,-9.0,0,0,,,,2015-11-28,Skywest Airlines Inc.
San Jose,CA,Santa Ana,CA,2115,2111.0,-4.0,6.0,2117.0,70,68.0,58.0,342,2215.0,4.0,2225,2219.0,-6.0,0,0,,,,2015-1-27,Southwest Airlines Co.
Ft. Lauderdale,FL,New York,NY,1130,1131.0,1.0,15.0,1146.0,184,180.0,148.0,1069,1414.0,17.0,1434,1431.0,-3.0,0,0,,,,2015-3-29,Delta Air Lines Inc.
Nashville,TN,Cleveland,OH,2230,2225.0,-5.0,10.0,2235.0,85,82.0,64.0,448,39.0,8.0,55,47.0,-8.0,0,0,,,,2015-12-15,Southwest Airlines Co.
Los Angeles,CA,New York,NY,2330,38.0,68.0,25.0,103.0,321,309.0,279.0,2475,842.0,5.0,751,847.0,56.0,0,0,0.0,0.0,0.0,2015-2-15,American Airlines Inc.
Milwaukee,WI,Minneapolis,MN,1930,2023.0,53.0,13.0,2036.0,74,87.0,70.0,297,2146.0,4.0,2044,2150.0,66.0,0,0,13.0,0.0,0.0,2015-5-7,Delta Air Lines Inc.
Baltimore,MD,Raleigh,NC,1210,1205.0,-5.0,11.0,1216.0,60,63.0,46.0,255,1302.0,6.0,1310,1308.0,-2.0,0,0,,,,2015-4-21,Southwest Airlines Co.
New Orleans,LA,Las Vegas,NV,1425,1422.0,-3.0,5.0,1427.0,240,217.0,207.0,1500,1554.0,5.0,1625,1559.0,-26.0,0,0,,,,2015-12-28,Southwest Airlines Co.
Las Vegas,NV,Chantilly,VA,2244,2245.0,1.0,13.0,2258.0,278,261.0,239.0,2065,557.0,9.0,622,606.0,-16.0,0,0,,,,2015-4-14,United Air Lines Inc.
Austin,TX,Ft. Lauderdale,FL,1235,1230.0,-5.0,11.0,1241.0,150,151.0,136.0,1105,1557.0,4.0,1605,1601.0,-4.0,0,0,,,,2015-3-10,Southwest Airlines Co.
Providence,RI,Chicago,IL,1632,1730.0,58.0,21.0,1751.0,158,190.0,151.0,849,1922.0,18.0,1810,1940.0,90.0,0,0,90.0,0.0,0.0,2015-4-8,Atlantic Southeast Airlines
Atlanta,GA,Austin,TX,956,954.0,-2.0,19.0,1013.0,144,136.0,111.0,813,1104.0,6.0,1120,1110.0,-10.0,0,0,,,,2015-6-25,Delta Air Lines Inc.
Boston,MA,New York,NY,1000,1106.0,66.0,49.0,1155.0,77,106.0,50.0,184,1245.0,7.0,1117,1252.0,95.0,0,0,29.0,0.0,0.0,2015-1-9,Delta Air Lines Inc.
Nashville,TN,Dallas,TX,710,840.0,90.0,8.0,848.0,120,94.0,82.0,623,1010.0,4.0,910,1014.0,64.0,0,0,0.0,0.0,0.0,2015-8-17,Southwest Airlines Co.
Tucson,AZ,Los Angeles,CA,1800,1808.0,8.0,12.0,1820.0,95,89.0,71.0,451,1931.0,6.0,1935,1937.0,2.0,0,0,,,,2015-3-28,Southwest Airlines Co.
Chicago,IL,San Francisco,CA,1530,1529.0,-1.0,68.0,1637.0,282,322.0,248.0,1846,1845.0,6.0,1812,1851.0,39.0,0,0,39.0,0.0,0.0,2015-7-10,American Airlines Inc.
San Francisco,CA,St Louis,MO,1035,1114.0,39.0,12.0,1126.0,230,216.0,200.0,1735,1646.0,4.0,1625,1650.0,25.0,0,0,0.0,0.0,0.0,2015-7-16,Southwest Airlines Co.
Arlington,VA,Chicago,IL,1525,1524.0,-1.0,22.0,1546.0,135,131.0,102.0,601,1628.0,7.0,1640,1635.0,-5.0,0,0,,,,2015-2-11,Southwest Airlines Co.
Nashville,TN,Orlando,FL,930,927.0,-3.0,11.0,938.0,105,106.0,84.0,616,1202.0,11.0,1215,1213.0,-2.0,0,0,,,,2015-7-25,Southwest Airlines Co.
Los Angeles,CA,Chantilly,VA,928,923.0,-5.0,20.0,943.0,300,270.0,244.0,2288,1647.0,6.0,1728,1653.0,-35.0,0,0,,,,2015-4-2,United Air Lines Inc.
Houston,TX,Minneapolis,MN,1917,1933.0,16.0,15.0,1948.0,179,146.0,126.0,1034,2154.0,5.0,2216,2159.0,-17.0,0,0,,,,2015-12-23,United Air Lines Inc.
Des Moines,IA,Chicago,IL,805,800.0,-5.0,9.0,809.0,85,74.0,53.0,299,902.0,12.0,930,914.0,-16.0,0,0,,,,2015-3-30,United Air Lines Inc.
St Louis,MO,Detroit,MI,1329,1324.0,-5.0,13.0,1337.0,95,92.0,70.0,440,1547.0,9.0,1604,1556.0,-8.0,0,0,,,,2015-12-3,Atlantic Southeast Airlines
Dallas-Fort Worth,TX,Seattle,WA,1235,1239.0,4.0,13.0,1252.0,264,242.0,220.0,1660,1432.0,9.0,1459,1441.0,-18.0,0,0,,,,2015-1-12,American Airlines Inc.
Chicago,IL,San Francisco,CA,1700,1654.0,-6.0,21.0,1715.0,296,259.0,232.0,1846,1907.0,6.0,1956,1913.0,-43.0,0,0,,,,2015-4-26,American Airlines Inc.
Orlando,FL,Dallas-Fort Worth,TX,1030,1122.0,52.0,14.0,1136.0,177,159.0,137.0,985,1253.0,8.0,1227,1301.0,34.0,0,0,0.0,0.0,0.0,2015-5-28,American Airlines Inc.
Minneapolis,MN,Philadelphia,PA,1015,1011.0,-4.0,16.0,1027.0,153,149.0,129.0,980,1336.0,4.0,1348,1340.0,-8.0,0,0,,,,2015-3-27,Delta Air Lines Inc.
Midland,TX,Dallas,TX,1710,1704.0,-6.0,12.0,1716.0,65,70.0,50.0,319,1806.0,8.0,1815,1814.0,-1.0,0,0,,,,2015-11-6,Southwest Airlines Co.
Tampa,FL,Detroit,MI,1350,1348.0,-2.0,10.0,1358.0,154,147.0,128.0,983,1606.0,9.0,1624,1615.0,-9.0,0,0,,,,2015-5-22,Delta Air Lines Inc.
Sacramento,CA,Denver,CO,555,554.0,-1.0,9.0,603.0,150,133.0,118.0,909,901.0,6.0,925,907.0,-18.0,0,0,,,,2015-4-23,Southwest Airlines Co.
Louisville,KY,Baltimore,MD,1345,1346.0,1.0,14.0,1400.0,90,90.0,72.0,495,1512.0,4.0,1515,1516.0,1.0,0,0,,,,2015-9-11,Southwest Airlines Co.
Atlanta,GA,Panama City,FL,1340,1335.0,-5.0,14.0,1349.0,68,58.0,41.0,240,1330.0,3.0,1348,1333.0,-15.0,0,0,,,,2015-3-31,Delta Air Lines Inc.
Portland,OR,Santa Barbara,CA,1500,1458.0,-2.0,14.0,1512.0,129,135.0,117.0,784,1709.0,4.0,1709,1713.0,4.0,0,0,,,,2015-8-15,Skywest Airlines Inc.
Fargo,ND,Denver,CO,917,910.0,-7.0,25.0,935.0,132,126.0,90.0,627,1005.0,11.0,1029,1016.0,-13.0,0,0,,,,2015-12-9,Skywest Airlines Inc.
Denver,CO,Tulsa,OK,2017,2006.0,-11.0,16.0,2022.0,96,90.0,67.0,541,2229.0,7.0,2253,2236.0,-17.0,0,0,,,,2015-9-9,United Air Lines Inc.
Dallas-Fort Worth,TX,Windsor Locks,CT,1705,1701.0,-4.0,18.0,1719.0,210,218.0,191.0,1471,2130.0,9.0,2135,2139.0,4.0,0,0,,,,2015-9-22,American Airlines Inc.
Detroit,MI,Binghamton,NY,1345,1344.0,-1.0,12.0,1356.0,82,70.0,54.0,378,1450.0,4.0,1507,1454.0,-13.0,0,0,,,,2015-7-20,Atlantic Southeast Airlines
Atlanta,GA,Minneapolis,MN,1230,1228.0,-2.0,13.0,1241.0,163,164.0,145.0,907,1406.0,6.0,1413,1412.0,-1.0,0,0,,,,2015-4-4,Delta Air Lines Inc.
Charlotte,NC,Ft. Myers,FL,1620,1616.0,-4.0,20.0,1636.0,115,108.0,84.0,600,1800.0,4.0,1815,1804.0,-11.0,0,0,,,,2015-12-12,American Airlines Inc.
Baton Rouge,LA,Atlanta,GA,830,921.0,51.0,11.0,932.0,90,91.0,74.0,448,1146.0,6.0,1100,1152.0,52.0,0,0,1.0,0.0,0.0,2015-6-8,Atlantic Southeast Airlines
Oakland,CA,Portland,OR,1050,1048.0,-2.0,6.0,1054.0,100,93.0,83.0,543,1217.0,4.0,1230,1221.0,-9.0,0,0,,,,2015-2-16,Southwest Airlines Co.
Mobile,AL,Atlanta,GA,730,726.0,-4.0,9.0,735.0,75,70.0,50.0,302,925.0,11.0,945,936.0,-9.0,0,0,,,,2015-1-16,Delta Air Lines Inc.
Dallas-Fort Worth,TX,Lafayette,LA,1355,1628.0,153.0,22.0,1650.0,84,85.0,57.0,351,1747.0,6.0,1519,1753.0,154.0,0,0,1.0,0.0,0.0,2015-5-30,Atlantic Southeast Airlines
Houston,TX,Denver,CO,2133,2132.0,-1.0,13.0,2145.0,155,138.0,117.0,862,2242.0,8.0,2308,2250.0,-18.0,0,0,,,,2015-12-21,United Air Lines Inc.
Des Moines,IA,Dallas-Fort Worth,TX,634,631.0,-3.0,10.0,641.0,136,127.0,79.0,624,800.0,38.0,850,838.0,-12.0,0,0,,,,2015-3-28,American Airlines Inc.
Nashville,TN,Arlington,VA,1305,1300.0,-5.0,9.0,1309.0,105,93.0,77.0,562,1526.0,7.0,1550,1533.0,-17.0,0,0,,,,2015-6-16,Southwest Airlines Co.
Salt Lake City,UT,Twin Falls,ID,2200,2159.0,-1.0,18.0,2217.0,47,50.0,28.0,175,2245.0,4.0,2247,2249.0,2.0,0,0,,,,2015-3-31,Skywest Airlines Inc.
San Diego,CA,Orlando,FL,1110,1108.0,-2.0,11.0,1119.0,280,268.0,250.0,2149,1829.0,7.0,1850,1836.0,-14.0,0,0,,,,2015-5-2,Southwest Airlines Co.
Los Angeles,CA,Boston,MA,1300,1255.0,-5.0,26.0,1321.0,327,321.0,291.0,2611,2112.0,4.0,2127,2116.0,-11.0,0,0,,,,2015-3-22,American Airlines Inc.
Atlanta,GA,Los Angeles,CA,1830,1825.0,-5.0,15.0,1840.0,297,289.0,247.0,1947,1947.0,27.0,2027,2014.0,-13.0,0,0,,,,2015-3-12,American Airlines Inc.
Chicago,IL,Minneapolis,MN,1057,1053.0,-4.0,13.0,1106.0,93,79.0,63.0,349,1209.0,3.0,1230,1212.0,-18.0,0,0,,,,2015-12-13,Atlantic Southeast Airlines
Los Angeles,CA,Reno,NV,1930,1926.0,-4.0,5.0,1931.0,75,66.0,59.0,391,2030.0,2.0,2045,2032.0,-13.0,0,0,,,,2015-5-24,Southwest Airlines Co.
Raleigh,NC,Newark,NJ,630,623.0,-7.0,13.0,636.0,94,90.0,70.0,416,746.0,7.0,804,753.0,-11.0,0,0,,,,2015-9-15,Atlantic Southeast Airlines
Chicago,IL,Nashville,TN,1540,1536.0,-4.0,14.0,1550.0,92,96.0,62.0,409,1652.0,20.0,1712,1712.0,0.0,0,0,,,,2015-3-18,Atlantic Southeast Airlines
Las Vegas,NV,San Francisco,CA,2140,2205.0,25.0,10.0,2215.0,95,89.0,74.0,414,2329.0,5.0,2315,2334.0,19.0,0,0,0.0,0.0,0.0,2015-4-16,Southwest Airlines Co.
Atlanta,GA,Salt Lake City,UT,2145,2139.0,-6.0,18.0,2157.0,246,224.0,201.0,1590,2318.0,5.0,2351,2323.0,-28.0,0,0,,,,2015-6-3,Delta Air Lines Inc.
Chicago,IL,St Louis,MO,1720,1736.0,16.0,10.0,1746.0,65,58.0,44.0,251,1830.0,4.0,1825,1834.0,9.0,0,0,,,,2015-4-15,Southwest Airlines Co.
Houston,TX,Chicago,IL,1912,,,,,157,,,925,,,2149,,,0,1,,,,2015-12-28,United Air Lines Inc.
Dallas-Fort Worth,TX,Seattle,WA,2155,2218.0,23.0,17.0,2235.0,263,251.0,230.0,1660,25.0,4.0,18,29.0,11.0,0,0,,,,2015-3-2,American Airlines Inc.
Chicago,IL,Atlanta,GA,1542,1551.0,9.0,15.0,1606.0,123,126.0,106.0,591,1852.0,5.0,1845,1857.0,12.0,0,0,,,,2015-7-2,Delta Air Lines Inc.
Newark,NJ,Houston,TX,1620,1613.0,-7.0,47.0,1700.0,228,248.0,191.0,1400,1911.0,10.0,1908,1921.0,13.0,0,0,,,,2015-5-7,United Air Lines Inc.
Atlanta,GA,Wichita,KS,1457,1455.0,-2.0,9.0,1504.0,141,127.0,114.0,782,1558.0,4.0,1618,1602.0,-16.0,0,0,,,,2015-3-29,Delta Air Lines Inc.
Denver,CO,Milwaukee,WI,1230,1255.0,25.0,18.0,1313.0,144,124.0,102.0,896,1555.0,4.0,1554,1559.0,5.0,0,0,,,,2015-11-27,Skywest Airlines Inc.
Baltimore,MD,Orlando,FL,1955,1956.0,1.0,8.0,2004.0,145,134.0,122.0,787,2206.0,4.0,2220,2210.0,-10.0,0,0,,,,2015-1-24,Southwest Airlines Co.
Atlanta,GA,Covington,KY,1422,1421.0,-1.0,11.0,1432.0,87,75.0,60.0,373,1532.0,4.0,1549,1536.0,-13.0,0,0,,,,2015-3-15,Delta Air Lines Inc.
Oklahoma City,OK,Chicago,IL,1442,1437.0,-5.0,18.0,1455.0,126,138.0,106.0,693,1641.0,14.0,1648,1655.0,7.0,0,0,,,,2015-12-9,Skywest Airlines Inc.
Tampa,FL,Raleigh,NC,1700,1656.0,-4.0,7.0,1703.0,100,98.0,86.0,587,1829.0,5.0,1840,1834.0,-6.0,0,0,,,,2015-9-2,Southwest Airlines Co.
Orlando,FL,Dallas-Fort Worth,TX,1503,,,,,182,,,985,,,1705,,,0,1,,,,2015-2-28,American Airlines Inc.
Orlando,FL,Atlanta,GA,1020,1019.0,-1.0,7.0,1026.0,90,73.0,61.0,404,1127.0,5.0,1150,1132.0,-18.0,0,0,,,,2015-6-12,Southwest Airlines Co.
Des Moines,IA,Dallas-Fort Worth,TX,605,601.0,-4.0,13.0,614.0,116,120.0,95.0,624,749.0,12.0,801,801.0,0.0,0,0,,,,2015-6-12,American Airlines Inc.
Atlanta,GA,Ft. Lauderdale,FL,855,850.0,-5.0,17.0,907.0,120,112.0,89.0,581,1036.0,6.0,1055,1042.0,-13.0,0,0,,,,2015-7-28,Southwest Airlines Co.
Salt Lake City,UT,Orlando,FL,1710,1706.0,-4.0,16.0,1722.0,260,254.0,232.0,1931,2314.0,6.0,2330,2320.0,-10.0,0,0,,,,2015-6-10,Delta Air Lines Inc.
Houston,TX,Atlanta,GA,1804,1759.0,-5.0,12.0,1811.0,121,123.0,93.0,689,2044.0,18.0,2105,2102.0,-3.0,0,0,,,,2015-4-7,Delta Air Lines Inc.
San Francisco,CA,Burbank,CA,1042,1054.0,12.0,23.0,1117.0,79,75.0,50.0,326,1207.0,2.0,1201,1209.0,8.0,0,0,,,,2015-12-4,Skywest Airlines Inc.
Flint,MI,Baltimore,MD,530,600.0,30.0,12.0,612.0,95,83.0,66.0,452,718.0,5.0,705,723.0,18.0,0,0,0.0,0.0,0.0,2015-4-17,Southwest Airlines Co.
Tampa,FL,Akron,OH,1535,1530.0,-5.0,13.0,1543.0,140,133.0,115.0,894,1738.0,5.0,1755,1743.0,-12.0,0,0,,,,2015-11-5,Southwest Airlines Co.
Milwaukee,WI,New York,NY,1110,,,,,130,,,738,,,1420,,,0,1,,,,2015-2-1,Southwest Airlines Co.
Los Angeles,CA,Denver,CO,1538,1535.0,-3.0,13.0,1548.0,142,144.0,120.0,862,1848.0,11.0,1900,1859.0,-1.0,0,0,,,,2015-2-13,United Air Lines Inc.
Chicago,IL,Tulsa,OK,1911,1922.0,11.0,19.0,1941.0,125,114.0,91.0,585,2112.0,4.0,2116,2116.0,0.0,0,0,,,,2015-3-17,Atlantic Southeast Airlines
Detroit,MI,Allentown,PA,1239,1232.0,-7.0,40.0,1312.0,89,111.0,66.0,425,1418.0,5.0,1408,1423.0,15.0,0,0,15.0,0.0,0.0,2015-11-27,Atlantic Southeast Airlines
Denver,CO,Oklahoma City,OK,1732,1732.0,0.0,14.0,1746.0,95,86.0,60.0,495,1946.0,12.0,2007,1958.0,-9.0,0,0,,,,2015-2-12,Skywest Airlines Inc.
Baltimore,MD,Milwaukee,WI,1620,1619.0,-1.0,14.0,1633.0,120,107.0,88.0,641,1701.0,5.0,1720,1706.0,-14.0,0,0,,,,2015-6-29,Southwest Airlines Co.
Chicago,IL,New Orleans,LA,900,852.0,-8.0,28.0,920.0,140,136.0,106.0,837,1106.0,2.0,1120,1108.0,-12.0,0,0,,,,2015-7-27,United Air Lines Inc.
Chicago,IL,Eau Claire,WI,1934,1929.0,-5.0,17.0,1946.0,80,67.0,47.0,269,2033.0,3.0,2054,2036.0,-18.0,0,0,,,,2015-11-23,Skywest Airlines Inc.
Bakersfield,CA,Phoenix,AZ,630,614.0,-16.0,18.0,632.0,92,94.0,71.0,425,743.0,5.0,802,748.0,-14.0,0,0,,,,2015-9-18,Skywest Airlines Inc.
Los Angeles,CA,New Orleans,LA,1820,1827.0,7.0,8.0,1835.0,215,198.0,187.0,1670,2342.0,3.0,2355,2345.0,-10.0,0,0,,,,2015-5-14,Southwest Airlines Co.
Las Vegas,NV,Phoenix,AZ,2115,2118.0,3.0,18.0,2136.0,70,70.0,44.0,255,2220.0,8.0,2225,2228.0,3.0,0,0,,,,2015-8-9,American Airlines Inc.
Chicago,IL,St Louis,MO,2000,1956.0,-4.0,24.0,2020.0,74,75.0,49.0,258,2109.0,2.0,2114,2111.0,-3.0,0,0,,,,2015-4-14,American Airlines Inc.
San Jose,CA,Santa Ana,CA,1920,1918.0,-2.0,8.0,1926.0,75,68.0,56.0,342,2022.0,4.0,2035,2026.0,-9.0,0,0,,,,2015-2-1,Southwest Airlines Co.
Atlanta,GA,Rochester,NY,2115,2116.0,1.0,15.0,2131.0,133,110.0,91.0,749,2302.0,4.0,2328,2306.0,-22.0,0,0,,,,2015-6-21,Delta Air Lines Inc.
Lansing,MI,Minneapolis,MN,1810,1810.0,0.0,25.0,1835.0,96,103.0,75.0,455,1850.0,3.0,1846,1853.0,7.0,0,0,,,,2015-9-21,Skywest Airlines Inc.
Atlanta,GA,Denver,CO,2150,2200.0,10.0,17.0,2217.0,198,182.0,153.0,1199,2250.0,12.0,2308,2302.0,-6.0,0,0,,,,2015-5-10,Delta Air Lines Inc.
Houston,TX,Harlingen,TX,1508,1501.0,-7.0,18.0,1519.0,69,72.0,50.0,295,1609.0,4.0,1617,1613.0,-4.0,0,0,,,,2015-4-29,Atlantic Southeast Airlines
Arlington,VA,Detroit,MI,1927,1922.0,-5.0,12.0,1934.0,93,80.0,63.0,405,2037.0,5.0,2100,2042.0,-18.0,0,0,,,,2015-7-16,Delta Air Lines Inc.
Boston,MA,Minneapolis,MN,1126,1122.0,-4.0,12.0,1134.0,199,188.0,173.0,1124,1327.0,3.0,1345,1330.0,-15.0,0,0,,,,2015-11-11,Delta Air Lines Inc.
San Antonio,TX,Las Vegas,NV,1400,1356.0,-4.0,10.0,1406.0,180,181.0,166.0,1069,1452.0,5.0,1500,1457.0,-3.0,0,0,,,,2015-11-30,Southwest Airlines Co.
Charleston,SC,Chicago,IL,640,635.0,-5.0,17.0,652.0,143,164.0,135.0,760,807.0,12.0,803,819.0,16.0,0,0,16.0,0.0,0.0,2015-4-30,Atlantic Southeast Airlines
San Francisco,CA,Newark,NJ,1050,1113.0,23.0,30.0,1143.0,335,325.0,284.0,2565,1927.0,11.0,1925,1938.0,13.0,0,0,,,,2015-3-10,United Air Lines Inc.
Las Vegas,NV,Phoenix,AZ,945,954.0,9.0,19.0,1013.0,70,67.0,41.0,255,1154.0,7.0,1155,1201.0,6.0,0,0,,,,2015-12-16,Southwest Airlines Co.
Philadelphia,PA,Orlando,FL,2055,2050.0,-5.0,11.0,2101.0,159,145.0,129.0,861,2310.0,5.0,2334,2315.0,-19.0,0,0,,,,2015-12-6,American Airlines Inc.
Nashville,TN,Kansas City,MO,1035,1043.0,8.0,8.0,1051.0,95,86.0,73.0,491,1204.0,5.0,1210,1209.0,-1.0,0,0,,,,2015-5-14,Southwest Airlines Co.
Dallas,TX,Arlington,VA,930,931.0,1.0,27.0,958.0,175,177.0,145.0,1184,1323.0,5.0,1325,1328.0,3.0,0,0,,,,2015-5-15,Southwest Airlines Co.
El Paso,TX,Phoenix,AZ,545,541.0,-4.0,12.0,553.0,80,73.0,54.0,347,547.0,7.0,605,554.0,-11.0,0,0,,,,2015-5-7,Southwest Airlines Co.
Jacksonville,FL,Atlanta,GA,920,917.0,-3.0,15.0,932.0,77,69.0,41.0,270,1013.0,13.0,1037,1026.0,-11.0,0,0,,,,2015-7-23,Delta Air Lines Inc.
Atlanta,GA,Newark,NJ,545,543.0,-2.0,9.0,552.0,135,112.0,96.0,746,728.0,7.0,800,735.0,-25.0,0,0,,,,2015-11-3,United Air Lines Inc.
Indianapolis,IN,Atlanta,GA,1124,1122.0,-2.0,12.0,1134.0,97,91.0,70.0,432,1244.0,9.0,1301,1253.0,-8.0,0,0,,,,2015-6-10,Delta Air Lines Inc.
Portland,OR,Oakland,CA,1610,1631.0,21.0,10.0,1641.0,100,97.0,79.0,543,1800.0,8.0,1750,1808.0,18.0,0,0,0.0,0.0,0.0,2015-12-12,Southwest Airlines Co.
Newark,NJ,Raleigh,NC,1740,1734.0,-6.0,28.0,1802.0,101,104.0,68.0,416,1910.0,8.0,1921,1918.0,-3.0,0,0,,,,2015-11-18,Atlantic Southeast Airlines
San Francisco,CA,Eugene,OR,1742,1753.0,11.0,20.0,1813.0,96,87.0,63.0,451,1916.0,4.0,1918,1920.0,2.0,0,0,,,,2015-4-27,Skywest Airlines Inc.
Chicago,IL,Dallas-Fort Worth,TX,1810,1814.0,4.0,14.0,1828.0,161,155.0,121.0,802,2029.0,20.0,2051,2049.0,-2.0,0,0,,,,2015-4-2,American Airlines Inc.
Dallas-Fort Worth,TX,Phoenix,AZ,705,704.0,-1.0,12.0,716.0,165,151.0,134.0,868,830.0,5.0,850,835.0,-15.0,0,0,,,,2015-12-15,American Airlines Inc.
San Francisco,CA,Atlanta,GA,610,720.0,70.0,15.0,735.0,291,259.0,238.0,2139,1433.0,6.0,1401,1439.0,38.0,0,0,0.0,0.0,0.0,2015-8-1,Delta Air Lines Inc.
Detroit,MI,Windsor Locks,CT,2145,2142.0,-3.0,13.0,2155.0,100,99.0,75.0,549,2310.0,11.0,2325,2321.0,-4.0,0,0,,,,2015-5-27,Delta Air Lines Inc.
Boise,ID,Salt Lake City,UT,1140,1137.0,-3.0,21.0,1158.0,69,73.0,46.0,290,1244.0,6.0,1249,1250.0,1.0,0,0,,,,2015-11-25,Skywest Airlines Inc.
Tampa,FL,Dallas-Fort Worth,TX,853,853.0,0.0,10.0,903.0,172,161.0,147.0,929,1030.0,4.0,1045,1034.0,-11.0,0,0,,,,2015-2-12,American Airlines Inc.
Boston,MA,Baltimore,MD,915,914.0,-1.0,18.0,932.0,90,86.0,64.0,369,1036.0,4.0,1045,1040.0,-5.0,0,0,,,,2015-6-19,Southwest Airlines Co.
San Francisco,CA,San Diego,CA,2109,2129.0,20.0,13.0,2142.0,96,77.0,61.0,447,2243.0,3.0,2245,2246.0,1.0,0,0,,,,2015-5-15,United Air Lines Inc.
New Orleans,LA,Los Angeles,CA,1859,1854.0,-5.0,15.0,1909.0,246,257.0,219.0,1670,2048.0,23.0,2105,2111.0,6.0,0,0,,,,2015-6-16,Delta Air Lines Inc.
Dallas-Fort Worth,TX,Chicago,IL,740,738.0,-2.0,13.0,751.0,135,138.0,113.0,802,944.0,12.0,955,956.0,1.0,0,0,,,,2015-3-15,American Airlines Inc.
Raleigh,NC,Atlanta,GA,1215,1234.0,19.0,14.0,1248.0,92,97.0,74.0,356,1402.0,9.0,1347,1411.0,24.0,0,0,5.0,0.0,0.0,2015-2-25,Delta Air Lines Inc.
North Bend,OR,San Francisco,CA,1400,1425.0,25.0,7.0,1432.0,89,84.0,70.0,412,1542.0,7.0,1529,1549.0,20.0,0,0,0.0,0.0,0.0,2015-9-30,Skywest Airlines Inc.
Phoenix,AZ,Las Vegas,NV,1810,1805.0,-5.0,12.0,1817.0,67,63.0,44.0,255,1801.0,7.0,1817,1808.0,-9.0,0,0,,,,2015-12-17,American Airlines Inc.
Dallas-Fort Worth,TX,Salt Lake City,UT,1415,1407.0,-8.0,20.0,1427.0,167,168.0,139.0,989,1546.0,9.0,1602,1555.0,-7.0,0,0,,,,2015-11-17,Delta Air Lines Inc.
Boston,MA,Baltimore,MD,1745,1845.0,60.0,13.0,1858.0,100,79.0,62.0,369,2000.0,4.0,1925,2004.0,39.0,0,0,0.0,0.0,0.0,2015-7-13,Southwest Airlines Co.
Atlanta,GA,Houston,TX,1855,1913.0,18.0,19.0,1932.0,137,143.0,120.0,696,2032.0,4.0,2012,2036.0,24.0,0,0,6.0,0.0,0.0,2015-4-27,Delta Air Lines Inc.
Detroit,MI,San Diego,CA,1552,1558.0,6.0,20.0,1618.0,278,283.0,261.0,1956,1739.0,2.0,1730,1741.0,11.0,0,0,,,,2015-7-8,Delta Air Lines Inc.
Chicago,IL,Dallas-Fort Worth,TX,1531,1635.0,64.0,14.0,1649.0,154,131.0,110.0,802,1839.0,7.0,1805,1846.0,41.0,0,0,0.0,0.0,0.0,2015-6-24,American Airlines Inc.
Baton Rouge,LA,Houston,TX,525,521.0,-4.0,11.0,532.0,71,74.0,56.0,253,628.0,7.0,636,635.0,-1.0,0,0,,,,2015-5-13,Atlantic Southeast Airlines
Las Vegas,NV,Phoenix,AZ,1055,1056.0,1.0,10.0,1106.0,70,63.0,47.0,255,1153.0,6.0,1205,1159.0,-6.0,0,0,,,,2015-7-8,Southwest Airlines Co.
San Diego,CA,Denver,CO,1025,1024.0,-1.0,26.0,1050.0,140,141.0,109.0,853,1339.0,6.0,1345,1345.0,0.0,0,0,,,,2015-7-25,Southwest Airlines Co.
Chicago,IL,Arlington,VA,1720,1716.0,-4.0,11.0,1727.0,104,96.0,82.0,612,1949.0,3.0,2004,1952.0,-12.0,0,0,,,,2015-1-30,American Airlines Inc.
Dallas-Fort Worth,TX,Seattle,WA,1050,1113.0,23.0,10.0,1123.0,260,258.0,239.0,1660,1322.0,9.0,1310,1331.0,21.0,0,0,0.0,0.0,0.0,2015-1-3,American Airlines Inc.
Houston,TX,San Diego,CA,1804,1813.0,9.0,16.0,1829.0,200,183.0,164.0,1303,1913.0,3.0,1924,1916.0,-8.0,0,0,,,,2015-8-25,United Air Lines Inc.
Milwaukee,WI,Tampa,FL,615,623.0,8.0,6.0,629.0,180,139.0,129.0,1075,938.0,4.0,1015,942.0,-33.0,0,0,,,,2015-2-20,Southwest Airlines Co.
Oakland,CA,Burbank,CA,945,944.0,-1.0,8.0,952.0,65,56.0,47.0,325,1039.0,1.0,1050,1040.0,-10.0,0,0,,,,2015-12-20,Southwest Airlines Co.
Charlotte,NC,Los Angeles,CA,1800,1759.0,-1.0,17.0,1816.0,313,310.0,272.0,2125,1948.0,21.0,2013,2009.0,-4.0,0,0,,,,2015-8-20,American Airlines Inc.
Detroit,MI,Miami,FL,640,1000.0,200.0,39.0,1039.0,199,204.0,154.0,1145,1313.0,11.0,959,1324.0,205.0,0,0,5.0,0.0,200.0,2015-1-7,American Airlines Inc.
Chicago,IL,Boston,MA,1747,1916.0,89.0,26.0,1942.0,145,141.0,112.0,867,2234.0,3.0,2112,2237.0,85.0,0,0,0.0,0.0,0.0,2015-9-23,United Air Lines Inc.
Birmingham,AL,New York,NY,1603,1756.0,113.0,64.0,1900.0,147,175.0,105.0,866,2145.0,6.0,1930,2151.0,141.0,0,0,28.0,0.0,0.0,2015-3-26,Atlantic Southeast Airlines
Ft. Myers,FL,Atlanta,GA,1026,1026.0,0.0,9.0,1035.0,104,93.0,79.0,515,1154.0,5.0,1210,1159.0,-11.0,0,0,,,,2015-11-25,Delta Air Lines Inc.
Austin,TX,Dallas,TX,730,730.0,0.0,8.0,738.0,55,50.0,38.0,189,816.0,4.0,825,820.0,-5.0,0,0,,,,2015-9-27,Southwest Airlines Co.
Reno,NV,Los Angeles,CA,2035,2038.0,3.0,17.0,2055.0,80,98.0,55.0,391,2150.0,26.0,2155,2216.0,21.0,0,0,21.0,0.0,0.0,2015-11-16,Southwest Airlines Co.
Dallas-Fort Worth,TX,New York,NY,1137,1135.0,-2.0,10.0,1145.0,191,185.0,168.0,1389,1533.0,7.0,1548,1540.0,-8.0,0,0,,,,2015-12-20,American Airlines Inc.
Cleveland,OH,Atlanta,GA,1028,1112.0,44.0,6.0,1118.0,107,86.0,74.0,554,1232.0,6.0,1215,1238.0,23.0,0,0,0.0,0.0,0.0,2015-7-19,Delta Air Lines Inc.
Dallas-Fort Worth,TX,Tucson,AZ,1200,1312.0,72.0,21.0,1333.0,144,139.0,112.0,813,1425.0,6.0,1324,1431.0,67.0,0,0,0.0,0.0,66.0,2015-11-2,American Airlines Inc.
Reno,NV,Las Vegas,NV,1330,1327.0,-3.0,9.0,1336.0,75,72.0,59.0,345,1435.0,4.0,1445,1439.0,-6.0,0,0,,,,2015-1-7,Southwest Airlines Co.
Houston,TX,Dallas,TX,1100,1056.0,-4.0,10.0,1106.0,60,55.0,42.0,239,1148.0,3.0,1200,1151.0,-9.0,0,0,,,,2015-1-16,Southwest Airlines Co.
Dallas-Fort Worth,TX,Oklahoma City,OK,945,940.0,-5.0,14.0,954.0,54,57.0,38.0,175,1032.0,5.0,1039,1037.0,-2.0,0,0,,,,2015-3-6,American Airlines Inc.
Chicago,IL,Fargo,ND,1930,1931.0,1.0,20.0,1951.0,118,109.0,84.0,557,2115.0,5.0,2128,2120.0,-8.0,0,0,,,,2015-7-1,Atlantic Southeast Airlines
Baltimore,MD,Charleston,SC,1355,1407.0,12.0,14.0,1421.0,95,89.0,70.0,472,1531.0,5.0,1530,1536.0,6.0,0,0,,,,2015-6-19,Southwest Airlines Co.
Los Angeles,CA,San Francisco,CA,1030,1024.0,-6.0,18.0,1042.0,83,77.0,56.0,337,1138.0,3.0,1153,1141.0,-12.0,0,0,,,,2015-2-1,American Airlines Inc.
Tampa,FL,Nashville,TN,830,826.0,-4.0,12.0,838.0,105,110.0,92.0,612,910.0,6.0,915,916.0,1.0,0,0,,,,2015-7-16,Southwest Airlines Co.
Charlotte,NC,Miami,FL,700,655.0,-5.0,17.0,712.0,117,107.0,84.0,650,836.0,6.0,857,842.0,-15.0,0,0,,,,2015-7-29,American Airlines Inc.
Charlotte,NC,Jacksonville,FL,1145,1138.0,-7.0,29.0,1207.0,83,88.0,53.0,328,1300.0,6.0,1308,1306.0,-2.0,0,0,,,,2015-7-17,American Airlines Inc.
Miami,FL,Denver,CO,2000,2004.0,4.0,17.0,2021.0,268,271.0,249.0,1709,2230.0,5.0,2228,2235.0,7.0,0,0,,,,2015-4-24,American Airlines Inc.
Atlanta,GA,Greer,SC,1722,1720.0,-2.0,11.0,1731.0,53,44.0,30.0,153,1801.0,3.0,1815,1804.0,-11.0,0,0,,,,2015-2-2,Atlantic Southeast Airlines
Buffalo,NY,Atlanta,GA,1612,1616.0,4.0,9.0,1625.0,138,109.0,92.0,712,1757.0,8.0,1830,1805.0,-25.0,0,0,,,,2015-8-9,Delta Air Lines Inc.
Houston,TX,Orlando,FL,1256,1259.0,3.0,22.0,1321.0,140,145.0,118.0,854,1619.0,5.0,1616,1624.0,8.0,0,0,,,,2015-5-31,United Air Lines Inc.
Tampa,FL,Dallas-Fort Worth,TX,1057,1059.0,2.0,13.0,1112.0,168,169.0,148.0,929,1240.0,8.0,1245,1248.0,3.0,0,0,,,,2015-3-18,American Airlines Inc.
Phoenix,AZ,Dallas-Fort Worth,TX,1955,1946.0,-9.0,15.0,2001.0,141,136.0,112.0,868,2253.0,9.0,2316,2302.0,-14.0,0,0,,,,2015-12-5,American Airlines Inc.
Phoenix,AZ,Portland,OR,700,655.0,-5.0,8.0,703.0,155,143.0,131.0,1009,914.0,4.0,935,918.0,-17.0,0,0,,,,2015-7-11,Southwest Airlines Co.
Atlanta,GA,Kansas City,MO,2040,2335.0,175.0,15.0,2350.0,135,126.0,105.0,692,35.0,6.0,2155,41.0,166.0,0,0,0.0,0.0,0.0,2015-9-10,Southwest Airlines Co.
Newark,NJ,Boston,MA,1840,1836.0,-4.0,48.0,1924.0,86,90.0,35.0,200,1959.0,7.0,2006,2006.0,0.0,0,0,,,,2015-6-26,United Air Lines Inc.
Detroit,MI,Arlington,VA,1520,1546.0,26.0,18.0,1604.0,87,,,405,31.0,5.0,1647,36.0,,1,0,,,,2015-6-18,Delta Air Lines Inc.
Pensacola,FL,Atlanta,GA,1855,1858.0,3.0,9.0,1907.0,85,66.0,43.0,271,2050.0,14.0,2120,2104.0,-16.0,0,0,,,,2015-6-4,Delta Air Lines Inc.
Chicago,IL,Cleveland,OH,1815,1926.0,71.0,10.0,1936.0,75,67.0,48.0,307,2124.0,9.0,2030,2133.0,63.0,0,0,0.0,0.0,0.0,2015-3-6,Southwest Airlines Co.
Tampa,FL,Chicago,IL,603,559.0,-4.0,10.0,609.0,174,165.0,142.0,1012,731.0,13.0,757,744.0,-13.0,0,0,,,,2015-4-2,United Air Lines Inc.
Los Angeles,CA,Lihue,HI,1730,1728.0,-2.0,18.0,1746.0,363,365.0,342.0,2615,2028.0,5.0,2033,2033.0,0.0,0,0,,,,2015-4-2,American Airlines Inc.
Denver,CO,Nashville,TN,1015,1011.0,-4.0,13.0,1024.0,145,147.0,130.0,1014,1334.0,4.0,1340,1338.0,-2.0,0,0,,,,2015-11-8,Southwest Airlines Co.
Santa Ana,CA,Oakland,CA,645,640.0,-5.0,24.0,704.0,95,87.0,57.0,371,801.0,6.0,820,807.0,-13.0,0,0,,,,2015-8-14,Southwest Airlines Co.
Dallas-Fort Worth,TX,San Antonio,TX,2240,2239.0,-1.0,9.0,2248.0,68,64.0,47.0,247,2335.0,8.0,2348,2343.0,-5.0,0,0,,,,2015-11-30,American Airlines Inc.
Houston,TX,Little Rock,AR,1900,1858.0,-2.0,11.0,1909.0,78,79.0,62.0,374,2011.0,6.0,2018,2017.0,-1.0,0,0,,,,2015-1-26,Atlantic Southeast Airlines
Chicago,IL,Arlington,VA,1700,1656.0,-4.0,27.0,1723.0,112,122.0,89.0,612,1952.0,6.0,1952,1958.0,6.0,0,0,,,,2015-3-3,Skywest Airlines Inc.
Houston,TX,Dallas-Fort Worth,TX,1605,1656.0,51.0,51.0,1747.0,80,100.0,40.0,224,1827.0,9.0,1725,1836.0,71.0,0,0,20.0,0.0,35.0,2015-5-30,American Airlines Inc.
Pittsburgh,PA,Houston,TX,1435,1428.0,-7.0,18.0,1446.0,209,205.0,180.0,1117,1646.0,7.0,1704,1653.0,-11.0,0,0,,,,2015-3-14,Atlantic Southeast Airlines
San Francisco,CA,Boston,MA,619,645.0,26.0,16.0,701.0,349,321.0,294.0,2704,1455.0,11.0,1508,1506.0,-2.0,0,0,,,,2015-6-18,United Air Lines Inc.
Los Angeles,CA,Monterey,CA,1620,1616.0,-4.0,29.0,1645.0,65,74.0,41.0,266,1726.0,4.0,1725,1730.0,5.0,0,0,,,,2015-1-29,Skywest Airlines Inc.
El Paso,TX,Houston,TX,808,804.0,-4.0,23.0,827.0,117,121.0,84.0,667,1051.0,14.0,1105,1105.0,0.0,0,0,,,,2015-3-6,Atlantic Southeast Airlines
Chicago,IL,Milwaukee,WI,1424,1523.0,59.0,13.0,1536.0,46,36.0,16.0,67,1552.0,7.0,1510,1559.0,49.0,0,0,0.0,0.0,0.0,2015-9-2,Skywest Airlines Inc.
Jackson,WY,Salt Lake City,UT,700,652.0,-8.0,16.0,708.0,80,55.0,34.0,205,742.0,5.0,820,747.0,-33.0,0,0,,,,2015-12-13,Delta Air Lines Inc.
Las Vegas,NV,Chicago,IL,650,649.0,-1.0,11.0,700.0,210,195.0,177.0,1521,1157.0,7.0,1220,1204.0,-16.0,0,0,,,,2015-1-29,Southwest Airlines Co.
Phoenix,AZ,Dallas-Fort Worth,TX,1110,1106.0,-4.0,13.0,1119.0,145,139.0,113.0,868,1512.0,13.0,1535,1525.0,-10.0,0,0,,,,2015-4-16,American Airlines Inc.
San Francisco,CA,Los Angeles,CA,1442,1551.0,69.0,21.0,1612.0,82,81.0,52.0,337,1704.0,8.0,1604,1712.0,68.0,0,0,0.0,0.0,0.0,2015-1-18,American Airlines Inc.
San Jose,CA,Salt Lake City,UT,1020,1015.0,-5.0,18.0,1033.0,111,115.0,90.0,584,1303.0,7.0,1311,1310.0,-1.0,0,0,,,,2015-3-12,Skywest Airlines Inc.
Las Vegas,NV,Milwaukee,WI,905,900.0,-5.0,12.0,912.0,205,193.0,174.0,1524,1406.0,7.0,1430,1413.0,-17.0,0,0,,,,2015-12-30,Southwest Airlines Co.
Dallas-Fort Worth,TX,Jacksonville,FL,2015,2016.0,1.0,10.0,2026.0,153,135.0,118.0,918,2324.0,7.0,2348,2331.0,-17.0,0,0,,,,2015-7-10,American Airlines Inc.
Boston,MA,Los Angeles,CA,900,850.0,-10.0,20.0,910.0,390,376.0,347.0,2611,1157.0,9.0,1230,1206.0,-24.0,0,0,,,,2015-4-11,American Airlines Inc.
Denver,CO,Burbank,CA,835,833.0,-2.0,13.0,846.0,145,138.0,122.0,850,948.0,3.0,1000,951.0,-9.0,0,0,,,,2015-8-21,Southwest Airlines Co.
Fort Wayne,IN,Chicago,IL,1004,959.0,-5.0,14.0,1013.0,65,53.0,32.0,157,945.0,7.0,1009,952.0,-17.0,0,0,,,,2015-3-16,Skywest Airlines Inc.
Sacramento,CA,Los Angeles,CA,1725,1756.0,31.0,9.0,1805.0,80,79.0,65.0,373,1910.0,5.0,1845,1915.0,30.0,0,0,0.0,0.0,0.0,2015-7-2,Southwest Airlines Co.
San Diego,CA,Phoenix,AZ,655,654.0,-1.0,9.0,703.0,85,61.0,48.0,304,751.0,4.0,820,755.0,-25.0,0,0,,,,2015-9-12,Southwest Airlines Co.
Las Vegas,NV,Detroit,MI,1410,1403.0,-7.0,26.0,1429.0,241,254.0,219.0,1749,2108.0,9.0,2111,2117.0,6.0,0,0,,,,2015-8-12,Delta Air Lines Inc.
Minneapolis,MN,Brainerd,MN,1957,1953.0,-4.0,19.0,2012.0,62,47.0,24.0,114,2036.0,4.0,2059,2040.0,-19.0,0,0,,,,2015-5-2,Skywest Airlines Inc.
Arlington,VA,Milwaukee,WI,1355,1350.0,-5.0,9.0,1359.0,125,105.0,91.0,634,1430.0,5.0,1500,1435.0,-25.0,0,0,,,,2015-7-23,Southwest Airlines Co.
Chicago,IL,Atlanta,GA,1000,956.0,-4.0,20.0,1016.0,118,119.0,91.0,606,1247.0,8.0,1258,1255.0,-3.0,0,0,,,,2015-9-1,Delta Air Lines Inc.
Los Angeles,CA,Nashville,TN,39,228.0,109.0,15.0,243.0,236,252.0,231.0,1797,834.0,6.0,635,840.0,125.0,0,0,16.0,0.0,0.0,2015-12-27,American Airlines Inc.
Philadelphia,PA,Dallas-Fort Worth,TX,1630,1634.0,4.0,29.0,1703.0,237,242.0,197.0,1303,1920.0,16.0,1927,1936.0,9.0,0,0,,,,2015-11-19,American Airlines Inc.
Santa Ana,CA,Dallas-Fort Worth,TX,800,759.0,-1.0,23.0,822.0,182,200.0,164.0,1205,1306.0,13.0,1302,1319.0,17.0,0,0,17.0,0.0,0.0,2015-6-21,American Airlines Inc.
Chicago,IL,Birmingham,AL,1222,1222.0,0.0,26.0,1248.0,106,114.0,83.0,584,1411.0,5.0,1408,1416.0,8.0,0,0,,,,2015-6-19,Skywest Airlines Inc.
Baton Rouge,LA,Atlanta,GA,730,737.0,7.0,20.0,757.0,93,85.0,59.0,448,956.0,6.0,1003,1002.0,-1.0,0,0,,,,2015-12-26,Atlantic Southeast Airlines
Chicago,IL,Cleveland,OH,1722,1832.0,70.0,13.0,1845.0,78,64.0,43.0,315,2028.0,8.0,1940,2036.0,56.0,0,0,0.0,0.0,0.0,2015-3-9,United Air Lines Inc.
Oakland,CA,Dallas,TX,1235,1251.0,16.0,12.0,1303.0,200,207.0,188.0,1468,1811.0,7.0,1755,1818.0,23.0,0,0,7.0,0.0,0.0,2015-5-18,Southwest Airlines Co.
Wichita,KS,Chicago,IL,803,759.0,-4.0,11.0,810.0,114,103.0,84.0,588,934.0,8.0,957,942.0,-15.0,0,0,,,,2015-5-17,Atlantic Southeast Airlines
Newark,NJ,San Diego,CA,2015,2134.0,79.0,14.0,2148.0,377,363.0,346.0,2425,34.0,3.0,2332,37.0,65.0,0,0,0.0,0.0,0.0,2015-11-9,United Air Lines Inc.
New York,NY,Tampa,FL,835,834.0,-1.0,25.0,859.0,174,165.0,138.0,1010,1117.0,2.0,1129,1119.0,-10.0,0,0,,,,2015-5-19,Delta Air Lines Inc.
San Diego,CA,Oakland,CA,1845,1848.0,3.0,9.0,1857.0,85,83.0,68.0,446,2005.0,6.0,2010,2011.0,1.0,0,0,,,,2015-7-27,Southwest Airlines Co.
San Diego,CA,San Francisco,CA,1340,1333.0,-7.0,9.0,1342.0,90,89.0,76.0,447,1458.0,4.0,1510,1502.0,-8.0,0,0,,,,2015-4-25,Southwest Airlines Co.
Dallas-Fort Worth,TX,Chicago,IL,1140,1151.0,11.0,16.0,1207.0,148,137.0,110.0,802,1357.0,11.0,1408,1408.0,0.0,0,0,,,,2015-7-20,American Airlines Inc.
Minneapolis,MN,Tucson,AZ,1116,1117.0,1.0,20.0,1137.0,206,206.0,183.0,1298,1240.0,3.0,1242,1243.0,1.0,0,0,,,,2015-3-19,Delta Air Lines Inc.
Los Angeles,CA,Houston,TX,940,940.0,0.0,17.0,957.0,195,213.0,192.0,1379,1509.0,4.0,1455,1513.0,18.0,0,0,18.0,0.0,0.0,2015-5-20,United Air Lines Inc.
Baltimore,MD,Raleigh,NC,1440,1436.0,-4.0,8.0,1444.0,70,53.0,40.0,255,1524.0,5.0,1550,1529.0,-21.0,0,0,,,,2015-1-31,Southwest Airlines Co.
Detroit,MI,Alpena,MI,833,910.0,37.0,15.0,925.0,72,57.0,39.0,198,1004.0,3.0,945,1007.0,22.0,0,0,0.0,0.0,0.0,2015-12-8,Skywest Airlines Inc.
New York,NY,Minneapolis,MN,1630,1712.0,42.0,43.0,1755.0,211,223.0,168.0,1020,1943.0,12.0,1901,1955.0,54.0,0,0,12.0,0.0,0.0,2015-1-5,Delta Air Lines Inc.
Raleigh,NC,Atlanta,GA,730,724.0,-6.0,26.0,750.0,98,96.0,61.0,356,851.0,9.0,908,900.0,-8.0,0,0,,,,2015-11-21,Delta Air Lines Inc.
Albuquerque,NM,Dallas,TX,1540,1616.0,36.0,8.0,1624.0,95,95.0,83.0,580,1847.0,4.0,1815,1851.0,36.0,0,0,0.0,0.0,0.0,2015-1-12,Southwest Airlines Co.
Newark,NJ,Houston,TX,900,856.0,-4.0,20.0,916.0,235,235.0,205.0,1400,1141.0,10.0,1155,1151.0,-4.0,0,0,,,,2015-4-10,United Air Lines Inc.
Chicago,IL,Paducah,KY,1349,1345.0,-4.0,39.0,1424.0,84,95.0,51.0,342,1515.0,5.0,1513,1520.0,7.0,0,0,,,,2015-6-21,Skywest Airlines Inc.
San Antonio,TX,Dallas-Fort Worth,TX,1430,1430.0,0.0,35.0,1505.0,74,85.0,43.0,247,1548.0,7.0,1544,1555.0,11.0,0,0,,,,2015-7-2,American Airlines Inc.
Denver,CO,Redmond,OR,1345,1337.0,-8.0,11.0,1348.0,158,141.0,125.0,898,1453.0,5.0,1523,1458.0,-25.0,0,0,,,,2015-7-22,Skywest Airlines Inc.
Austin,TX,Atlanta,GA,630,638.0,8.0,16.0,654.0,130,126.0,98.0,813,932.0,12.0,940,944.0,4.0,0,0,,,,2015-12-27,Southwest Airlines Co.
Savannah,GA,Atlanta,GA,730,728.0,-2.0,10.0,738.0,73,54.0,36.0,214,814.0,8.0,843,822.0,-21.0,0,0,,,,2015-7-21,Delta Air Lines Inc.
Baltimore,MD,Las Vegas,NV,955,1002.0,7.0,12.0,1014.0,330,333.0,313.0,2106,1227.0,8.0,1225,1235.0,10.0,0,0,,,,2015-12-11,Southwest Airlines Co.
Houston,TX,Ft. Lauderdale,FL,2005,2025.0,20.0,15.0,2040.0,135,134.0,115.0,957,2335.0,4.0,2320,2339.0,19.0,0,0,0.0,0.0,0.0,2015-11-18,Southwest Airlines Co.
Las Vegas,NV,San Francisco,CA,1254,1318.0,24.0,19.0,1337.0,107,91.0,64.0,414,1441.0,8.0,1441,1449.0,8.0,0,0,,,,2015-6-24,United Air Lines Inc.
Houston,TX,Atlanta,GA,530,527.0,-3.0,12.0,539.0,120,111.0,88.0,696,807.0,11.0,830,818.0,-12.0,0,0,,,,2015-11-3,Southwest Airlines Co.
Albuquerque,NM,Salt Lake City,UT,605,605.0,0.0,11.0,616.0,100,95.0,77.0,493,733.0,7.0,745,740.0,-5.0,0,0,,,,2015-5-30,Delta Air Lines Inc.
El Paso,TX,Dallas,TX,1820,1817.0,-3.0,11.0,1828.0,95,95.0,81.0,562,2049.0,3.0,2055,2052.0,-3.0,0,0,,,,2015-9-21,Southwest Airlines Co.
Phoenix,AZ,Chicago,IL,1505,1505.0,0.0,10.0,1515.0,211,189.0,166.0,1440,2001.0,13.0,2036,2014.0,-22.0,0,0,,,,2015-5-21,American Airlines Inc.
Minneapolis,MN,Detroit,MI,1750,1758.0,8.0,11.0,1809.0,99,87.0,71.0,528,2020.0,5.0,2029,2025.0,-4.0,0,0,,,,2015-4-12,Delta Air Lines Inc.
Minneapolis,MN,Grand Forks,ND,1526,1601.0,35.0,13.0,1614.0,75,69.0,53.0,284,1707.0,3.0,1641,1710.0,29.0,0,0,0.0,0.0,0.0,2015-2-28,Skywest Airlines Inc.
Milwaukee,WI,Arlington,VA,1310,1306.0,-4.0,12.0,1318.0,110,111.0,84.0,634,1542.0,15.0,1600,1557.0,-3.0,0,0,,,,2015-8-9,Southwest Airlines Co.
Boise,ID,Salt Lake City,UT,600,603.0,3.0,11.0,614.0,73,64.0,42.0,290,656.0,11.0,713,707.0,-6.0,0,0,,,,2015-2-26,Delta Air Lines Inc.
Austin,TX,San Diego,CA,1130,1127.0,-3.0,11.0,1138.0,175,173.0,159.0,1164,1217.0,3.0,1225,1220.0,-5.0,0,0,,,,2015-6-7,Southwest Airlines Co.
Orlando,FL,San Antonio,TX,1520,1518.0,-2.0,10.0,1528.0,165,148.0,135.0,1041,1643.0,3.0,1705,1646.0,-19.0,0,0,,,,2015-9-7,Southwest Airlines Co.
Syracuse,NY,Atlanta,GA,1800,1758.0,-2.0,10.0,1808.0,140,161.0,147.0,794,2035.0,4.0,2020,2039.0,19.0,0,0,19.0,0.0,0.0,2015-6-23,Delta Air Lines Inc.
Chicago,IL,Boston,MA,1328,1329.0,1.0,13.0,1342.0,144,124.0,107.0,867,1629.0,4.0,1652,1633.0,-19.0,0,0,,,,2015-7-31,American Airlines Inc.
Savannah,GA,Houston,TX,1353,1343.0,-10.0,11.0,1354.0,167,160.0,143.0,851,1517.0,6.0,1540,1523.0,-17.0,0,0,,,,2015-3-28,Atlantic Southeast Airlines
Dallas-Fort Worth,TX,Shreveport,LA,1850,1856.0,6.0,11.0,1907.0,60,48.0,32.0,190,1939.0,5.0,1950,1944.0,-6.0,0,0,,,,2015-12-20,Atlantic Southeast Airlines
Salt Lake City,UT,Houston,TX,812,816.0,4.0,15.0,831.0,178,176.0,154.0,1195,1205.0,7.0,1210,1212.0,2.0,0,0,,,,2015-4-11,United Air Lines Inc.
Seattle,WA,Sacramento,CA,1750,1754.0,4.0,16.0,1810.0,100,101.0,81.0,605,1931.0,4.0,1930,1935.0,5.0,0,0,,,,2015-5-18,Southwest Airlines Co.
Chattanooga,TN,Detroit,MI,737,734.0,-3.0,11.0,745.0,108,111.0,94.0,505,919.0,6.0,925,925.0,0.0,0,0,,,,2015-2-20,Atlantic Southeast Airlines
Chicago,IL,Milwaukee,WI,829,,,,,51,,,67,,,920,,,0,1,,,,2015-6-7,Skywest Airlines Inc.
Orlando,FL,Louisville,KY,1840,1835.0,-5.0,8.0,1843.0,125,124.0,112.0,719,2035.0,4.0,2045,2039.0,-6.0,0,0,,,,2015-4-22,Southwest Airlines Co.
Chicago,IL,Boston,MA,2105,2114.0,9.0,5.0,2119.0,135,138.0,108.0,861,7.0,25.0,20,32.0,12.0,0,0,,,,2015-2-20,Southwest Airlines Co.
Charlotte,NC,Dallas-Fort Worth,TX,1125,1124.0,-1.0,16.0,1140.0,164,155.0,127.0,936,1247.0,12.0,1309,1259.0,-10.0,0,0,,,,2015-7-29,American Airlines Inc.
Las Vegas,NV,Ontario,CA,1915,2210.0,175.0,12.0,2222.0,50,56.0,36.0,197,2258.0,8.0,2005,2306.0,181.0,0,0,6.0,0.0,0.0,2015-5-2,Southwest Airlines Co.
New York,NY,Minneapolis,MN,1830,1828.0,-2.0,30.0,1858.0,212,171.0,138.0,1029,2016.0,3.0,2102,2019.0,-43.0,0,0,,,,2015-7-6,Delta Air Lines Inc.
New York,NY,Miami,FL,705,658.0,-7.0,32.0,730.0,195,197.0,157.0,1096,1007.0,8.0,1020,1015.0,-5.0,0,0,,,,2015-8-13,Delta Air Lines Inc.
Atlanta,GA,Nashville,TN,2300,608.0,428.0,13.0,621.0,64,53.0,36.0,214,557.0,4.0,2304,601.0,417.0,0,0,0.0,0.0,417.0,2015-5-31,Delta Air Lines Inc.
Chantilly,VA,Atlanta,GA,1355,1357.0,2.0,33.0,1430.0,116,135.0,91.0,534,1601.0,11.0,1551,1612.0,21.0,0,0,21.0,0.0,0.0,2015-11-2,Delta Air Lines Inc.
Orlando,FL,Indianapolis,IN,1325,1334.0,9.0,15.0,1349.0,145,143.0,120.0,829,1549.0,8.0,1550,1557.0,7.0,0,0,,,,2015-11-21,Southwest Airlines Co.
Los Angeles,CA,Dallas-Fort Worth,TX,1144,,,,,181,,,1235,,,1645,,,0,1,,,,2015-3-5,American Airlines Inc.
Ft. Myers,FL,Atlanta,GA,1216,1215.0,-1.0,9.0,1224.0,111,98.0,79.0,515,1343.0,10.0,1407,1353.0,-14.0,0,0,,,,2015-5-2,Delta Air Lines Inc.
Omaha,NE,Minneapolis,MN,1150,1149.0,-1.0,11.0,1200.0,72,71.0,54.0,282,1254.0,6.0,1302,1300.0,-2.0,0,0,,,,2015-3-12,Skywest Airlines Inc.
Tulsa,OK,Houston,TX,1214,1207.0,-7.0,8.0,1215.0,96,93.0,78.0,429,1333.0,7.0,1350,1340.0,-10.0,0,0,,,,2015-1-6,Atlantic Southeast Airlines
Miami,FL,Atlanta,GA,900,856.0,-4.0,15.0,911.0,110,101.0,81.0,594,1032.0,5.0,1050,1037.0,-13.0,0,0,,,,2015-6-21,Delta Air Lines Inc.
Milwaukee,WI,Denver,CO,1930,2017.0,47.0,18.0,2035.0,170,155.0,126.0,896,2141.0,11.0,2120,2152.0,32.0,0,0,0.0,0.0,0.0,2015-1-12,Skywest Airlines Inc.
Ft. Lauderdale,FL,Baltimore,MD,2050,2106.0,16.0,18.0,2124.0,160,152.0,131.0,925,2335.0,3.0,2330,2338.0,8.0,0,0,,,,2015-3-21,Southwest Airlines Co.
Philadelphia,PA,Dallas-Fort Worth,TX,520,521.0,1.0,12.0,533.0,209,197.0,171.0,1303,724.0,14.0,749,738.0,-11.0,0,0,,,,2015-7-21,American Airlines Inc.
St Louis,MO,San Antonio,TX,955,950.0,-5.0,8.0,958.0,125,120.0,108.0,786,1146.0,4.0,1200,1150.0,-10.0,0,0,,,,2015-6-17,Southwest Airlines Co.
Chicago,IL,New Orleans,LA,1550,1649.0,59.0,35.0,1724.0,140,147.0,108.0,837,1912.0,4.0,1810,1916.0,66.0,0,0,7.0,0.0,0.0,2015-6-26,United Air Lines Inc.
Valparaiso,FL,Dallas-Fort Worth,TX,1848,1943.0,55.0,11.0,1954.0,139,121.0,106.0,641,2140.0,4.0,2107,2144.0,37.0,0,0,0.0,0.0,0.0,2015-12-28,Atlantic Southeast Airlines
Sacramento,CA,Santa Ana,CA,1400,1359.0,-1.0,7.0,1406.0,85,80.0,69.0,404,1515.0,4.0,1525,1519.0,-6.0,0,0,,,,2015-8-14,Southwest Airlines Co.
Minneapolis,MN,Spokane,WA,2139,2143.0,4.0,13.0,2156.0,203,195.0,178.0,1175,2254.0,4.0,2302,2258.0,-4.0,0,0,,,,2015-2-4,Delta Air Lines Inc.
Minneapolis,MN,Cleveland,OH,1436,1431.0,-5.0,18.0,1449.0,116,109.0,87.0,622,1716.0,4.0,1732,1720.0,-12.0,0,0,,,,2015-6-2,Atlantic Southeast Airlines
New York,NY,San Francisco,CA,800,801.0,1.0,26.0,827.0,382,362.0,334.0,2586,1101.0,2.0,1122,1103.0,-19.0,0,0,,,,2015-7-3,American Airlines Inc.
Detroit,MI,Phoenix,AZ,850,844.0,-6.0,29.0,913.0,244,237.0,205.0,1671,938.0,3.0,954,941.0,-13.0,0,0,,,,2015-7-5,Delta Air Lines Inc.
New York,NY,Milwaukee,WI,805,837.0,32.0,19.0,856.0,150,129.0,106.0,738,942.0,4.0,935,946.0,11.0,0,0,,,,2015-8-11,Southwest Airlines Co.
New Orleans,LA,Houston,TX,1545,1539.0,-6.0,15.0,1554.0,81,86.0,64.0,305,1658.0,7.0,1706,1705.0,-1.0,0,0,,,,2015-4-5,Atlantic Southeast Airlines
Houston,TX,Corpus Christi,TX,1747,1915.0,88.0,19.0,1934.0,63,78.0,45.0,201,2019.0,14.0,1850,2033.0,103.0,0,0,15.0,0.0,0.0,2015-3-2,Atlantic Southeast Airlines
Denver,CO,Rock Springs,WY,1255,1248.0,-7.0,11.0,1259.0,88,74.0,60.0,260,1359.0,3.0,1423,1402.0,-21.0,0,0,,,,2015-1-22,Skywest Airlines Inc.
Dallas-Fort Worth,TX,Las Vegas,NV,910,906.0,-4.0,25.0,931.0,176,169.0,132.0,1055,943.0,12.0,1006,955.0,-11.0,0,0,,,,2015-7-30,American Airlines Inc.
Wichita,KS,Las Vegas,NV,1405,1407.0,2.0,11.0,1418.0,165,172.0,158.0,986,1456.0,3.0,1450,1459.0,9.0,0,0,,,,2015-4-2,Southwest Airlines Co.
Atlanta,GA,Charlotte,NC,2040,2044.0,4.0,21.0,2105.0,74,65.0,37.0,226,2142.0,7.0,2154,2149.0,-5.0,0,0,,,,2015-4-30,Delta Air Lines Inc.
Norfolk,VA,Houston,TX,1729,1721.0,-8.0,8.0,1729.0,219,225.0,210.0,1201,1959.0,7.0,2008,2006.0,-2.0,0,0,,,,2015-1-2,Atlantic Southeast Airlines
Chicago,IL,Atlanta,GA,602,557.0,-5.0,20.0,617.0,118,116.0,87.0,606,844.0,9.0,900,853.0,-7.0,0,0,,,,2015-5-7,United Air Lines Inc.
Seattle,WA,Denver,CO,700,658.0,-2.0,15.0,713.0,162,150.0,129.0,1024,1022.0,6.0,1042,1028.0,-14.0,0,0,,,,2015-8-10,United Air Lines Inc.
San Antonio,TX,Dallas-Fort Worth,TX,1430,1441.0,11.0,11.0,1452.0,78,61.0,44.0,247,1536.0,6.0,1548,1542.0,-6.0,0,0,,,,2015-9-25,American Airlines Inc.
Dallas-Fort Worth,TX,Atlanta,GA,700,725.0,25.0,17.0,742.0,133,123.0,102.0,731,1024.0,4.0,1013,1028.0,15.0,0,0,0.0,0.0,0.0,2015-6-24,Delta Air Lines Inc.
Detroit,MI,Norfolk,VA,2001,2128.0,87.0,73.0,2241.0,114,151.0,75.0,529,2356.0,3.0,2155,2359.0,124.0,0,0,37.0,0.0,17.0,2015-11-21,Delta Air Lines Inc.
New Orleans,LA,Atlanta,GA,1015,1009.0,-6.0,12.0,1021.0,85,79.0,60.0,425,1221.0,7.0,1240,1228.0,-12.0,0,0,,,,2015-6-7,Delta Air Lines Inc.
Orlando,FL,Atlanta,GA,1625,1620.0,-5.0,8.0,1628.0,95,84.0,68.0,404,1736.0,8.0,1800,1744.0,-16.0,0,0,,,,2015-9-28,Southwest Airlines Co.
Sacramento,CA,Los Angeles,CA,1320,1401.0,41.0,14.0,1415.0,80,89.0,67.0,373,1522.0,8.0,1440,1530.0,50.0,0,0,50.0,0.0,0.0,2015-7-23,Southwest Airlines Co.
Albuquerque,NM,Dallas-Fort Worth,TX,1511,1522.0,11.0,17.0,1539.0,109,109.0,83.0,569,1802.0,9.0,1800,1811.0,11.0,0,0,,,,2015-5-27,American Airlines Inc.
Orlando,FL,New York,NY,1820,1814.0,-6.0,14.0,1828.0,164,171.0,146.0,944,2054.0,11.0,2104,2105.0,1.0,0,0,,,,2015-4-6,American Airlines Inc.
Atlanta,GA,Little Rock,AR,1910,1905.0,-5.0,12.0,1917.0,97,81.0,63.0,453,1920.0,6.0,1947,1926.0,-21.0,0,0,,,,2015-9-2,Delta Air Lines Inc.
Las Vegas,NV,Atlanta,GA,1755,1853.0,58.0,10.0,1903.0,235,224.0,209.0,1747,132.0,5.0,50,137.0,47.0,0,0,0.0,0.0,0.0,2015-7-14,Southwest Airlines Co.
Seattle,WA,Chicago,IL,1050,1053.0,3.0,12.0,1105.0,240,225.0,199.0,1721,1624.0,14.0,1650,1638.0,-12.0,0,0,,,,2015-8-21,American Airlines Inc.
Minneapolis,MN,Aberdeen,SD,924,1304.0,220.0,20.0,1324.0,89,79.0,55.0,257,1419.0,4.0,1053,1423.0,210.0,0,0,0.0,0.0,210.0,2015-12-25,Skywest Airlines Inc.
Denver,CO,Akron,OH,1750,1744.0,-6.0,30.0,1814.0,165,171.0,138.0,1224,2232.0,3.0,2235,2235.0,0.0,0,0,,,,2015-9-7,Southwest Airlines Co.
Grand Rapids,MI,Baltimore,MD,1505,1503.0,-2.0,12.0,1515.0,95,103.0,77.0,528,1632.0,14.0,1640,1646.0,6.0,0,0,,,,2015-7-10,Southwest Airlines Co.
Chicago,IL,Orlando,FL,945,1013.0,28.0,22.0,1035.0,156,160.0,131.0,1005,1346.0,7.0,1321,1353.0,32.0,0,0,4.0,0.0,0.0,2015-7-13,American Airlines Inc.
Salt Lake City,UT,Sacramento,CA,1505,1525.0,20.0,11.0,1536.0,110,99.0,84.0,532,1600.0,4.0,1555,1604.0,9.0,0,0,,,,2015-3-22,Skywest Airlines Inc.
Dallas-Fort Worth,TX,Dayton,OH,1510,1506.0,-4.0,15.0,1521.0,143,152.0,103.0,861,1804.0,34.0,1833,1838.0,5.0,0,0,,,,2015-5-11,American Airlines Inc.
Monroe,LA,Atlanta,GA,600,555.0,-5.0,12.0,607.0,90,85.0,67.0,448,814.0,6.0,830,820.0,-10.0,0,0,,,,2015-8-16,Atlantic Southeast Airlines
Boston,MA,Minneapolis,MN,600,,,,,210,,,1124,,,830,,,0,1,,,,2015-1-28,Delta Air Lines Inc.
Chicago,IL,New York,NY,1945,1942.0,-3.0,14.0,1956.0,128,119.0,101.0,733,2237.0,4.0,2253,2241.0,-12.0,0,0,,,,2015-9-6,American Airlines Inc.
Los Angeles,CA,Las Vegas,NV,800,802.0,2.0,15.0,817.0,72,63.0,41.0,236,858.0,7.0,912,905.0,-7.0,0,0,,,,2015-2-10,United Air Lines Inc.
Denver,CO,Phoenix,AZ,1907,1911.0,4.0,11.0,1922.0,118,98.0,79.0,602,1941.0,8.0,2005,1949.0,-16.0,0,0,,,,2015-3-10,United Air Lines Inc.
Los Angeles,CA,Chicago,IL,601,558.0,-3.0,36.0,634.0,254,262.0,219.0,1744,1213.0,7.0,1215,1220.0,5.0,0,0,,,,2015-6-15,United Air Lines Inc.
Baltimore,MD,Ft. Lauderdale,FL,1425,1424.0,-1.0,14.0,1438.0,165,153.0,135.0,925,1653.0,4.0,1710,1657.0,-13.0,0,0,,,,2015-2-9,Southwest Airlines Co.
Newark,NJ,Los Angeles,CA,700,657.0,-3.0,19.0,716.0,365,386.0,341.0,2454,957.0,26.0,1005,1023.0,18.0,0,0,18.0,0.0,0.0,2015-4-8,United Air Lines Inc.
Portland,OR,Dallas-Fort Worth,TX,705,701.0,-4.0,12.0,713.0,226,225.0,194.0,1616,1227.0,19.0,1251,1246.0,-5.0,0,0,,,,2015-6-23,American Airlines Inc.
Shreveport,LA,Atlanta,GA,730,727.0,-3.0,10.0,737.0,102,96.0,77.0,551,954.0,9.0,1012,1003.0,-9.0,0,0,,,,2015-4-12,Atlantic Southeast Airlines
St Louis,MO,Chicago,IL,600,556.0,-4.0,19.0,615.0,75,74.0,46.0,251,701.0,9.0,715,710.0,-5.0,0,0,,,,2015-2-27,Southwest Airlines Co.
San Jose,CA,Los Angeles,CA,1238,1235.0,-3.0,12.0,1247.0,82,70.0,51.0,308,1338.0,7.0,1400,1345.0,-15.0,0,0,,,,2015-5-27,Skywest Airlines Inc.
Houston,TX,Huntsville,AL,1922,1918.0,-4.0,18.0,1936.0,104,112.0,89.0,595,2105.0,5.0,2106,2110.0,4.0,0,0,,,,2015-11-2,Atlantic Southeast Airlines
Chicago,IL,Denver,CO,1830,1831.0,1.0,7.0,1838.0,160,139.0,126.0,895,1944.0,6.0,2010,1950.0,-20.0,0,0,,,,2015-1-17,Southwest Airlines Co.
Salt Lake City,UT,Detroit,MI,30,26.0,-4.0,15.0,41.0,208,197.0,170.0,1481,531.0,12.0,558,543.0,-15.0,0,0,,,,2015-2-13,Delta Air Lines Inc.
Houston,TX,Philadelphia,PA,625,619.0,-6.0,10.0,629.0,188,171.0,146.0,1325,955.0,15.0,1033,1010.0,-23.0,0,0,,,,2015-11-12,American Airlines Inc.
Alpena,MI,Detroit,MI,1730,1730.0,0.0,13.0,1743.0,64,66.0,43.0,198,1826.0,10.0,1834,1836.0,2.0,0,0,,,,2015-8-30,Skywest Airlines Inc.
Chicago,IL,Philadelphia,PA,1159,1158.0,-1.0,21.0,1219.0,130,120.0,94.0,678,1453.0,5.0,1509,1458.0,-11.0,0,0,,,,2015-8-7,American Airlines Inc.
Las Vegas,NV,San Francisco,CA,1131,1126.0,-5.0,19.0,1145.0,104,94.0,70.0,414,1255.0,5.0,1315,1300.0,-15.0,0,0,,,,2015-11-17,Skywest Airlines Inc.
Salt Lake City,UT,Miami,FL,2359,,,,,279,,,2088,,,638,,,0,1,,,,2015-5-25,American Airlines Inc.
Agana,GU,Honolulu,HI,630,643.0,13.0,30.0,713.0,440,461.0,426.0,3801,1819.0,5.0,1750,1824.0,34.0,0,0,21.0,0.0,0.0,2015-7-2,United Air Lines Inc.
Houston,TX,Corpus Christi,TX,1537,1533.0,-4.0,9.0,1542.0,63,53.0,39.0,201,1621.0,5.0,1640,1626.0,-14.0,0,0,,,,2015-9-15,Atlantic Southeast Airlines
Dallas-Fort Worth,TX,Philadelphia,PA,825,828.0,3.0,14.0,842.0,199,188.0,167.0,1303,1229.0,7.0,1244,1236.0,-8.0,0,0,,,,2015-7-3,American Airlines Inc.
Minneapolis,MN,St Louis,MO,1728,1726.0,-2.0,11.0,1737.0,86,77.0,61.0,448,1838.0,5.0,1854,1843.0,-11.0,0,0,,,,2015-4-10,Delta Air Lines Inc.
Milwaukee,WI,Houston,TX,710,703.0,-7.0,16.0,719.0,164,151.0,126.0,984,925.0,9.0,954,934.0,-20.0,0,0,,,,2015-7-15,Skywest Airlines Inc.
Dallas,TX,Houston,TX,700,706.0,6.0,25.0,731.0,65,125.0,85.0,239,856.0,15.0,805,911.0,66.0,0,0,60.0,0.0,0.0,2015-9-9,Southwest Airlines Co.
Salt Lake City,UT,Boston,MA,1720,1716.0,-4.0,12.0,1728.0,269,246.0,227.0,2105,2315.0,7.0,2349,2322.0,-27.0,0,0,,,,2015-4-4,Delta Air Lines Inc.
Chicago,IL,Chantilly,VA,600,555.0,-5.0,11.0,606.0,115,94.0,78.0,589,824.0,5.0,855,829.0,-26.0,0,0,,,,2015-7-4,United Air Lines Inc.
Dallas-Fort Worth,TX,Chicago,IL,1015,1018.0,3.0,22.0,1040.0,146,142.0,109.0,802,1229.0,11.0,1241,1240.0,-1.0,0,0,,,,2015-11-14,American Airlines Inc.
Ft. Myers,FL,Atlanta,GA,1630,1626.0,-4.0,16.0,1642.0,112,127.0,93.0,515,1815.0,18.0,1822,1833.0,11.0,0,0,,,,2015-12-23,Delta Air Lines Inc.
Boston,MA,Chicago,IL,657,702.0,5.0,18.0,720.0,172,190.0,148.0,867,848.0,24.0,849,912.0,23.0,0,0,23.0,0.0,0.0,2015-2-26,United Air Lines Inc.
Atlanta,GA,Charlottesville,VA,1725,1720.0,-5.0,9.0,1729.0,85,85.0,73.0,457,1842.0,3.0,1850,1845.0,-5.0,0,0,,,,2015-1-17,Atlantic Southeast Airlines
Atlanta,GA,Buffalo,NY,821,820.0,-1.0,14.0,834.0,118,114.0,95.0,712,1009.0,5.0,1019,1014.0,-5.0,0,0,,,,2015-8-27,Delta Air Lines Inc.
Indianapolis,IN,Kansas City,MO,1210,1208.0,-2.0,9.0,1217.0,95,83.0,71.0,451,1228.0,3.0,1245,1231.0,-14.0,0,0,,,,2015-12-5,Southwest Airlines Co.
Arlington,VA,Detroit,MI,1929,1948.0,19.0,17.0,2005.0,91,87.0,67.0,405,2112.0,3.0,2100,2115.0,15.0,0,0,0.0,0.0,0.0,2015-4-1,Delta Air Lines Inc.
Orlando,FL,Kansas City,MO,1530,1529.0,-1.0,10.0,1539.0,185,171.0,157.0,1072,1716.0,4.0,1735,1720.0,-15.0,0,0,,,,2015-11-12,Southwest Airlines Co.
Redmond,OR,Salt Lake City,UT,1305,1248.0,-17.0,12.0,1300.0,95,87.0,69.0,525,1509.0,6.0,1540,1515.0,-25.0,0,0,,,,2015-2-2,Skywest Airlines Inc.
Austin,TX,Phoenix,AZ,720,717.0,-3.0,12.0,729.0,155,152.0,132.0,872,741.0,8.0,755,749.0,-6.0,0,0,,,,2015-3-23,Southwest Airlines Co.
Salt Lake City,UT,Phoenix,AZ,1654,1649.0,-5.0,20.0,1709.0,100,90.0,67.0,507,1816.0,3.0,1834,1819.0,-15.0,0,0,,,,2015-2-17,Skywest Airlines Inc.
Minneapolis,MN,Chicago,IL,928,923.0,-5.0,58.0,1021.0,96,134.0,64.0,334,1125.0,12.0,1104,1137.0,33.0,0,0,33.0,0.0,0.0,2015-11-26,American Airlines Inc.
Las Vegas,NV,Minneapolis,MN,1142,1142.0,0.0,21.0,1203.0,183,193.0,165.0,1299,1648.0,7.0,1645,1655.0,10.0,0,0,,,,2015-7-16,Delta Air Lines Inc.
Chicago,IL,Springfield,MO,1946,1944.0,-2.0,13.0,1957.0,99,88.0,70.0,438,2107.0,5.0,2125,2112.0,-13.0,0,0,,,,2015-4-21,Atlantic Southeast Airlines
Las Vegas,NV,Austin,TX,1050,1052.0,2.0,11.0,1103.0,155,149.0,134.0,1090,1517.0,4.0,1525,1521.0,-4.0,0,0,,,,2015-2-17,Southwest Airlines Co.
Atlanta,GA,Philadelphia,PA,640,637.0,-3.0,17.0,654.0,119,123.0,102.0,666,836.0,4.0,839,840.0,1.0,0,0,,,,2015-7-1,American Airlines Inc.
Denver,CO,Dallas,TX,535,533.0,-2.0,11.0,544.0,115,107.0,91.0,651,815.0,5.0,830,820.0,-10.0,0,0,,,,2015-8-4,Southwest Airlines Co.
Chicago,IL,Baltimore,MD,2210,2243.0,33.0,14.0,2257.0,100,99.0,81.0,611,118.0,4.0,50,122.0,32.0,0,0,0.0,0.0,0.0,2015-7-16,Southwest Airlines Co.
Boston,MA,New York,NY,600,603.0,3.0,20.0,623.0,85,84.0,51.0,187,714.0,13.0,725,727.0,2.0,0,0,,,,2015-12-14,Delta Air Lines Inc.
Minneapolis,MN,St Louis,MO,530,529.0,-1.0,12.0,541.0,85,76.0,60.0,448,641.0,4.0,655,645.0,-10.0,0,0,,,,2015-8-13,Southwest Airlines Co.
Denver,CO,Chantilly,VA,1255,1516.0,141.0,18.0,1534.0,205,191.0,166.0,1452,2020.0,7.0,1820,2027.0,127.0,0,0,0.0,0.0,0.0,2015-6-16,United Air Lines Inc.
Eugene,OR,San Francisco,CA,1400,1813.0,253.0,17.0,1830.0,92,134.0,104.0,451,2014.0,13.0,1532,2027.0,295.0,0,0,291.0,0.0,0.0,2015-12-18,Skywest Airlines Inc.
Austin,TX,Orlando,FL,1900,1855.0,-5.0,8.0,1903.0,150,131.0,117.0,994,2200.0,6.0,2230,2206.0,-24.0,0,0,,,,2015-4-15,Southwest Airlines Co.
St Louis,MO,Los Angeles,CA,2215,2237.0,22.0,6.0,2243.0,255,266.0,244.0,1592,47.0,16.0,30,103.0,33.0,0,0,11.0,0.0,0.0,2015-12-23,Southwest Airlines Co.
St Louis,MO,Kansas City,MO,2150,2152.0,2.0,8.0,2200.0,60,56.0,43.0,237,2243.0,5.0,2250,2248.0,-2.0,0,0,,,,2015-8-5,Southwest Airlines Co.
New York,NY,Miami,FL,1935,2142.0,127.0,45.0,2227.0,196,191.0,140.0,1096,47.0,6.0,2251,53.0,122.0,0,0,2.0,0.0,0.0,2015-7-21,American Airlines Inc.
Austin,TX,Houston,TX,1715,1739.0,24.0,10.0,1749.0,57,45.0,30.0,140,1819.0,5.0,1812,1824.0,12.0,0,0,,,,2015-4-30,United Air Lines Inc.
Phoenix,AZ,Ontario,CA,1610,1608.0,-2.0,9.0,1617.0,60,59.0,46.0,325,1703.0,4.0,1710,1707.0,-3.0,0,0,,,,2015-6-25,Southwest Airlines Co.
Chicago,IL,San Diego,CA,1924,1926.0,2.0,15.0,1941.0,261,240.0,220.0,1723,2121.0,5.0,2145,2126.0,-19.0,0,0,,,,2015-7-28,United Air Lines Inc.
Chicago,IL,Atlanta,GA,1118,1121.0,3.0,38.0,1159.0,116,159.0,100.0,591,1439.0,21.0,1414,1500.0,46.0,0,0,46.0,0.0,0.0,2015-1-4,Delta Air Lines Inc.
Nashville,TN,Dallas,TX,1940,1953.0,13.0,9.0,2002.0,115,93.0,81.0,623,2123.0,3.0,2135,2126.0,-9.0,0,0,,,,2015-6-3,Southwest Airlines Co.
San Diego,CA,Houston,TX,800,757.0,-3.0,10.0,807.0,180,161.0,145.0,1313,1232.0,6.0,1300,1238.0,-22.0,0,0,,,,2015-5-3,Southwest Airlines Co.
San Francisco,CA,San Diego,CA,1047,1047.0,0.0,19.0,1106.0,94,94.0,71.0,447,1217.0,4.0,1221,1221.0,0.0,0,0,,,,2015-1-28,United Air Lines Inc.
Dallas-Fort Worth,TX,New York,NY,856,849.0,-7.0,19.0,908.0,214,208.0,182.0,1389,1310.0,7.0,1330,1317.0,-13.0,0,0,,,,2015-8-3,American Airlines Inc.
Los Angeles,CA,Minneapolis,MN,1515,1510.0,-5.0,18.0,1528.0,212,200.0,177.0,1535,2025.0,5.0,2047,2030.0,-17.0,0,0,,,,2015-5-19,Delta Air Lines Inc.
Houston,TX,Minneapolis,MN,1400,1433.0,33.0,14.0,1447.0,165,149.0,132.0,1034,1659.0,3.0,1645,1702.0,17.0,0,0,0.0,0.0,0.0,2015-3-14,Skywest Airlines Inc.
Cleveland,OH,Phoenix,AZ,720,718.0,-2.0,14.0,732.0,255,244.0,224.0,1737,816.0,6.0,835,822.0,-13.0,0,0,,,,2015-7-4,Southwest Airlines Co.
Amarillo,TX,Dallas,TX,1855,1849.0,-6.0,9.0,1858.0,65,60.0,48.0,323,1946.0,3.0,2000,1949.0,-11.0,0,0,,,,2015-1-8,Southwest Airlines Co.
Philadelphia,PA,Orlando,FL,1355,1447.0,52.0,13.0,1500.0,155,145.0,124.0,861,1704.0,8.0,1630,1712.0,42.0,0,0,0.0,0.0,0.0,2015-12-17,American Airlines Inc.
Missoula,MT,Salt Lake City,UT,1745,1730.0,-15.0,8.0,1738.0,86,77.0,64.0,436,1842.0,5.0,1911,1847.0,-24.0,0,0,,,,2015-7-28,Skywest Airlines Inc.
Springfield,IL,Chicago,IL,1054,1044.0,-10.0,8.0,1052.0,66,57.0,39.0,174,1131.0,10.0,1200,1141.0,-19.0,0,0,,,,2015-4-28,Skywest Airlines Inc.
Sacramento,CA,Phoenix,AZ,605,603.0,-2.0,15.0,618.0,110,115.0,82.0,647,840.0,18.0,855,858.0,3.0,0,0,,,,2015-12-22,American Airlines Inc.
Peoria,IL,Chicago,IL,1933,1922.0,-11.0,11.0,1933.0,55,71.0,35.0,130,2008.0,25.0,2028,2033.0,5.0,0,0,,,,2015-5-3,Skywest Airlines Inc.
Ft. Lauderdale,FL,Houston,TX,635,637.0,2.0,7.0,644.0,185,172.0,151.0,957,815.0,14.0,840,829.0,-11.0,0,0,,,,2015-2-25,Southwest Airlines Co.
Salt Lake City,UT,Boise,ID,2003,2210.0,127.0,35.0,2245.0,71,84.0,43.0,290,2328.0,6.0,2114,2334.0,140.0,0,0,13.0,0.0,0.0,2015-8-13,Skywest Airlines Inc.
Atlanta,GA,Mobile,AL,816,812.0,-4.0,15.0,827.0,82,81.0,62.0,302,829.0,4.0,838,833.0,-5.0,0,0,,,,2015-11-12,Atlantic Southeast Airlines
Anchorage,AK,Denver,CO,2350,2344.0,-6.0,10.0,2354.0,310,293.0,275.0,2405,629.0,8.0,700,637.0,-23.0,0,0,,,,2015-8-29,United Air Lines Inc.
Arlington,VA,West Palm Beach,FL,848,848.0,0.0,33.0,921.0,152,158.0,121.0,857,1122.0,4.0,1120,1126.0,6.0,0,0,,,,2015-7-1,American Airlines Inc.
Seattle,WA,San Francisco,CA,710,932.0,142.0,16.0,948.0,145,110.0,89.0,679,1117.0,5.0,935,1122.0,107.0,0,0,0.0,0.0,0.0,2015-12-14,United Air Lines Inc.
Las Vegas,NV,Baltimore,MD,520,517.0,-3.0,13.0,530.0,275,261.0,243.0,2106,1233.0,5.0,1255,1238.0,-17.0,0,0,,,,2015-6-26,Southwest Airlines Co.
Miami,FL,Los Angeles,CA,1835,1833.0,-2.0,22.0,1855.0,330,311.0,285.0,2342,2040.0,4.0,2105,2044.0,-21.0,0,0,,,,2015-7-13,American Airlines Inc.
Madison,WI,Atlanta,GA,1109,1106.0,-3.0,9.0,1115.0,128,112.0,99.0,707,1354.0,4.0,1417,1358.0,-19.0,0,0,,,,2015-3-6,Delta Air Lines Inc.
Houston,TX,Miami,FL,800,754.0,-6.0,17.0,811.0,153,148.0,124.0,964,1115.0,7.0,1133,1122.0,-11.0,0,0,,,,2015-6-5,American Airlines Inc.
Newark,NJ,Chicago,IL,1825,1820.0,-5.0,24.0,1844.0,150,144.0,104.0,711,1928.0,16.0,1955,1944.0,-11.0,0,0,,,,2015-9-14,Southwest Airlines Co.
Dallas-Fort Worth,TX,San Antonio,TX,2155,,,,,68,,,247,,,2303,,,0,1,,,,2015-6-17,American Airlines Inc.
Salt Lake City,UT,Sacramento,CA,1505,1455.0,-10.0,11.0,1506.0,110,94.0,79.0,532,1525.0,4.0,1555,1529.0,-26.0,0,0,,,,2015-3-19,Skywest Airlines Inc.
Newark,NJ,Louisville,KY,2128,2116.0,-12.0,22.0,2138.0,138,137.0,106.0,642,2324.0,9.0,2346,2333.0,-13.0,0,0,,,,2015-12-8,Atlantic Southeast Airlines
Dallas,TX,Phoenix,AZ,1645,1646.0,1.0,8.0,1654.0,155,152.0,138.0,879,1812.0,6.0,1820,1818.0,-2.0,0,0,,,,2015-12-24,Southwest Airlines Co.
Chicago,IL,Erie,PA,1350,1345.0,-5.0,42.0,1427.0,84,99.0,55.0,398,1622.0,2.0,1614,1624.0,10.0,0,0,,,,2015-6-18,Atlantic Southeast Airlines
Atlanta,GA,Raleigh,NC,2305,35.0,90.0,14.0,49.0,81,68.0,51.0,356,140.0,3.0,26,143.0,77.0,0,0,0.0,0.0,0.0,2015-7-5,Delta Air Lines Inc.
El Paso,TX,Houston,TX,1620,1617.0,-3.0,9.0,1626.0,110,104.0,92.0,677,1858.0,3.0,1910,1901.0,-9.0,0,0,,,,2015-9-2,Southwest Airlines Co.
Detroit,MI,Denver,CO,1625,1827.0,122.0,20.0,1847.0,200,193.0,162.0,1123,1929.0,11.0,1745,1940.0,115.0,0,0,0.0,0.0,115.0,2015-12-15,Southwest Airlines Co.
Detroit,MI,Nashville,TN,645,646.0,1.0,15.0,701.0,95,93.0,73.0,456,714.0,5.0,720,719.0,-1.0,0,0,,,,2015-7-21,Southwest Airlines Co.
Minneapolis,MN,Richmond,VA,1915,1914.0,-1.0,14.0,1928.0,149,136.0,118.0,970,2226.0,4.0,2244,2230.0,-14.0,0,0,,,,2015-3-19,Atlantic Southeast Airlines
Chicago,IL,Seattle,WA,730,726.0,-4.0,47.0,813.0,256,296.0,240.0,1721,1013.0,9.0,946,1022.0,36.0,0,0,36.0,0.0,0.0,2015-6-18,United Air Lines Inc.
Chicago,IL,Columbus,OH,1710,1702.0,-8.0,18.0,1720.0,80,68.0,47.0,296,1907.0,3.0,1930,1910.0,-20.0,0,0,,,,2015-3-12,United Air Lines Inc.
New York,NY,Boston,MA,759,755.0,-4.0,28.0,823.0,71,74.0,35.0,184,858.0,11.0,910,909.0,-1.0,0,0,,,,2015-3-18,Delta Air Lines Inc.
New York,NY,Cleveland,OH,1539,1528.0,-11.0,30.0,1558.0,109,122.0,84.0,419,1722.0,8.0,1728,1730.0,2.0,0,0,,,,2015-12-28,Atlantic Southeast Airlines
Denver,CO,Minot,ND,1944,2019.0,35.0,22.0,2041.0,106,110.0,83.0,604,2304.0,5.0,2230,2309.0,39.0,0,0,4.0,0.0,35.0,2015-7-2,Skywest Airlines Inc.
Memphis,TN,Newark,NJ,600,555.0,-5.0,12.0,607.0,161,153.0,128.0,946,915.0,13.0,941,928.0,-13.0,0,0,,,,2015-5-20,Atlantic Southeast Airlines
Chicago,IL,Covington,KY,1748,1751.0,3.0,31.0,1822.0,73,86.0,48.0,265,2010.0,7.0,2001,2017.0,16.0,0,0,13.0,0.0,0.0,2015-9-21,Skywest Airlines Inc.
Miami,FL,Baltimore,MD,705,659.0,-6.0,21.0,720.0,153,159.0,134.0,946,934.0,4.0,938,938.0,0.0,0,0,,,,2015-9-14,American Airlines Inc.
Santa Ana,CA,Chicago,IL,807,804.0,-3.0,11.0,815.0,233,225.0,203.0,1726,1338.0,11.0,1400,1349.0,-11.0,0,0,,,,2015-2-19,American Airlines Inc.
San Francisco,CA,Newark,NJ,656,651.0,-5.0,15.0,706.0,333,330.0,305.0,2565,1511.0,10.0,1529,1521.0,-8.0,0,0,,,,2015-4-18,United Air Lines Inc.
Dallas-Fort Worth,TX,San Antonio,TX,1625,1622.0,-3.0,21.0,1643.0,64,67.0,41.0,247,1724.0,5.0,1729,1729.0,0.0,0,0,,,,2015-8-26,American Airlines Inc.
San Francisco,CA,San Diego,CA,605,600.0,-5.0,12.0,612.0,95,81.0,65.0,447,717.0,4.0,740,721.0,-19.0,0,0,,,,2015-3-10,Southwest Airlines Co.
Chicago,IL,Ft. Lauderdale,FL,1945,1951.0,6.0,17.0,2008.0,170,169.0,148.0,1166,2336.0,4.0,2335,2340.0,5.0,0,0,,,,2015-3-24,Southwest Airlines Co.
Detroit,MI,Boston,MA,1725,1725.0,0.0,21.0,1746.0,110,123.0,96.0,632,1922.0,6.0,1915,1928.0,13.0,0,0,,,,2015-3-26,Delta Air Lines Inc.
Santa Ana,CA,Atlanta,GA,1250,2011.0,441.0,11.0,2022.0,246,215.0,194.0,1919,236.0,10.0,1956,246.0,410.0,0,0,0.0,0.0,0.0,2015-12-24,Delta Air Lines Inc.
Dallas,TX,New York,NY,705,703.0,-2.0,10.0,713.0,205,188.0,170.0,1381,1103.0,8.0,1130,1111.0,-19.0,0,0,,,,2015-5-14,Southwest Airlines Co.
Houston,TX,McAllen,TX,1430,1529.0,59.0,25.0,1554.0,76,85.0,56.0,316,1650.0,4.0,1546,1654.0,68.0,0,0,9.0,0.0,0.0,2015-4-17,Skywest Airlines Inc.
Phoenix,AZ,Salt Lake City,UT,1720,1723.0,3.0,10.0,1733.0,95,83.0,70.0,507,1843.0,3.0,1855,1846.0,-9.0,0,0,,,,2015-1-20,Southwest Airlines Co.
Denver,CO,Orlando,FL,1230,1224.0,-6.0,11.0,1235.0,220,212.0,193.0,1546,1748.0,8.0,1810,1756.0,-14.0,0,0,,,,2015-6-13,United Air Lines Inc.
Palm Springs,CA,Los Angeles,CA,1718,1710.0,-8.0,10.0,1720.0,54,64.0,32.0,110,1752.0,22.0,1812,1814.0,2.0,0,0,,,,2015-4-18,Skywest Airlines Inc.
Reno,NV,Phoenix,AZ,1605,1640.0,35.0,8.0,1648.0,105,97.0,84.0,601,1812.0,5.0,1750,1817.0,27.0,0,0,0.0,0.0,0.0,2015-5-3,Southwest Airlines Co.
Detroit,MI,Salt Lake City,UT,1905,2038.0,93.0,37.0,2115.0,241,245.0,205.0,1481,2240.0,3.0,2106,2243.0,97.0,0,0,4.0,0.0,0.0,2015-2-13,Delta Air Lines Inc.
Atlanta,GA,Fort Wayne,IN,2041,2044.0,3.0,20.0,2104.0,100,99.0,74.0,508,2218.0,5.0,2221,2223.0,2.0,0,0,,,,2015-7-22,Skywest Airlines Inc.
Minneapolis,MN,Detroit,MI,1530,1526.0,-4.0,11.0,1537.0,100,94.0,72.0,528,1749.0,11.0,1810,1800.0,-10.0,0,0,,,,2015-1-26,Delta Air Lines Inc.
Denver,CO,Las Vegas,NV,1300,1356.0,56.0,13.0,1409.0,115,114.0,93.0,628,1442.0,8.0,1355,1450.0,55.0,0,0,0.0,0.0,0.0,2015-12-31,Southwest Airlines Co.
Los Angeles,CA,San Francisco,CA,1700,1707.0,7.0,38.0,1745.0,84,92.0,51.0,337,1836.0,3.0,1824,1839.0,15.0,0,0,8.0,0.0,0.0,2015-9-2,Delta Air Lines Inc.
Las Vegas,NV,Los Angeles,CA,1300,1309.0,9.0,22.0,1331.0,65,70.0,43.0,236,1414.0,5.0,1405,1419.0,14.0,0,0,,,,2015-1-28,Southwest Airlines Co.
Charlotte Amalie,VI,Miami,FL,1605,1551.0,-14.0,13.0,1604.0,181,167.0,146.0,1107,1730.0,8.0,1806,1738.0,-28.0,0,0,,,,2015-1-5,American Airlines Inc.
Houston,TX,McAllen,TX,900,857.0,-3.0,19.0,916.0,75,80.0,56.0,316,1012.0,5.0,1015,1017.0,2.0,0,0,,,,2015-6-13,Atlantic Southeast Airlines
St Louis,MO,Chicago,IL,2015,2051.0,36.0,8.0,2059.0,80,61.0,41.0,251,2140.0,12.0,2135,2152.0,17.0,0,0,0.0,0.0,0.0,2015-6-18,Southwest Airlines Co.
Baltimore,MD,Orlando,FL,1620,1619.0,-1.0,11.0,1630.0,140,132.0,112.0,787,1822.0,9.0,1840,1831.0,-9.0,0,0,,,,2015-9-29,Southwest Airlines Co.
Los Angeles,CA,Oakland,CA,1150,1150.0,0.0,7.0,1157.0,75,72.0,61.0,337,1258.0,4.0,1305,1302.0,-3.0,0,0,,,,2015-2-8,Southwest Airlines Co.
Phoenix,AZ,San Jose,CA,2110,2110.0,0.0,13.0,2123.0,105,109.0,91.0,621,2254.0,5.0,2255,2259.0,4.0,0,0,,,,2015-6-4,Southwest Airlines Co.
Charlotte,NC,Chicago,IL,650,651.0,1.0,11.0,702.0,125,,,599,,,755,,,1,0,,,,2015-8-9,Atlantic Southeast Airlines
Tyler,TX,Dallas-Fort Worth,TX,524,514.0,-10.0,6.0,520.0,61,42.0,28.0,102,548.0,8.0,625,556.0,-29.0,0,0,,,,2015-12-14,Atlantic Southeast Airlines
Los Angeles,CA,Tucson,AZ,800,756.0,-4.0,10.0,806.0,75,72.0,59.0,451,1005.0,3.0,1015,1008.0,-7.0,0,0,,,,2015-2-26,Southwest Airlines Co.
Aspen,CO,San Francisco,CA,1854,1937.0,43.0,22.0,1959.0,144,140.0,112.0,848,2051.0,6.0,2018,2057.0,39.0,0,0,0.0,0.0,0.0,2015-12-28,Skywest Airlines Inc.
Arlington,VA,Tampa,FL,1100,1057.0,-3.0,8.0,1105.0,150,133.0,120.0,814,1305.0,5.0,1330,1310.0,-20.0,0,0,,,,2015-3-14,Southwest Airlines Co.
Covington,KY,Salt Lake City,UT,830,826.0,-4.0,9.0,835.0,223,213.0,192.0,1450,947.0,12.0,1013,959.0,-14.0,0,0,,,,2015-9-22,Delta Air Lines Inc.
Salt Lake City,UT,Ontario,CA,1700,1656.0,-4.0,18.0,1714.0,104,106.0,85.0,558,1739.0,3.0,1744,1742.0,-2.0,0,0,,,,2015-11-27,Delta Air Lines Inc.
Nashville,TN,New Orleans,LA,755,750.0,-5.0,11.0,801.0,95,87.0,69.0,471,910.0,7.0,930,917.0,-13.0,0,0,,,,2015-3-23,Southwest Airlines Co.
Sacramento,CA,Santa Ana,CA,1310,1327.0,17.0,9.0,1336.0,80,82.0,69.0,404,1445.0,4.0,1430,1449.0,19.0,0,0,2.0,0.0,0.0,2015-1-20,Southwest Airlines Co.
Minneapolis,MN,Boise,ID,2145,2142.0,-3.0,14.0,2156.0,188,178.0,161.0,1142,2337.0,3.0,2353,2340.0,-13.0,0,0,,,,2015-11-11,Delta Air Lines Inc.
Grand Rapids,MI,Baltimore,MD,735,728.0,-7.0,17.0,745.0,100,101.0,79.0,528,904.0,5.0,915,909.0,-6.0,0,0,,,,2015-9-5,Southwest Airlines Co.
Portland,OR,Denver,CO,1110,1108.0,-2.0,11.0,1119.0,140,136.0,115.0,991,1414.0,10.0,1430,1424.0,-6.0,0,0,,,,2015-11-18,Southwest Airlines Co.
Atlanta,GA,Covington,KY,2205,2204.0,-1.0,12.0,2216.0,87,77.0,59.0,373,2315.0,6.0,2332,2321.0,-11.0,0,0,,,,2015-11-23,Delta Air Lines Inc.
Las Vegas,NV,Detroit,MI,2327,6.0,39.0,13.0,19.0,234,207.0,187.0,1749,626.0,7.0,621,633.0,12.0,0,0,,,,2015-7-18,Delta Air Lines Inc.
Houston,TX,Pensacola,FL,1304,1301.0,-3.0,17.0,1318.0,87,91.0,68.0,489,1426.0,6.0,1431,1432.0,1.0,0,0,,,,2015-3-16,Atlantic Southeast Airlines
San Diego,CA,Los Angeles,CA,2014,2005.0,-9.0,11.0,2016.0,46,40.0,24.0,109,2040.0,5.0,2100,2045.0,-15.0,0,0,,,,2015-5-13,Skywest Airlines Inc.
Minneapolis,MN,Sioux Falls,SD,1353,1349.0,-4.0,15.0,1404.0,63,59.0,40.0,196,1444.0,4.0,1456,1448.0,-8.0,0,0,,,,2015-4-19,Atlantic Southeast Airlines
Detroit,MI,Raleigh,NC,1010,1036.0,26.0,12.0,1048.0,103,86.0,69.0,501,1157.0,5.0,1153,1202.0,9.0,0,0,,,,2015-4-23,Delta Air Lines Inc.
Atlanta,GA,Santa Ana,CA,955,955.0,0.0,26.0,1021.0,290,284.0,249.0,1919,1130.0,9.0,1145,1139.0,-6.0,0,0,,,,2015-5-13,Delta Air Lines Inc.
Chicago,IL,Kansas City,MO,1233,1232.0,-1.0,23.0,1255.0,94,93.0,63.0,403,1358.0,7.0,1407,1405.0,-2.0,0,0,,,,2015-7-19,Skywest Airlines Inc.
Indianapolis,IN,Ft. Myers,FL,725,723.0,-2.0,34.0,757.0,160,168.0,130.0,945,1007.0,4.0,1005,1011.0,6.0,0,0,,,,2015-2-2,Southwest Airlines Co.
Arlington,VA,Chicago,IL,745,737.0,-8.0,9.0,746.0,120,104.0,92.0,612,818.0,3.0,845,821.0,-24.0,0,0,,,,2015-7-20,United Air Lines Inc.
Salt Lake City,UT,Sacramento,CA,2155,2152.0,-3.0,12.0,2204.0,101,98.0,77.0,532,2221.0,9.0,2236,2230.0,-6.0,0,0,,,,2015-8-12,Delta Air Lines Inc.
Salt Lake City,UT,Eugene,OR,1105,1055.0,-10.0,22.0,1117.0,119,117.0,91.0,618,1148.0,4.0,1204,1152.0,-12.0,0,0,,,,2015-8-4,Skywest Airlines Inc.
San Diego,CA,Los Angeles,CA,900,857.0,-3.0,17.0,914.0,48,50.0,26.0,109,940.0,7.0,948,947.0,-1.0,0,0,,,,2015-4-24,Skywest Airlines Inc.
Kansas City,MO,Atlanta,GA,1825,1816.0,-9.0,13.0,1829.0,120,125.0,97.0,692,2106.0,15.0,2125,2121.0,-4.0,0,0,,,,2015-9-14,Southwest Airlines Co.
Chantilly,VA,Miami,FL,715,707.0,-8.0,15.0,722.0,161,163.0,130.0,921,932.0,18.0,956,950.0,-6.0,0,0,,,,2015-5-13,American Airlines Inc.
New York,NY,Cleveland,OH,1308,1303.0,-5.0,42.0,1345.0,114,118.0,69.0,419,1454.0,7.0,1502,1501.0,-1.0,0,0,,,,2015-1-26,Atlantic Southeast Airlines
Baltimore,MD,Kansas City,MO,2015,2015.0,0.0,16.0,2031.0,165,158.0,137.0,967,2148.0,5.0,2200,2153.0,-7.0,0,0,,,,2015-9-9,Southwest Airlines Co.
San Francisco,CA,Sacramento,CA,1040,1035.0,-5.0,29.0,1104.0,51,56.0,23.0,86,1127.0,4.0,1131,1131.0,0.0,0,0,,,,2015-7-26,Skywest Airlines Inc.
Las Vegas,NV,Phoenix,AZ,1705,1717.0,12.0,12.0,1729.0,75,59.0,41.0,255,1810.0,6.0,1820,1816.0,-4.0,0,0,,,,2015-8-22,Southwest Airlines Co.
Baltimore,MD,Salt Lake City,UT,935,932.0,-3.0,15.0,947.0,305,285.0,267.0,1865,1214.0,3.0,1240,1217.0,-23.0,0,0,,,,2015-2-28,Southwest Airlines Co.
Denver,CO,Los Angeles,CA,800,1025.0,145.0,17.0,1042.0,149,133.0,110.0,862,1132.0,6.0,929,1138.0,129.0,0,0,0.0,0.0,0.0,2015-6-18,United Air Lines Inc.
Atlanta,GA,Ft. Lauderdale,FL,1815,1815.0,0.0,11.0,1826.0,116,103.0,81.0,581,1947.0,11.0,2011,1958.0,-13.0,0,0,,,,2015-8-12,Delta Air Lines Inc.
San Francisco,CA,Seattle,WA,2253,2250.0,-3.0,15.0,2305.0,125,109.0,88.0,679,33.0,6.0,58,39.0,-19.0,0,0,,,,2015-7-5,United Air Lines Inc.
Nashville,TN,Atlanta,GA,640,638.0,-2.0,28.0,706.0,72,75.0,37.0,214,843.0,10.0,852,853.0,1.0,0,0,,,,2015-4-24,Delta Air Lines Inc.
Las Vegas,NV,San Jose,CA,755,759.0,4.0,14.0,813.0,85,76.0,59.0,386,912.0,3.0,920,915.0,-5.0,0,0,,,,2015-1-5,Southwest Airlines Co.
Denver,CO,Gillette,WY,1910,1905.0,-5.0,11.0,1916.0,100,83.0,70.0,313,2026.0,2.0,2050,2028.0,-22.0,0,0,,,,2015-1-20,Skywest Airlines Inc.
Arlington,VA,Dallas-Fort Worth,TX,715,712.0,-3.0,15.0,727.0,209,219.0,190.0,1192,937.0,14.0,944,951.0,7.0,0,0,,,,2015-4-22,American Airlines Inc.
Little Rock,AR,Atlanta,GA,1520,1525.0,5.0,16.0,1541.0,100,89.0,62.0,453,1743.0,11.0,1800,1754.0,-6.0,0,0,,,,2015-12-1,Delta Air Lines Inc.
Chicago,IL,Las Vegas,NV,1705,1804.0,59.0,18.0,1822.0,245,233.0,208.0,1514,1950.0,7.0,1910,1957.0,47.0,0,0,0.0,0.0,0.0,2015-9-19,American Airlines Inc.
Minneapolis,MN,Portland,OR,1745,1755.0,10.0,47.0,1842.0,237,247.0,194.0,1426,1956.0,6.0,1942,2002.0,20.0,0,0,10.0,0.0,0.0,2015-2-10,Delta Air Lines Inc.
Denver,CO,Fargo,ND,1940,2009.0,29.0,16.0,2025.0,113,112.0,90.0,627,2255.0,6.0,2233,2301.0,28.0,0,0,0.0,0.0,0.0,2015-1-5,Atlantic Southeast Airlines
Phoenix,AZ,Ontario,CA,1945,2024.0,39.0,17.0,2041.0,70,81.0,57.0,325,2138.0,7.0,2055,2145.0,50.0,0,0,11.0,1.0,0.0,2015-8-1,American Airlines Inc.
Kahului,HI,San Francisco,CA,2310,2315.0,5.0,9.0,2324.0,303,291.0,276.0,2338,600.0,6.0,613,606.0,-7.0,0,0,,,,2015-12-24,United Air Lines Inc.
Los Angeles,CA,Kansas City,MO,845,845.0,0.0,9.0,854.0,190,172.0,158.0,1363,1332.0,5.0,1355,1337.0,-18.0,0,0,,,,2015-11-6,Southwest Airlines Co.
Seattle,WA,Oakland,CA,1300,1303.0,3.0,22.0,1325.0,125,120.0,92.0,672,1457.0,6.0,1505,1503.0,-2.0,0,0,,,,2015-8-30,Southwest Airlines Co.
San Juan,PR,Atlanta,GA,825,825.0,0.0,30.0,855.0,235,254.0,212.0,1547,1127.0,12.0,1120,1139.0,19.0,0,0,19.0,0.0,0.0,2015-11-18,Delta Air Lines Inc.
Mobile,AL,Atlanta,GA,610,611.0,1.0,10.0,621.0,72,67.0,49.0,302,810.0,8.0,822,818.0,-4.0,0,0,,,,2015-5-8,Delta Air Lines Inc.
Denver,CO,Indianapolis,IN,1550,1546.0,-4.0,10.0,1556.0,140,134.0,117.0,977,1953.0,7.0,2010,2000.0,-10.0,0,0,,,,2015-8-28,Southwest Airlines Co.
Nashville,TN,Jacksonville,FL,1900,1854.0,-6.0,10.0,1904.0,85,79.0,65.0,483,2109.0,4.0,2125,2113.0,-12.0,0,0,,,,2015-4-20,Southwest Airlines Co.
Santa Barbara,CA,Denver,CO,805,804.0,-1.0,3.0,807.0,154,140.0,132.0,916,1119.0,5.0,1139,1124.0,-15.0,0,0,,,,2015-1-12,Skywest Airlines Inc.
Miami,FL,Arlington,VA,1410,1407.0,-3.0,10.0,1417.0,153,164.0,142.0,919,1639.0,12.0,1643,1651.0,8.0,0,0,,,,2015-7-8,American Airlines Inc.
Chicago,IL,Denver,CO,844,928.0,44.0,20.0,948.0,161,153.0,122.0,888,1050.0,11.0,1025,1101.0,36.0,0,0,36.0,0.0,0.0,2015-11-17,United Air Lines Inc.
Houston,TX,McAllen,TX,1430,1425.0,-5.0,15.0,1440.0,76,73.0,54.0,316,1534.0,4.0,1546,1538.0,-8.0,0,0,,,,2015-5-2,Skywest Airlines Inc.
Denver,CO,Hays,KS,1000,950.0,-10.0,21.0,1011.0,78,71.0,45.0,298,1156.0,5.0,1218,1201.0,-17.0,0,0,,,,2015-6-6,Skywest Airlines Inc.
Boston,MA,Newark,NJ,755,756.0,1.0,10.0,806.0,84,69.0,53.0,200,859.0,6.0,919,905.0,-14.0,0,0,,,,2015-11-30,United Air Lines Inc.
Las Vegas,NV,New Orleans,LA,750,746.0,-4.0,15.0,801.0,205,200.0,182.0,1500,1303.0,3.0,1315,1306.0,-9.0,0,0,,,,2015-7-27,Southwest Airlines Co.
Rhinelander,WI,Iron Mountain/Kingsford,MI,2123,2107.0,-16.0,12.0,2119.0,37,33.0,16.0,67,2135.0,5.0,2200,2140.0,-20.0,0,0,,,,2015-9-7,Skywest Airlines Inc.
